,razonSocial,nomComuna,place,direccion,idCust,weekday,serviceTime,COD,Name,penalty,p,p05,p10,p15,p20,p25,p50,p100,#cliente,day,place,penalty,service
1,A.F.P. PROVIDA S.A.,Providencia,2,P. DE VALDIVIA 100 PISO 5,191,3,60,PR,191_PR_3,28800,21600,18337,13706,10752,10352,4976,490,185,191_PR_3,3,2,18337,60
2,A.F.P. PROVIDA S.A.,Providencia,2,PEDRO DE VALDIVIA 100  PISO 3,101,2,60,PR,101_PR_2,28800,21600,18337,13706,10752,10352,4976,490,185,101_PR_2,2,2,18337,60
3,A.F.P. SANTA MARIA S.A.,Providencia,2,SUECIA  211  P. 13,1,1,90,PR,1_PR_1,28800,21600,18948,14703,14257,10699,5440,554,476,1_PR_1,1,2,18948,90
4,A.F.P. SUMMA-BANSANDER S.A.,Santiago,1,AGUSTINAS 540 PISO 3,341,5,70,SA,341_SA_5,28800,21600,19212,16078,15167,10723,8023,591,632,341_SA_5,5,1,19212,70
5,ABASTIBLE SA,Santiago,1,VICU—A MACKENNA 55 OF.303,102,2,120,SA,102_SA_2,28800,21600,19383,16340,15289,10838,10125,648,888,102_SA_2,2,1,19383,120
6,ACTION LINE CHILE S.A.,Santiago,1,MAC IVER 440 PISO 6,2,1,90,SA,2_SA_1,28800,21600,19530,16413,15367,11344,10368,893,902,2_SA_1,1,1,19530,90
7,ADMINISTRADORA CMR FALABELLA LTDA,Santiago,1,STA ELENA 1422,103,2,120,SA,103_SA_2,28800,21600,19540,16788,15695,12568,10416,1280,1179,103_SA_2,2,1,19540,120
8,AES GENER S.A.,Las Condes,3,SANCHEZ FONTECILLA 310 P 3,104,2,120,LC,104_LC_2,28800,21600,19564,17324,15877,13509,10642,1533,1256,104_LC_2,2,3,19564,120
9,AG. DE ADUANA R. FUENZALIDA Y CIA. LTDA.,Providencia,2,LA CONCEPCION 322 PISO 5 OF.504,271,4,60,PR,271_PR_4,28800,21600,19693,17377,15927,14013,10722,1744,1268,271_PR_4,4,2,19693,60
10,AHK BUSINESS CENTER,Las Condes,3,BOSQUE NORTE 0440 OF.601 (1-2-5),105,2,200,LC,105_LC_2,28800,21600,19725,17458,15948,14071,10862,2303,1650,105_LC_2,2,3,19725,200
11,ALGAS MARINAS S.A. ALGAMAR,Providencia,2,FIDEL OTEIZA 1956  P 14,342,5,60,PR,342_PR_5,28800,21600,19731,17516,16197,14276,11153,2374,1788,342_PR_5,5,2,19731,60
12,ALIMENTOS MARINOS S.A.,Providencia,2,MAR DEL PLATA 2111,192,3,130,PR,192_PR_3,28800,21600,19734,17589,16483,14339,11219,2705,1974,192_PR_3,3,2,19734,130
13,ALIMENTOS MULTIEXPORT S.A.,Las Condes,3,ISIDORA GOYENECHEA  3621  P 17 TORRE B,193,3,70,LC,193_LC_3,28800,21600,19885,17686,16743,14354,11435,2983,1979,193_LC_3,3,3,19885,70
14,ALMACENES PARIS COMERCIAL S.A.,Las Condes,3,AV KENNEDY 5225 P 4 PQUE ARAUC,272,4,130,LC,272_LC_4,28800,21600,19886,17706,16755,14458,11651,3179,2404,272_LC_4,4,3,19886,130
15,AMCHAM CHILE,Las Condes,3,AV. KENNEDY 5735 OF.201 TORRE PONIENTE,273,4,90,LC,273_LC_4,28800,21600,19890,17777,16809,14461,11677,3401,2424,273_LC_4,4,3,19890,90
16,ARAUCO SALUD S.A.,Las Condes,3,KENNEDY 5757 TORRE ORIENTE OF-702,343,5,45,LC,343_LC_5,28800,21600,19905,17826,16864,14465,12345,3456,3202,343_LC_5,5,3,19905,45
17,ARAWAK S.A. SERVICIOS PERSONALES,Santiago,1,PORVENIR 464,274,4,60,SA,274_SA_4,28800,21600,19908,17906,16866,15024,12805,3672,3248,274_SA_4,4,1,19908,60
18,ARTEL S.A.I.C.,Santiago,1,MATIAS COUSI—O 54 PISO 2,3,1,75,SA,3_SA_1,28800,21600,19988,17914,16950,15345,12876,3981,3355,3_SA_1,1,1,19988,75
19,ASEA BROWN BOVERI S.A.,—uÒoa,5,VICU—A MACKENNA 1602 RECEPCION.,106,2,75,NU,106_NU_2,28800,21600,19988,17999,17031,15405,12902,4123,3362,106_NU_2,2,5,19988,75
20,ASESORES EN VIAJE S.A.,Providencia,2,Las Bellotas # 225,107,2,30,PR,107_PR_2,28800,21600,19996,18024,17078,15552,12936,4480,3675,107_PR_2,2,2,19996,30
21,ASOC.FUNC.MUNICIP.DE LAS CONDES,Las Condes,3,APOQUINDO 3076 SUBTERRANEO,344,5,120,LC,344_LC_5,28800,21600,20045,18034,17106,15554,13124,4515,3873,344_LC_5,5,3,20045,120
22,ASOC.FUNC.MUNICIP.DE LAS CONDES,Las Condes,3,AV. APOQUINDO 3076 INTERIOR  SUBTE,108,2,10,LC,108_LC_2,28800,21600,20045,18034,17106,15554,13124,4515,3873,108_LC_2,2,3,20045,10
23,ASOCIADOS UNDURRAGA IMPRESORES LTDA.,Santiago,1,ANDES 3561,345,5,150,SA,345_SA_5,28800,21600,20073,18051,17109,15577,13185,4926,4275,345_SA_5,5,1,20073,150
24,AUTOMOVIL CLUB DE CHILE,Providencia,2,ANDRES BELLO 1863 PISO 2,194,3,20,PR,194_PR_3,28800,21600,20148,18093,17155,15844,13515,5283,4566,194_PR_3,3,2,20148,20
25,BAEZA Y COMPA—IA LTDA.,Las Condes,3,APOQUINDO 3001 PISO 12 OFIC. 1203,4,1,120,LC,4_LC_1,28800,21600,20177,18174,17188,15991,13752,5806,4890,4_LC_1,1,3,20177,120
26,BANCO CONOSUR,Santiago,1,ALAMEDA 1980 P.4,195,3,150,SA,195_SA_3,28800,21600,20181,18443,17288,16082,14109,6011,5145,195_SA_3,3,1,20181,150
27,BANCO DE CHILE,Santiago,1,AGUSTINAS 733 PISO 1 BCA.ORIVADA,5,1,90,SA,5_SA_1,28800,21600,20191,18498,17476,16150,14171,6095,5193,5_SA_1,1,1,20191,90
28,BANCO DE CHILE,Santiago,1,"AGUSTINAS 951, P. 5 SALA PROC.",197,3,120,SA,197_SA_3,28800,21600,20191,18498,17476,16150,14171,6095,5193,197_SA_3,3,1,20191,120
29,BANCO DE CHILE,Las Condes,3,LAS CONDES 10247 OF ESTORIL EDUARD,346,5,70,LC,346_LC_5,28800,21600,20191,18498,17476,16150,14171,6095,5193,346_LC_5,5,3,20191,70
30,BANCO DE CHILE,Santiago,1,HUERFANOS 980 P.2 COMERCIO EXTERIOR-3,199,3,80,SA,199_SA_3,28800,21600,20191,18498,17476,16150,14171,6095,5193,199_SA_3,3,1,20191,80
31,BANCO DE CHILE,Providencia,2,PROVIDENCIA 2178 ( STA. ISABEL ),196,3,45,PR,196_PR_3,28800,21600,20191,18498,17476,16150,14171,6095,5193,196_PR_3,3,2,20191,45
32,BANCO DE CHILE,Santiago,1,ESTADO 387 P.2,198,3,60,SA,198_SA_3,28800,21600,20191,18498,17476,16150,14171,6095,5193,198_SA_3,3,1,20191,60
33,BANCO DE CREDITO E INVERSIONES,Santiago,1,BANDERA 236 19-A PISO 3 CC.12282,6,1,30,SA,6_SA_1,28800,21600,20240,18582,17555,16303,14272,6387,5926,6_SA_1,1,1,20240,30
34,BANCO DE CREDITO E INVERSIONES,Santiago,1,SAN DIEGO 2043,200,3,60,SA,200_SA_3,28800,21600,20240,18582,17555,16303,14272,6387,5926,200_SA_3,3,1,20240,60
35,BANCO DE CREDITO E INVERSIONES,Las Condes,3,APOQUINDO 5710,201,3,270,LC,201_LC_3,28800,21600,20240,18582,17555,16303,14272,6387,5926,201_LC_3,3,3,20240,270
36,BANCO DEL DESARROLLO,Santiago,1,ALAMEDA 929 P5,347,5,20,SA,347_SA_5,28800,21600,20303,18585,17624,16491,14411,6682,6077,347_SA_5,5,1,20303,20
37,BANCO DEL ESTADO DE CHILE,Santiago,1,ALAMEDA 1111 P 8 SUBGCIA REGULARIZ.CRED.,7,1,290,SA,7_SA_1,28800,21600,20347,18642,17625,16509,14895,6782,6215,7_SA_1,1,1,20347,290
38,BANCO DEL ESTADO DE CHILE,Santiago,1,ALAMEDA 1111 P.3 COMERCIO EXT,202,3,180,SA,202_SA_3,28800,21600,20347,18642,17625,16509,14895,6782,6215,202_SA_3,3,1,20347,180
39,BANCO DEL ESTADO DE CHILE,Santiago,1,HUERFANOS 1202 P.3 OF.310,8,1,60,SA,8_SA_1,28800,21600,20347,18642,17625,16509,14895,6782,6215,8_SA_1,1,1,20347,60
40,BANCO DEL ESTADO DE CHILE,Santiago,1,MORANDE 25 PISO 3,110,2,120,SA,110_SA_2,28800,21600,20347,18642,17625,16509,14895,6782,6215,110_SA_2,2,1,20347,120
41,BANCO DEL ESTADO DE CHILE,Santiago,1,ALAMEDA 1111 P.6 GCIA. GRAL.FINANZAS,111,2,120,SA,111_SA_2,28800,21600,20347,18642,17625,16509,14895,6782,6215,111_SA_2,2,1,20347,120
42,BANCO DEL ESTADO DE CHILE,Santiago,1,NUEVA YORK 33 P 17,112,2,60,SA,112_SA_2,28800,21600,20347,18642,17625,16509,14895,6782,6215,112_SA_2,2,1,20347,60
43,BANCO DEL ESTADO DE CHILE,Santiago,1,BANDERA 861   1P,109,2,110,SA,109_SA_2,28800,21600,20347,18642,17625,16509,14895,6782,6215,109_SA_2,2,1,20347,110
44,BANCO DEL ESTADO DE CHILE,Santiago,1,ALAMEDA 1111 P 3 COMERCIO EXTE,114,2,60,SA,114_SA_2,28800,21600,20347,18642,17625,16509,14895,6782,6215,114_SA_2,2,1,20347,60
45,BANCO DEL ESTADO DE CHILE,Santiago,1,MORANDE 25 FISCALIA P.5 OF 503,113,2,60,SA,113_SA_2,28800,21600,20347,18642,17625,16509,14895,6782,6215,113_SA_2,2,1,20347,60
46,BANCO DEL ESTADO DE CHILE,Santiago,1,ALAMEDA 1111 P.2 MODULO 6,203,3,45,SA,203_SA_3,28800,21600,20347,18642,17625,16509,14895,6782,6215,203_SA_3,3,1,20347,45
47,BANCO IND.Y DE COMERCIO EXTERIOR,Providencia,2,ISIDORA GOYENECHEA 3132 P 1,115,2,90,PR,115_PR_2,28800,21600,20352,18650,17681,16607,15037,7353,6283,115_PR_2,2,2,20352,90
48,BANCO INTERNACIONAL,Santiago,1,MONEDA 818 P.4 CENTRO COPIADO,348,5,60,SA,348_SA_5,28800,21600,20374,18663,17732,16675,15212,7408,6318,348_SA_5,5,1,20374,60
49,BANCO INTERNACIONAL,Santiago,1,MONEDA 818 PISO 2 GCIA GRAL.,349,5,15,SA,349_SA_5,28800,21600,20374,18663,17732,16675,15212,7408,6318,349_SA_5,5,1,20374,15
50,BANCO SANTANDER CHILE,Santiago,1,MONEDA 975  PISO 5,9,1,360,SA,9_SA_1,28800,21600,20384,18679,17769,16678,15227,7807,6478,9_SA_1,1,1,20384,360
51,BANCO SANTANDER CHILE,Santiago,1,AGUSTINAS 920 P.4,10,1,60,SA,10_SA_1,28800,21600,20384,18679,17769,16678,15227,7807,6478,10_SA_1,1,1,20384,60
52,BANCO SANTANDER CHILE,Santiago,1,MATIAS COUSI?O 199 P-9,13,1,60,SA,13_SA_1,28800,21600,20384,18679,17769,16678,15227,7807,6478,13_SA_1,1,1,20384,60
53,BANCO SANTANDER CHILE,Santiago,1,BANDERA 140 P.2,14,1,90,SA,14_SA_1,28800,21600,20384,18679,17769,16678,15227,7807,6478,14_SA_1,1,1,20384,90
54,BANCO SANTANDER CHILE,Santiago,1,MONEDA 971 PISO 1 DPTO SOLUCIONES,350,5,180,SA,350_SA_5,28800,21600,20384,18679,17769,16678,15227,7807,6478,350_SA_5,5,1,20384,180
55,BANCO SANTANDER CHILE,Santiago,1,AGUSTINAS 1389 P.2,12,1,75,SA,12_SA_1,28800,21600,20384,18679,17769,16678,15227,7807,6478,12_SA_1,1,1,20384,75
56,BANCO SANTANDER CHILE,Santiago,1,IRENE MORALES 10 PLAZA ITALIA,204,3,80,SA,204_SA_3,28800,21600,20384,18679,17769,16678,15227,7807,6478,204_SA_3,3,1,20384,80
57,BANCO SANTANDER CHILE,Santiago,1,BANDERA 206 P 8,205,3,60,SA,205_SA_3,28800,21600,20384,18679,17769,16678,15227,7807,6478,205_SA_3,3,1,20384,60
58,BANCO SANTANDER CHILE,Providencia,2,AV FCO BILBAO 2082 SUBT,352,5,70,PR,352_PR_5,28800,21600,20384,18679,17769,16678,15227,7807,6478,352_PR_5,5,2,20384,70
59,BANCO SANTANDER CHILE,Santiago,1,AHUMADA 170  1ER SUBTE.,11,1,120,SA,11_SA_1,28800,21600,20384,18679,17769,16678,15227,7807,6478,11_SA_1,1,1,20384,120
60,BANCO SANTANDER CHILE,Santiago,1,HUERFANOS 1157,275,4,90,SA,275_SA_4,28800,21600,20384,18679,17769,16678,15227,7807,6478,275_SA_4,4,1,20384,90
61,BANCO SANTANDER CHILE,Santiago,1,HUERFANOS 1269,276,4,60,SA,276_SA_4,28800,21600,20384,18679,17769,16678,15227,7807,6478,276_SA_4,4,1,20384,60
62,BANCO SANTANDER CHILE,Santiago,1,CURICO 38 PISO 2.,277,4,120,SA,277_SA_4,28800,21600,20384,18679,17769,16678,15227,7807,6478,277_SA_4,4,1,20384,120
63,BANCO SANTANDER CHILE,Santiago,1,HUERFANOS 1081,120,2,55,SA,120_SA_2,28800,21600,20384,18679,17769,16678,15227,7807,6478,120_SA_2,2,1,20384,55
64,BANCO SANTANDER CHILE,Santiago,1,MONEDA 975 P5,279,4,300,SA,279_SA_4,28800,21600,20384,18679,17769,16678,15227,7807,6478,279_SA_4,4,1,20384,300
65,BANCO SANTANDER CHILE,—uÒoa,5,IRARRAZAVAL 2709 PISO1 INTERIO,280,4,60,NU,280_NU_4,28800,21600,20384,18679,17769,16678,15227,7807,6478,280_NU_4,4,5,20384,60
66,BANCO SANTANDER CHILE,Santiago,1,AHUMADA 52 SUBTERRANEO,119,2,60,SA,119_SA_2,28800,21600,20384,18679,17769,16678,15227,7807,6478,119_SA_2,2,1,20384,60
67,BANCO SANTANDER CHILE,Santiago,1,AGUSTINAS 920 P.2,124,2,30,SA,124_SA_2,28800,21600,20384,18679,17769,16678,15227,7807,6478,124_SA_2,2,1,20384,30
68,BANCO SANTANDER CHILE,Las Condes,3,EL RODEO 12850 LOCAL 33,121,2,45,LC,121_LC_2,28800,21600,20384,18679,17769,16678,15227,7807,6478,121_LC_2,2,3,20384,45
69,BANCO SANTANDER CHILE,Santiago,1,AHUMADA 170 PISO 3,122,2,50,SA,122_SA_2,28800,21600,20384,18679,17769,16678,15227,7807,6478,122_SA_2,2,1,20384,50
70,BANCO SANTANDER CHILE,Santiago,1,BANDERA 172 (12) PISO 5,351,5,60,SA,351_SA_5,28800,21600,20384,18679,17769,16678,15227,7807,6478,351_SA_5,5,1,20384,60
71,BANCO SANTANDER CHILE,Santiago,1,ALAMEDA 1449 P.6,118,2,120,SA,118_SA_2,28800,21600,20384,18679,17769,16678,15227,7807,6478,118_SA_2,2,1,20384,120
72,BANCO SANTANDER CHILE,Providencia,2,AV. PROVIDENCIA 2051,278,4,150,PR,278_PR_4,28800,21600,20384,18679,17769,16678,15227,7807,6478,278_PR_4,4,2,20384,150
73,BANCO SANTANDER CHILE,Santiago,1,AGUSTINAS 1025 P 4,116,2,60,SA,116_SA_2,28800,21600,20384,18679,17769,16678,15227,7807,6478,116_SA_2,2,1,20384,60
74,BANCO SANTANDER CHILE,Santiago,1,Agustinas 1025 piso 5 Crillon,117,2,140,SA,117_SA_2,28800,21600,20384,18679,17769,16678,15227,7807,6478,117_SA_2,2,1,20384,140
75,BANCO SANTANDER CHILE,Santiago,1,BANDERA 140 P 18 ADMISION DE R,123,2,50,SA,123_SA_2,28800,21600,20384,18679,17769,16678,15227,7807,6478,123_SA_2,2,1,20384,50
76,BANCOESTADO CORREDORES DE SEGUROS LTDA.,Santiago,1,MONEDA 1140 PISO 2,15,1,240,SA,15_SA_1,28800,21600,20395,18773,18025,16885,15232,7880,6738,15_SA_1,1,1,20395,240
77,"BANKBOSTON, N.A.",Santiago,1,NVA.YORK 33 ..SUCURSAL,125,2,60,SA,125_SA_2,28800,21600,20413,18856,18278,17001,15529,8073,6989,125_SA_2,2,1,20413,60
78,"BANKBOSTON, N.A.",Providencia,2,ENRIQUE FOSTER SUR 20..P-6,281,4,70,PR,281_PR_4,28800,21600,20413,18856,18278,17001,15529,8073,6989,281_PR_4,4,2,20413,70
79,BAYERISCHE HAUSBAN INMOBILIARIA LTDA.,Las Condes,3,AV APOQUINDO 3721 PISO 21,282,4,90,LC,282_LC_4,28800,21600,20439,18926,18477,17024,15746,8075,6993,282_LC_4,4,3,20439,90
80,BELLSOUTH INVERSIONES S.A.,Providencia,2,MANUEL MONTT 1404 PISO 3.,127,2,80,PR,127_PR_2,28800,21600,20442,18930,18480,17281,15755,8343,7107,127_PR_2,2,2,20442,80
81,BELLSOUTH INVERSIONES S.A.,Providencia,2,MANUEL MONTT 1404 PISO 4,206,3,35,PR,206_PR_3,28800,21600,20442,18930,18480,17281,15755,8343,7107,206_PR_3,3,2,20442,35
82,BELLSOUTH INVERSIONES S.A.,Providencia,2,MANUEL MONTT 1404 PISO 4,126,2,180,PR,126_PR_2,28800,21600,20442,18930,18480,17281,15755,8343,7107,126_PR_2,2,2,20442,180
83,BESTPHARMA S.A,Santiago,1,ERASMO ESCALA 1875 PISO 2,353,5,5,SA,353_SA_5,28800,21600,20461,18968,18646,17329,15930,8468,7428,353_SA_5,5,1,20461,5
84,BIOMET CHILE S.A.,Providencia,2,POCURO 2255,354,5,30,PR,354_PR_5,28800,21600,20475,19022,18871,17517,15958,8998,7519,354_PR_5,5,2,20475,30
85,BOLSA DE C.DE STGO.BOLSA DE VAL.,Santiago,1,LA BOLSA 64 P.1,16,1,110,SA,16_SA_1,28800,21600,20498,19061,18909,17601,15997,9554,8063,16_SA_1,1,1,20498,110
86,BOLSA DE C.DE STGO.BOLSA DE VAL.,Santiago,1,LA BOLSA 64 P.3 OF.227 SERVICIOS,207,3,50,SA,207_SA_3,28800,21600,20498,19061,18909,17601,15997,9554,8063,207_SA_3,3,1,20498,50
87,C.M.P.C. PAPELES S.A.,Santiago,1,AGUSTINAS 1357 ENTREPISO,128,2,120,SA,128_SA_2,28800,21600,20518,19119,18965,17667,16242,9640,8132,128_SA_2,2,1,20518,120
88,CADE IDP.SERV.DE INGENIERIA LTDA,—uÒoa,5,VILLASECA 21 PISO 8,17,1,180,NU,17_NU_1,28800,21600,20559,19120,18976,17721,16319,9816,8172,17_NU_1,1,5,20559,180
89,CADE IDP.SERV.DE INGENIERIA LTDA,—uÒoa,5,JOSE DOMINGO CA—AS 2640,129,2,120,NU,129_NU_2,28800,21600,20559,19120,18976,17721,16319,9816,8172,129_NU_2,2,5,20559,120
90,CAJA DE C.A.F.GABRIELA MISTRAL,Santiago,1,AV. VICU—A MACKENNA 165 UNIDAD SUBSIDIOS,283,4,180,SA,283_SA_4,28800,21600,20572,19183,18979,17736,16456,10684,8466,283_SA_4,4,1,20572,180
91,CAJA DE COMPENSAC.DE LOS ANDES,Las Condes,3,ROSARIO SUR 85,355,5,150,LC,355_LC_5,28800,21600,20587,19236,19038,17741,16720,11018,8837,355_LC_5,5,3,20587,150
92,CAJA DE COMPENSAC.DE LOS ANDES,Santiago,1,HUERFANOS 1133 PISO 2,130,2,90,SA,130_SA_2,28800,21600,20587,19236,19038,17741,16720,11018,8837,130_SA_2,2,1,20587,90
93,CAMARA DE COMERCIO DE SANTIAGO,Santiago,1,MONJITAS 392 PISO 3,356,5,150,SA,356_SA_5,28800,21600,20613,19245,19149,17772,16769,11169,8913,356_SA_5,5,1,20613,150
94,CAMPVS MATER S.A.,Providencia,2,AV. PROVIDENCIA 1760 P.14,131,2,215,PR,131_PR_2,28800,21600,20635,19316,19188,17838,17060,11223,9126,131_PR_2,2,2,20635,215
95,CARABINEROS DE CHILE,Santiago,1,AMUNATEGUI  519 SUB DIR.TRANSITO P9,18,1,90,SA,18_SA_1,28800,21600,20643,19327,19194,17892,17099,11702,9198,18_SA_1,1,1,20643,90
96,CARABINEROS DE CHILE,Santiago,1,ALAMEDA 1196 P 6 DPTO 2,208,3,90,SA,208_SA_3,28800,21600,20643,19327,19194,17892,17099,11702,9198,208_SA_3,3,1,20643,90
97,CARABINEROS DE CHILE,Santiago,1,AMUNATEGUI 519 P 11,209,3,45,SA,209_SA_3,28800,21600,20643,19327,19194,17892,17099,11702,9198,209_SA_3,3,1,20643,45
98,CARABINEROS DE CHILE,Santiago,1,AV BERNARDO OHIGGINS 1196 P 10 ADM CAJA,132,2,20,SA,132_SA_2,28800,21600,20643,19327,19194,17892,17099,11702,9198,132_SA_2,2,1,20643,20
99,CASA DE ESTUDIOS P.DE VALDIVIA,Santiago,1,AGUSTINAS 1943 PISO 1,19,1,180,SA,19_SA_1,28800,21600,20645,19357,19220,18041,17125,11774,9287,19_SA_1,1,1,20645,180
100,CASA DE ESTUDIOS P.DE VALDIVIA,Santiago,1,AGUSTINAS 1943 PISO 1,210,3,180,SA,210_SA_3,28800,21600,20645,19357,19220,18041,17125,11774,9287,210_SA_3,3,1,20645,180
101,CASA DE ESTUDIOS P.DE VALDIVIA,Santiago,1,AGUSTINAS 1943,284,4,240,SA,284_SA_4,28800,21600,20645,19357,19220,18041,17125,11774,9287,284_SA_4,4,1,20645,240
102,CHILECTRA S.A.,Santiago,1,SANTA ROSA 76 PISO 4,134,2,60,SA,134_SA_2,28800,21600,20667,19363,19229,18200,17149,11920,9338,134_SA_2,2,1,20667,60
103,CHILECTRA S.A.,Santiago,1,VICTORIA 612 PISO 2,133,2,90,SA,133_SA_2,28800,21600,20667,19363,19229,18200,17149,11920,9338,133_SA_2,2,1,20667,90
104,CHILECTRA S.A.,Santiago,1,VICTORIA 612 PISO 2,357,5,60,SA,357_SA_5,28800,21600,20667,19363,19229,18200,17149,11920,9338,357_SA_5,5,1,20667,60
105,CIA. AMERICANA DE MULTISERVICIOS LTDA.,Santiago,1,TARAPACA 934 PISO 2,285,4,60,SA,285_SA_4,28800,21600,20679,19372,19229,18317,17171,12009,9374,285_SA_4,4,1,20679,60
106,CIA. CERVECERIAS UNIDAS S.A.,Santiago,1,BANDERA 84 P9,135,2,60,SA,135_SA_2,28800,21600,20687,19461,19238,18340,17202,12041,9758,135_SA_2,2,1,20687,60
107,CIA. CERVECERIAS UNIDAS S.A.,Santiago,1,BANDERA 84 PISO 8  DEPTO.TESORERIA,20,1,60,SA,20_SA_1,28800,21600,20687,19461,19238,18340,17202,12041,9758,20_SA_1,1,1,20687,60
108,CIA. CHILENA DE PERFORACIONES LTDA.,Las Condes,3,BENJAMIN 2935  PISO 8  OF.802,136,2,30,LC,136_LC_2,28800,21600,20694,19527,19267,18408,17245,12159,9906,136_LC_2,2,3,20694,30
109,CIA. MINERA DISPUTADA LAS CONDES LTDA.,Providencia,2,PEDRO DE VALDIVIA 291 PISO 13,286,4,60,PR,286_PR_4,28800,21600,20698,19534,19270,18437,17257,12195,10170,286_PR_4,4,2,20698,60
110,CIA. MINERA DISPUTADA LAS CONDES LTDA.,Las Condes,3,LOS BRONCES PROYECTO SAN FRANC,360,5,10,LC,360_LC_5,28800,21600,20698,19534,19270,18437,17257,12195,10170,360_LC_5,5,3,20698,10
111,CIA. MINERA DISPUTADA LAS CONDES LTDA.,Providencia,2,P.DE VALDIVIA 291 PISO 1,358,5,70,PR,358_PR_5,28800,21600,20698,19534,19270,18437,17257,12195,10170,358_PR_5,5,2,20698,70
112,CIA. MINERA DISPUTADA LAS CONDES LTDA.,Providencia,2,"AV. PEDRO DE VALDIVIA 291, 1 SUBTERRANEO",137,2,150,PR,137_PR_2,28800,21600,20698,19534,19270,18437,17257,12195,10170,137_PR_2,2,2,20698,150
113,CIA. MINERA DISPUTADA LAS CONDES LTDA.,Las Condes,3,"LOS BRONCES,GERENCIA PLANTAS,S",359,5,10,LC,359_LC_5,28800,21600,20698,19534,19270,18437,17257,12195,10170,359_LC_5,5,3,20698,10
114,CIA. MINERA DISPUTADA LAS CONDES LTDA.,Santiago,1,PEDRO DE VALDIVIA 291 1 SUB,361,5,10,SA,361_SA_5,28800,21600,20698,19534,19270,18437,17257,12195,10170,361_SA_5,5,1,20698,10
115,CIA.ELECTROMETALURGICA S.A.,—uÒoa,5,AV. V.MACKENNA 1570 GCIA.. GEN,21,1,90,NU,21_NU_1,28800,21600,20699,19557,19298,18493,17482,12438,10178,21_NU_1,1,5,20699,90
116,CIA.ELECTROMETALURGICA S.A.,—uÒoa,5,AVDA VICU?A MACKENNA 1570 G COMERCIAL,211,3,40,NU,211_NU_3,28800,21600,20699,19557,19298,18493,17482,12438,10178,211_NU_3,3,5,20699,40
117,CIENTOCHENTA GRADOS S.A.,Providencia,2,NVA.LOS LEONES 07 PISO 10,362,5,240,PR,362_PR_5,28800,21600,20701,19565,19308,18547,17574,12528,10222,362_PR_5,5,2,20701,240
118,CITIBANK N.A.,Providencia,2,AV PROVIDENCIA 655,22,1,60,PR,22_PR_1,28800,21600,20726,19572,19338,18572,17712,12540,10337,22_PR_1,1,2,20726,60
119,CITIBANK N.A.,Las Condes,3,AV EL  BOSQUE  0500  P. 3,213,3,90,LC,213_LC_3,28800,21600,20726,19572,19338,18572,17712,12540,10337,213_LC_3,3,3,20726,90
120,CITIBANK N.A.,Providencia,2,PROVIDENCIA 2653  P 2,139,2,60,PR,139_PR_2,28800,21600,20726,19572,19338,18572,17712,12540,10337,139_PR_2,2,2,20726,60
121,CITIBANK N.A.,Santiago,1,HUERFANOS 770,140,2,50,SA,140_SA_2,28800,21600,20726,19572,19338,18572,17712,12540,10337,140_SA_2,2,1,20726,50
122,CITIBANK N.A.,Santiago,1,TEATINOS 180 P1,288,4,60,SA,288_SA_4,28800,21600,20726,19572,19338,18572,17712,12540,10337,288_SA_4,4,1,20726,60
123,CITIBANK N.A.,Providencia,2,ORREGOLUCO 58,287,4,90,PR,287_PR_4,28800,21600,20726,19572,19338,18572,17712,12540,10337,287_PR_4,4,2,20726,90
124,CITIBANK N.A.,Santiago,1,AHUMADA 40,212,3,40,SA,212_SA_3,28800,21600,20726,19572,19338,18572,17712,12540,10337,212_SA_3,3,1,20726,40
125,CITIBANK N.A.,Vitacura,4,O BRIEN 2235,138,2,90,VI,138_VI_2,28800,21600,20726,19572,19338,18572,17712,12540,10337,138_VI_2,2,4,20726,90
126,CLINICA ALEMANA DE SANTIAGO S.A.,Vitacura,4,CONCILIO VATICANO 6017,363,5,10,VI,363_VI_5,28800,21600,20732,19586,19377,18590,17784,12739,10613,363_VI_5,5,4,20732,10
127,CLINICA ALEMANA DE SANTIAGO S.A.,Vitacura,4,AV.  VITACURA 5951 CENTRO COPI,214,3,25,VI,214_VI_3,28800,21600,20732,19586,19377,18590,17784,12739,10613,214_VI_3,3,4,20732,25
128,CLINITEST LTDA,Providencia,2,RICARDO LYON 1899,215,3,45,PR,215_PR_3,28800,21600,20759,19601,19426,18609,17802,12912,10633,215_PR_3,3,2,20759,45
129,CMPC CELULOSA S.A.,Santiago,1,AGUSTINAS 1357  P2,23,1,90,SA,23_SA_1,28800,21600,20771,19621,19489,18653,18148,13014,10786,23_SA_1,1,1,20771,90
130,COASIN CHILE S.A.,Providencia,2,AV. HOLANDA 1292,24,1,100,PR,24_PR_1,28800,21600,20777,19637,19536,18673,18379,13106,10847,24_PR_1,1,2,20777,100
131,COCA COLA DE CHILE S.A.,Las Condes,3,AV. KENNEDY 5757 P.11,289,4,110,LC,289_LC_4,28800,21600,20788,19642,19567,18704,18454,13219,11466,289_LC_4,4,3,20788,110
132,COGAN GRUPO NORTE S.A.,Providencia,2,MARCHANT PEREIRA 1030,25,1,90,PR,25_PR_1,28800,21600,20788,19691,19578,18798,18516,13439,11466,25_PR_1,1,2,20788,90
133,COLEGIO CALASANZ,—uÒoa,5,MONTENEGRO 661,141,2,150,NU,141_NU_2,28800,21600,20789,19737,19616,18813,18593,13506,11597,141_NU_2,2,5,20789,150
134,COLEGIO CALASANZ,—uÒoa,5,MONTENEGRO 661,26,1,420,NU,26_NU_1,28800,21600,20789,19737,19616,18813,18593,13506,11597,26_NU_1,1,5,20789,420
135,COLEGIO DEL SAGRADO CORAZON,Las Condes,3,SANTA MAGDALENA SOFIA 277,27,1,180,LC,27_LC_1,28800,21600,20806,19754,19635,19046,18670,13667,11863,27_LC_1,1,3,20806,180
136,COMANDANCIA EN JEFE,Santiago,1,ZENTENO 45 P.5 ALA NORTE AYUDANTIA,216,3,80,SA,216_SA_3,28800,21600,20810,19766,19661,19061,18749,13677,11885,216_SA_3,3,1,20810,80
137,COMERCIAL CYP S.A.,Santiago,1,ESTADO 10 OF. 1701,28,1,30,SA,28_SA_1,28800,21600,20822,19877,19770,19128,18831,13863,12236,28_SA_1,1,1,20822,30
138,COMERCIAL ECCSA S.A.,Santiago,1,HUERFANOS 979  OF.401,29,1,60,SA,29_SA_1,28800,21600,20841,19892,19776,19151,19076,13925,12434,29_SA_1,1,1,20841,60
139,COMERCIALIZADORA INTEGRAL LTDA.,Providencia,2,ISIDORITA 143,364,5,1,PR,364_PR_5,28800,21600,20862,19918,19777,19323,19077,14002,12531,364_PR_5,5,2,20862,1
140,COMERCIALIZADORA S.A.,Santiago,1,ALAMEDA 757 P5,217,3,150,SA,217_SA_3,28800,21600,20865,19920,19785,19345,19142,14174,13227,217_SA_3,3,1,20865,150
141,COMERCIALIZADORA S.A.,Santiago,1,PUENTE 696 P.2 DPTO.CREDITO,365,5,120,SA,365_SA_5,28800,21600,20865,19920,19785,19345,19142,14174,13227,365_SA_5,5,1,20865,120
142,COMERCIALIZADORA S.A.,Santiago,1,PUENTE 640 DEPTO CREDITO P1,290,4,60,SA,290_SA_4,28800,21600,20865,19920,19785,19345,19142,14174,13227,290_SA_4,4,1,20865,60
143,COMISION NACIONAL DE RIEGO,Santiago,1,VALENTIN LETELIER 1350 P.1,291,4,150,SA,291_SA_4,28800,21600,20881,20002,19839,19366,19195,14245,13389,291_SA_4,4,1,20881,150
144,COMISION NACIONAL DEL MEDIO AMBIENTE,Providencia,2,OBISPO DONOSO 6 PISO 6,292,4,50,PR,292_PR_4,28800,21600,20883,20016,19881,19511,19347,14271,13543,292_PR_4,4,2,20883,50
145,COMISION NACIONAL DEL MEDIO AMBIENTE,Providencia,2,OBISPO DONOSO 6 PISO 1,293,4,165,PR,293_PR_4,28800,21600,20883,20016,19881,19511,19347,14271,13543,293_PR_4,4,2,20883,165
146,CONFECCIONES GERARD LTDA.,Santiago,1,NATANIEL COX 1528,294,4,90,SA,294_SA_4,28800,21600,20930,20081,19889,19533,19412,14331,13703,294_SA_4,4,1,20930,90
147,CONSEJO LOCAL DE DEPORTES LAS CONDES,Las Condes,3,CERRO COLORADO 5435,142,2,50,LC,142_LC_2,28800,21600,20938,20149,19915,19582,19477,14987,13827,142_LC_2,2,3,20938,50
148,CONSERVADOR DE BIENES RAICES,Santiago,1,MORANDE 440 P.2,218,3,120,SA,218_SA_3,28800,21600,20986,20179,19960,19593,19578,15040,13831,218_SA_3,3,1,20986,120
149,CONSERVADOR DE BIENES RAICES,Santiago,1,MORANDE 440 P.4,219,3,90,SA,219_SA_3,28800,21600,20986,20179,19960,19593,19578,15040,13831,219_SA_3,3,1,20986,90
150,CONSERVADOR DE BIENES RAICES,Santiago,1,MORANDE 440  P.2,143,2,180,SA,143_SA_2,28800,21600,20986,20179,19960,19593,19578,15040,13831,143_SA_2,2,1,20986,180
151,CONSORCIO ARA-INGENDESA LTDA.,Santiago,1,SAN ISIDRO 65,144,2,90,SA,144_SA_2,28800,21600,20992,20198,19985,19643,19636,15106,14027,144_SA_2,2,1,20992,90
152,CONSORCIO NAC.SEG.S.A.CIA.SEG.V.,Las Condes,3,CALLAO 2928 PISO 1,145,2,60,LC,145_LC_2,28800,21600,21002,20231,19989,19739,19672,15339,14217,145_LC_2,2,3,21002,60
153,CONSORCIO NAC.SEG.S.A.CIA.SEG.V.,Santiago,1,BANDERA 248 LC.1,146,2,165,SA,146_SA_2,28800,21600,21002,20231,19989,19739,19672,15339,14217,146_SA_2,2,1,21002,165
154,CONSORCIO NAC.SEG.S.A.CIA.SEG.V.,Las Condes,3,AV.EL BOSQUE SUR 180 P6 RRHH,147,2,30,LC,147_LC_2,28800,21600,21002,20231,19989,19739,19672,15339,14217,147_LC_2,2,3,21002,30
155,CONSORCIO NAC.SEG.S.A.CIA.SEG.V.,Providencia,2,EL BOSQUE 180 PISO 6,220,3,60,PR,220_PR_3,28800,21600,21002,20231,19989,19739,19672,15339,14217,220_PR_3,3,2,21002,60
156,CONSTRA.ASOC.B Y C LTDA.,Providencia,2,LAS URBINA 53 OF 141,30,1,60,PR,30_PR_1,28800,21600,21022,20241,20006,19765,19712,15353,14553,30_PR_1,1,2,21022,60
157,CONSTRUCTORA CABO DE HORNOS LTDA.,Las Condes,3,LINEO 6557,295,4,60,LC,295_LC_4,28800,21600,21037,20255,20043,19808,19730,15542,15288,295_LC_4,4,3,21037,60
158,CONSTRUCTORA COPEVA S. A.,Santiago,1,PHILLIPS 84 OF 49,366,5,20,SA,366_SA_5,28800,21600,21040,20301,20069,19910,19748,15806,15290,366_SA_5,5,1,21040,20
159,CORPBANCA,Santiago,1,HUERFANOS 1072   P8,32,1,90,SA,32_SA_1,28800,21600,21073,20310,20077,19951,19782,15874,15420,32_SA_1,1,1,21073,90
160,CORPBANCA,Santiago,1,ALAMEDA 2206 PISO 1,31,1,90,SA,31_SA_1,28800,21600,21073,20310,20077,19951,19782,15874,15420,31_SA_1,1,1,21073,90
161,CORPORACION DE AYUDA AL PACIENTE MENTAL,Providencia,2,MELCHOR CONCHA 9 BARRIO BELLAVISTA,367,5,15,PR,367_PR_5,28800,21600,21091,20345,20110,20042,19857,15881,15445,367_PR_5,5,2,21091,15
162,COZ Y CIA. LTDA.,Las Condes,3,AV LAS CONDES 11380 OF. 101,33,1,150,LC,33_LC_1,28800,21600,21093,20404,20176,20106,19872,16009,15469,33_LC_1,1,3,21093,150
163,CTRO. DE ANALISIS Y ASES DE MERCADO  LTD,Providencia,2,CARLOS ANTUNEZ  1843 DEPTO  105  BLOCK22,221,3,35,PR,221_PR_3,28800,21600,21097,20422,20195,20262,19948,16062,15547,221_PR_3,3,2,21097,35
164,DEFENSA CIVIL DE CHILE,Santiago,1,VERGARA 135,296,4,90,SA,296_SA_4,28800,21600,21100,20426,20270,20277,19969,16066,16091,296_SA_4,4,1,21100,90
165,DELOITTE & TOUCHE,Providencia,2,PROVIDENCIA 1760 PISO 9,222,3,60,PR,222_PR_3,28800,21600,21105,20445,20328,20392,20038,16177,16180,222_PR_3,3,2,21105,60
166,DELOITTE & TOUCHE OUTSOURCING S.A.,Providencia,2,AV PROVIDENCIA 1760 PISO 6,223,3,40,PR,223_PR_3,28800,21600,21119,20447,20381,20392,20097,16379,16315,223_PR_3,3,2,21119,40
167,DELTOUR,Providencia,2,MONSE?OR FELIX CABRERA 62,224,3,50,PR,224_PR_3,28800,21600,21122,20547,20388,20421,20173,16489,16623,224_PR_3,3,2,21122,50
168,DERCO AUTOS S.A.,Las Condes,3,AV KENNEDY 5601 1ER SUBTE,34,1,80,LC,34_LC_1,28800,21600,21135,20553,20409,20432,20186,16533,16854,34_LC_1,1,3,21135,80
169,DIARIO EL SUR S.A.,Santiago,1,CATEDRAL 1009   OF 306,148,2,90,SA,148_SA_2,28800,21600,21161,20596,20446,20459,20222,16637,16937,148_SA_2,2,1,21161,90
170,DILACO LTDA,Providencia,2,PEREZ VALENZUELA  N? 1138 P 4,368,5,5,PR,368_PR_5,28800,21600,21213,20623,20516,20459,20258,16642,17205,368_PR_5,5,2,21213,5
171,DIRECCION DEL TRABAJO,Santiago,1,AGUSTINAS 1253 P.6 OF.601 PRES,369,5,120,SA,369_SA_5,28800,21600,21225,20656,20527,20493,20264,16931,17384,369_SA_5,5,1,21225,120
172,DIRECCION DEL TRABAJO,Santiago,1,AGUSTINAS 1253 PISO 6 OFIC. PA,370,5,140,SA,370_SA_5,28800,21600,21225,20656,20527,20493,20264,16931,17384,370_SA_5,5,1,21225,140
173,DIRECCION NACIONAL GENDARMERIA DE CHILE,Santiago,1,ROSAS 1274 PISO 3,225,3,80,SA,225_SA_3,28800,21600,21225,20698,20539,20512,20268,16942,17486,225_SA_3,3,1,21225,80
174,DIRECCION NACIONAL GENDARMERIA DE CHILE,Santiago,1,ROSAS 1274 PISO 1 (CONTAB Y PR,35,1,105,SA,35_SA_1,28800,21600,21225,20698,20539,20512,20268,16942,17486,35_SA_1,1,1,21225,105
175,DISTRIBUIDORA AUTOMOTRIZ SANTIAGO S.A.,Santiago,1,COQUIMBO 345,297,4,100,SA,297_SA_4,28800,21600,21226,20723,20557,20654,20292,17084,17584,297_SA_4,4,1,21226,100
176,"ECHEVERRIA,IZQUIERDO,ING. Y CONST. S.A.",Las Condes,3,BENJAMIN 2944 PISO 2.,36,1,60,LC,36_LC_1,28800,21600,21232,20736,20688,20663,20359,17111,17636,36_LC_1,1,3,21232,60
177,ECOLAB S.A.,Providencia,2,PEDRO DE VALDIVIA 3801,298,4,120,PR,298_PR_4,28800,21600,21268,20740,20761,20801,20395,17234,18096,298_PR_4,4,2,21268,120
178,EJERCITO DE CHILE DIRECCION DE LOGISTICA,Santiago,1,ZENTENO 45 P 8,150,2,120,SA,150_SA_2,28800,21600,21272,20808,20778,20817,20414,17256,18111,150_SA_2,2,1,21272,120
179,EJERCITO DE CHILE DIRECCION DE LOGISTICA,Santiago,1,ZENTENO 45 P.8 AYUDANTIA PERS.,149,2,235,SA,149_SA_2,28800,21600,21272,20808,20778,20817,20414,17256,18111,149_SA_2,2,1,21272,235
180,EJERCITO DE SALVACION,Santiago,1,AV.ESPA—A 46-PISO 2,151,2,120,SA,151_SA_2,28800,21600,21273,20813,20794,20850,20532,17262,18623,151_SA_2,2,1,21273,120
181,EMBAJADA DE ITALIA,Providencia,2,CLEMENTE FABRES 1050,38,1,80,PR,38_PR_1,28800,21600,21273,20869,20796,20893,20536,17274,19170,38_PR_1,1,2,21273,80
182,EMBAJADA DE ITALIA,Providencia,2,CLEMENTE FABRES 1050,371,5,30,PR,371_PR_5,28800,21600,21273,20869,20796,20893,20536,17274,19170,371_PR_5,5,2,21273,30
183,EMBAJADA DE ITALIA,Providencia,2,CLEMENTE FABRES 1050,37,1,60,PR,37_PR_1,28800,21600,21273,20869,20796,20893,20536,17274,19170,37_PR_1,1,2,21273,60
184,EMBAJADA DE RUSIA,Las Condes,3,COLON 4152,39,1,90,LC,39_LC_1,28800,21600,21288,20881,20835,20962,20640,17387,19201,39_LC_1,1,3,21288,90
185,EMP.CONST.AVELLANEDA LTDA.,Providencia,2,AV. LUIS TAYER OJEDA 0191 P 16,226,3,65,PR,226_PR_3,28800,21600,21325,20920,20837,21061,20660,17436,19214,226_PR_3,3,2,21325,65
186,EMP.PARA EL DEPORTE Y LA SALUD LTDA,Las Condes,3,AVDA LAS CONDES 13635,372,5,60,LC,372_LC_5,28800,21600,21331,20954,20927,21061,20716,17492,19418,372_LC_5,5,3,21331,60
187,EMPRESA NACIONAL DE EXPLOSIVOS,Las Condes,3,RENATO SANCHEZ 3859,227,3,120,LC,227_LC_3,28800,21600,21332,20994,20967,21072,20896,17570,20165,227_LC_3,3,3,21332,120
188,EMPRESAS C.M.P.C. S.A.,Santiago,1,AGUSTINAS  1343 P.9,40,1,60,SA,40_SA_1,28800,21600,21343,21002,20991,21096,20929,17781,20176,40_SA_1,1,1,21343,60
189,EMPRESAS JUAN YARUR S.A.C.,Santiago,1,MONEDA 920 OF.801,228,3,100,SA,228_SA_3,28800,21600,21344,21007,21010,21135,20930,17800,20340,228_SA_3,3,1,21344,100
190,ENRIQUE OSIAC BROSKY,Las Condes,3,LAS CONDESAS 2436,152,2,1,LC,152_LC_2,28800,21600,21348,21018,21068,21146,20958,17840,20374,152_LC_2,2,3,21348,1
191,ENTEL PCS TELECOMUNICACIONES S.A.,Las Condes,3,AV. ANDRES BELLO 2711 PISO 14,41,1,120,LC,41_LC_1,28800,21600,21352,21044,21077,21156,21037,17951,20423,41_LC_1,1,3,21352,120
192,ENTEL PCS TELECOMUNICACIONES S.A.,Providencia,2,AV. ANDRES BELLO 2777 P11,42,1,60,PR,42_PR_1,28800,21600,21352,21044,21077,21156,21037,17951,20423,42_PR_1,1,2,21352,60
193,ESCUELA MILITAR,Las Condes,3,LOS MILITARES 4500 1 COMPA?IA,299,4,60,LC,299_LC_4,28800,21600,21375,21067,21159,21178,21062,18162,20675,299_LC_4,4,3,21375,60
194,ESEDEI INGENIEROS S.A.,Santiago,1,COYANCURA 2283 P7,43,1,207,SA,43_SA_1,28800,21600,21377,21156,21160,21221,21063,18238,20751,43_SA_1,1,1,21377,207
195,ESTUDIO RAUL DE LA FUENTE M. Y CIA. LTDA,Santiago,1,Agustinas 1235 of.32 Raul de la Fuente M,300,4,105,SA,300_SA_4,28800,21600,21445,21175,21170,21228,21108,18240,20806,300_SA_4,4,1,21445,105
196,EVASA S.A.,Santiago,1,TEATINOS 449 PISO 3,301,4,75,SA,301_SA_4,28800,21600,21460,21235,21188,21323,21111,18246,21047,301_SA_4,4,1,21460,75
197,EXAMENES DE LABORATORIOS S.A.,Providencia,2,11 DE SEPTIEMBRE 1920 P4,44,1,25,PR,44_PR_1,28800,21600,21467,21264,21213,21417,21115,18546,21062,44_PR_1,1,2,21467,25
198,EXTRACTOS NATURALES GELYMAR S.A.,Providencia,2,AV. STA. MARIA 2050 P.3,153,2,230,PR,153_PR_2,28800,21600,21467,21270,21222,21497,21116,18686,21394,153_PR_2,2,2,21467,230
199,FACH COMANDO LOGISTICO,Santiago,1,ALAMEDA 1170 PISO 3,302,4,90,SA,302_SA_4,28800,21600,21468,21280,21237,21607,21127,18690,21518,302_SA_4,4,1,21468,90
200,FALABELLA Y CIA. CORREDORA DE SEGUROS LT,Santiago,1,AHUMADA 179  PISO 9  CORREDORA,373,5,60,SA,373_SA_5,28800,21600,21468,21314,21245,21681,21132,18904,21616,373_SA_5,5,1,21468,60
201,FED. INTERN. DE TRAB. DE LA IND. METALUR,Providencia,2,PROV.2019 42-B P4,154,2,170,PR,154_PR_2,28800,21600,21475,21336,21309,21704,21133,19020,22038,154_PR_2,2,2,21475,170
202,FED. INTERN. DE TRAB. DE LA IND. METALUR,Providencia,2,PROV.2019 42-B P4,374,5,105,PR,374_PR_5,28800,21600,21475,21336,21309,21704,21133,19020,22038,374_PR_5,5,2,21475,105
203,FED.NAC.DE TRABAJADORES DEL COBRE,Santiago,1,GENERAL BUSTAMANTE 627 PISO 2,155,2,240,SA,155_SA_2,28800,21600,21476,21365,21328,21752,21155,19318,22241,155_SA_2,2,1,21476,240
204,FOCUS GROUP CONSULTORES LTDA.,Providencia,2,ISIDORO GOYENECHEA 3621 P9 OF 902,375,5,170,PR,375_PR_5,28800,21600,21503,21393,21374,21798,21260,19355,22972,375_PR_5,5,2,21503,170
205,FORWARD COMPUTACION LTDA,Santiago,1,ALAMEDA 108 L 119,229,3,60,SA,229_SA_3,28800,21600,21507,21394,21399,21865,21281,19474,22983,229_SA_3,3,1,21507,60
206,FUNDACION ALCAZAR,Providencia,2,GUARDIA VIEJA 255 OF. 704,156,2,80,PR,156_PR_2,28800,21600,21515,21394,21405,21952,21451,19482,23083,156_PR_2,2,2,21515,80
207,FUNDACION EDUCACIONAL TABANCURA,Vitacura,4,LAS HUALTATAS 10030,45,1,75,VI,45_VI_1,28800,21600,21520,21424,21413,21969,21524,19561,23195,45_VI_1,1,4,21520,75
208,FUNDACION NACIONAL PARA LA SUPERACION DE,Santiago,1,LONDRES 69,46,1,90,SA,46_SA_1,28800,21600,21524,21442,21419,21987,21594,20430,23220,46_SA_1,1,1,21524,90
209,FUNDACION NACIONAL PARA LA SUPERACION DE,Santiago,1,LONDRES   69,47,1,90,SA,47_SA_1,28800,21600,21524,21442,21419,21987,21594,20430,23220,47_SA_1,1,1,21524,90
210,FUNDACION VIDA,Providencia,2,RICCARDO MATTE PEREZ 0156,230,3,30,PR,230_PR_3,28800,21600,21540,21555,21448,22024,21612,20459,23232,230_PR_3,3,2,21540,30
211,GASTON FUENZALIDA PROPIEDADES LTDA,Las Condes,3,REYES LAVALLE 3330,303,4,60,LC,303_LC_4,28800,21600,21578,21580,21466,22084,21757,20619,23270,303_LC_4,4,3,21578,60
212,GOLDER ASSOCIATES S.A.,Providencia,2,AV. 11 DE SEPTIEMBRE 2353 PISO16,376,5,75,PR,376_PR_5,28800,21600,21598,21587,21480,22196,21810,20947,23349,376_PR_5,5,2,21598,75
213,GRAFHIKA COPY CENTER LTDA.,Vitacura,4,ANDRES   BELLO 2879  P. 1,304,4,120,VI,304_VI_4,28800,21600,21606,21620,21517,22197,21873,20982,23380,304_VI_4,4,4,21606,120
214,GRAFHIKA COPY CENTER LTDA.,Santiago,1,DOMEYKO 2338,231,3,80,SA,231_SA_3,28800,21600,21606,21620,21517,22197,21873,20982,23380,231_SA_3,3,1,21606,80
215,GRAFHIKA COPY CENTER LTDA.,Santiago,1,TENDERINI 78,49,1,60,SA,49_SA_1,28800,21600,21606,21620,21517,22197,21873,20982,23380,49_SA_1,1,1,21606,60
216,GRAFHIKA COPY CENTER LTDA.,Santiago,1,TENDERINI 78,306,4,270,SA,306_SA_4,28800,21600,21606,21620,21517,22197,21873,20982,23380,306_SA_4,4,1,21606,270
217,GRAFHIKA COPY CENTER LTDA.,Providencia,2,GUARDIA VIEJA 240,305,4,25,PR,305_PR_4,28800,21600,21606,21620,21517,22197,21873,20982,23380,305_PR_4,4,2,21606,25
218,GRAFHIKA COPY CENTER LTDA.,Providencia,2,GUARDIA VIEJA 240,377,5,30,PR,377_PR_5,28800,21600,21606,21620,21517,22197,21873,20982,23380,377_PR_5,5,2,21606,30
219,GRAFHIKA COPY CENTER LTDA.,Santiago,1,STO.  DOMINGO  1862,157,2,150,SA,157_SA_2,28800,21600,21606,21620,21517,22197,21873,20982,23380,157_SA_2,2,1,21606,150
220,GRAFHIKA COPY CENTER LTDA.,Santiago,1,DOMEYKO 2338,48,1,60,SA,48_SA_1,28800,21600,21606,21620,21517,22197,21873,20982,23380,48_SA_1,1,1,21606,60
221,GRAFHIKA COPY CENTER LTDA.,Providencia,2,GUARDIA VIEJA 240,232,3,120,PR,232_PR_3,28800,21600,21606,21620,21517,22197,21873,20982,23380,232_PR_3,3,2,21606,120
222,GRAFICA LETRILANDIA LTDA.,Santiago,1,PORTUGAL 658,307,4,120,SA,307_SA_4,28800,21600,21634,21627,21585,22219,21941,21025,23439,307_SA_4,4,1,21634,120
223,GUERRERO DITEAUX RAUL,Santiago,1,AV. VICUNA MACKENNA 856,233,3,40,SA,233_SA_3,28800,21600,21646,21628,21587,22237,21955,21161,23469,233_SA_3,3,1,21646,40
224,HEIDRICK Y STRUGGLES DE CHILE LTDA.,Providencia,2,AV ANDRES BELLO 2777  PISO 9 OF.903,378,5,30,PR,378_PR_5,28800,21600,21647,21646,21622,22243,22034,21291,23507,378_PR_5,5,2,21647,30
225,HOCHTIEF CHILENA LTDA.,Las Condes,3,AVDA EL BOSQUE NORTE 0440 P9 OF902,234,3,60,LC,234_LC_3,28800,21600,21654,21648,21647,22249,22052,21414,24033,234_LC_3,3,3,21654,60
226,"HONORATO, RUSSI A CIA. LTDA.",Las Condes,3,ROGER DE FLOR 2736 PISO 6,235,3,120,LC,235_LC_3,28800,21600,21672,21683,21688,22337,22262,21475,24124,235_LC_3,3,3,21672,120
227,HOTEL CORP.OF CHILE HYATT REGENCY,Las Condes,3,ALONSO DE CORDOVA 4601 CENTRO NEGOCIOS,379,5,60,LC,379_LC_5,28800,21600,21672,21686,21712,22387,22302,21479,24600,379_LC_5,5,3,21672,60
228,HOTELES DE CHILE S.A.,Las Condes,3,AVDA. KENNEDY 5741 P.1 RECEPCION,50,1,80,LC,50_LC_1,28800,21600,21681,21686,21756,22417,22321,21593,25309,50_LC_1,1,3,21681,80
229,HQI TRANSELEC CHILE S.A.,Providencia,2,APOQUINDO 3721 PISO 6,158,2,85,PR,158_PR_2,28800,21600,21710,21703,21761,22419,22369,21615,25684,158_PR_2,2,2,21710,85
230,I. MUNICIPALIDAD DE VITACURA,Vitacura,4,SANCHO DE LA HOZ 3470 DIREC.DE OPERACI,236,3,90,VI,236_VI_3,28800,21600,21712,21715,21770,22429,22423,21783,25771,236_VI_3,3,4,21712,90
231,I.MUNICIPALIDAD DE PROVIDENCIA,Providencia,2,P DE VALDIVIA 963  DEPTO CATASTRO,308,4,30,PR,308_PR_4,28800,21600,21715,21717,21803,22431,22453,21845,25843,308_PR_4,4,2,21715,30
232,I.MUNICIPALIDAD DE PROVIDENCIA,Providencia,2,PEDRO DE VALDIVIA 963.DIREC.PROTEC CIVIL,237,3,70,PR,237_PR_3,28800,21600,21715,21717,21803,22431,22453,21845,25843,237_PR_3,3,2,21715,70
233,I.MUNICIPALIDAD DE SANTIAGO,Santiago,1,BALMACEDA  1114  3P,159,2,55,SA,159_SA_2,28800,21600,21715,21731,21810,22503,22484,21851,25929,159_SA_2,2,1,21715,55
234,I.MUNICIPALIDAD DE SANTIAGO,Santiago,1,STO DOMINGO 916 PISO 7 OF.703 CENT.FOTO,51,1,90,SA,51_SA_1,28800,21600,21715,21731,21810,22503,22484,21851,25929,51_SA_1,1,1,21715,90
235,IMAX S. A.,Providencia,2,PADRE MARIANO 277 P 3,160,2,60,PR,160_PR_2,28800,21600,21724,21735,21836,22536,22568,22162,26048,160_PR_2,2,2,21724,60
236,IMPRESORA Y COMERCIAL TIEMPO FUTURO SA,Providencia,2,ALMIRANTE PASTENE 259,309,4,60,PR,309_PR_4,28800,21600,21748,21740,21899,22557,22577,22178,26186,309_PR_4,4,2,21748,60
237,IMPRESORA Y COMERCIAL TIEMPO FUTURO SA,Providencia,2,ALMIRANTE PASTENE 259,310,4,120,PR,310_PR_4,28800,21600,21748,21740,21899,22557,22577,22178,26186,310_PR_4,4,2,21748,120
238,INACAP,Las Condes,3,AV. APOQUINDO 7282 P-3 SALA DE PROF.,161,2,180,LC,161_LC_2,28800,21600,21757,21814,21905,22563,22593,22234,26259,161_LC_2,2,3,21757,180
239,INDUSTRIA TEXTIL MONARCH S.A.,Santiago,1,VICUNA MACKENNA 1215 PISO 3,238,3,60,SA,238_SA_3,28800,21600,21768,21816,21907,22586,22617,22304,26475,238_SA_3,3,1,21768,60
240,ING SALUD ISAPRE,Santiago,1,MIRAFLORES 222 E/P,162,2,1,SA,162_SA_2,28800,21600,21781,21830,22028,22803,22635,22465,26564,162_SA_2,2,1,21781,1
241,ING SALUD S.A.,Santiago,1,MORANDE 325 SUBTERRANEO,239,3,180,SA,239_SA_3,28800,21600,21786,21844,22047,22882,22655,22503,27008,239_SA_3,3,1,21786,180
242,ING SEGUROS DE VIDA S.A.,Providencia,2,COYANCURA 2283,52,1,30,PR,52_PR_1,28800,21600,21798,21848,22099,22909,22680,22541,27011,52_PR_1,1,2,21798,30
243,ING SEGUROS DE VIDA S.A.,Providencia,2,COYANCURA 2283,240,3,60,PR,240_PR_3,28800,21600,21798,21848,22099,22909,22680,22541,27011,240_PR_3,3,2,21798,60
244,INGENIERIA ELECTRICA VOLTA LTDA.,—uÒoa,5,JOSE MANUEL INFANTE 2670,53,1,90,NU,53_NU_1,28800,21600,21819,21874,22140,22991,22681,22640,27404,53_NU_1,1,5,21819,90
245,INGENIERIA Y CONST. KODAMA LTDA.,Providencia,2,AVDA ELIODORO YA?EZ 1198,311,4,60,PR,311_PR_4,28800,21600,21834,21882,22197,22998,22727,22642,27626,311_PR_4,4,2,21834,60
246,INMOBIL. E INVERSIONES RUCA S.A.,Santiago,1,MAC IVER 225 OF 302,241,3,20,SA,241_SA_3,28800,21600,21844,21913,22202,23032,22732,22773,27745,241_SA_3,3,1,21844,20
247,INMOBILIARIA NORTE VERDE S.A.,Las Condes,3,ENRIQUE FOSTER SUR 20 PISO 14,55,1,60,LC,55_LC_1,28800,21600,21857,21917,22234,23074,22734,22811,28203,55_LC_1,1,3,21857,60
248,INMOBILIARIA NORTE VERDE S.A.,Las Condes,3,ENRIQUE FOSTER SUR 20 PISO 14,54,1,60,LC,54_LC_1,28800,21600,21857,21917,22234,23074,22734,22811,28203,54_LC_1,1,3,21857,60
249,INSTITUTO DE ESTUDIOS GRAFICOS DE CHILE,Providencia,2,CANADA 253  OF A  2257706,312,4,50,PR,312_PR_4,28800,21600,21884,21917,22268,23216,22827,22905,28253,312_PR_4,4,2,21884,50
250,INSTITUTO HEBREO S.A.,Las Condes,3,AV.LAS CONDES 13450,56,1,150,LC,56_LC_1,28800,21600,21889,21939,22326,23231,22922,22990,28299,56_LC_1,1,3,21889,150
251,INSTITUTO NACIONAL DE DEPORTES,Providencia,2,FIDEL OTEIZA 1956 P.3,313,4,50,PR,313_PR_4,28800,21600,21896,21966,22338,23346,22925,23244,28480,313_PR_4,4,2,21896,50
252,INSTITUTO NACIONAL DE DEPORTES,Providencia,2,FIDEL OTEIZA 1956  P.8,163,2,120,PR,163_PR_2,28800,21600,21896,21966,22338,23346,22925,23244,28480,163_PR_2,2,2,21896,120
253,INTERPLUS S.A.,—uÒoa,5,JOSE P.ALESSANDRI 1800,164,2,90,NU,164_NU_2,28800,21600,21908,21973,22361,23425,23002,23253,28517,164_NU_2,2,5,21908,90
254,INVERSIONES Y SERVICIOS S.A.,Santiago,1,HUERFANOS 979 P 7,314,4,20,SA,314_SA_4,28800,21600,21917,22013,22381,23443,23013,23258,28540,314_SA_4,4,1,21917,20
255,ISAPRE COLMENA GOLDEN CROSS S.A.,Las Condes,3,APOQUINDO 5009 DPTO DE OPERACIONES,380,5,234,LC,380_LC_5,28800,21600,21917,22026,22396,23451,23016,23421,29219,380_LC_5,5,3,21917,234
256,ISAPRE CONSALUD S.A.,Santiago,1,ALAMEDA 1511 P.7,59,1,60,SA,59_SA_1,28800,21600,21918,22034,22401,23457,23029,23718,29267,59_SA_1,1,1,21918,60
257,ISAPRE CONSALUD S.A.,Santiago,1,SAN MARTIN 30 PISO 1,57,1,60,SA,57_SA_1,28800,21600,21918,22034,22401,23457,23029,23718,29267,57_SA_1,1,1,21918,60
258,ISAPRE CONSALUD S.A.,Santiago,1,ALAMEDA 1511 P.7,58,1,60,SA,58_SA_1,28800,21600,21918,22034,22401,23457,23029,23718,29267,58_SA_1,1,1,21918,60
259,ISAPRE PROMEPART,Santiago,1,MERCED 280 PISO 3,165,2,120,SA,165_SA_2,28800,21600,21965,22079,22410,23460,23056,23799,29855,165_SA_2,2,1,21965,120
260,ISE LAS AMERICAS CIA DE SEG DE VIDA S.A.,Las Condes,3,AV. EL BOSQUE NORTE 0177 OF. 602,60,1,90,LC,60_LC_1,28800,21600,21973,22173,22419,23467,23076,23896,29912,60_LC_1,1,3,21973,90
261,JOHNSON`S S.A.,Santiago,1,—UBLE   1055  P. 2,167,2,60,SA,167_SA_2,28800,21600,21977,22187,22478,23535,23111,24386,29977,167_SA_2,2,1,21977,60
262,JOHNSON`S S.A.,Santiago,1,AGUSTINAS 978,64,1,10,SA,64_SA_1,28800,21600,21977,22187,22478,23535,23111,24386,29977,64_SA_1,1,1,21977,10
263,JOHNSON`S S.A.,Santiago,1,AHUMADA 55 PISO 2,62,1,150,SA,62_SA_1,28800,21600,21977,22187,22478,23535,23111,24386,29977,62_SA_1,1,1,21977,150
264,JOHNSON`S S.A.,Santiago,1,NUBLE 1034 PISO 2,61,1,30,SA,61_SA_1,28800,21600,21977,22187,22478,23535,23111,24386,29977,61_SA_1,1,1,21977,30
265,JOHNSON`S S.A.,Santiago,1,AVDA. KENNEDY 5413 L-123,166,2,40,SA,166_SA_2,28800,21600,21977,22187,22478,23535,23111,24386,29977,166_SA_2,2,1,21977,40
266,JOHNSON`S S.A.,Santiago,1,—UBLE 1008 REC HUMANOS,65,1,30,SA,65_SA_1,28800,21600,21977,22187,22478,23535,23111,24386,29977,65_SA_1,1,1,21977,30
267,JOHNSON`S S.A.,Santiago,1,MATIAS COUSI—O  64 E P OF 1,63,1,75,SA,63_SA_1,28800,21600,21977,22187,22478,23535,23111,24386,29977,63_SA_1,1,1,21977,75
268,JOHNSON`S S.A.,Santiago,1,SAN DIEGO 1856 PISO 2 AUDITORIA,381,5,60,SA,381_SA_5,28800,21600,21977,22187,22478,23535,23111,24386,29977,381_SA_5,5,1,21977,60
269,KOCH INGENIERIA (CHILE) LTDA.,Las Condes,3,EL BOSQUE NORTE 0440 OF.1202,242,3,40,LC,242_LC_3,28800,21600,22000,22246,22487,23566,23133,24424,30221,242_LC_3,3,3,22000,40
270,KPMG JERIA Y ASOC. AUDIT. CONSULT. LTDA.,Santiago,1,MONJITAS 527 PISO 13 OF 1304,315,4,180,SA,315_SA_4,28800,21600,22007,22296,22514,23582,23450,24512,30361,315_SA_4,4,1,22007,180
271,LABORATORIO CHILE S.A.,—uÒoa,5,AV MARATON 1315,316,4,60,NU,316_NU_4,28800,21600,22020,22299,22620,23607,23559,24742,30436,316_NU_4,4,5,22020,60
272,LABORATORIO RECALCINE,Providencia,2,PEDRO DE VALDIVIA 428,66,1,75,PR,66_PR_1,28800,21600,22029,22315,22643,23629,23780,24853,30712,66_PR_1,1,2,22029,75
273,LABORATORIO RIDER S.A.,Santiago,1,PLACER 1354  PISO 2,168,2,60,SA,168_SA_2,28800,21600,22039,22341,22644,23717,23809,24883,30833,168_SA_2,2,1,22039,60
274,LAS AGUILAS LTDA.,Santiago,1,BANDERA 84 P2 OF 215,67,1,60,SA,67_SA_1,28800,21600,22063,22342,22698,23744,23854,24947,30836,67_SA_1,1,1,22063,60
275,LE MANS ISE CIA.DE SEG.GENERALES S.A.,Las Condes,3,ENCOMENDEROS 138,317,4,45,LC,317_LC_4,28800,21600,22066,22387,22703,23744,23856,24969,31059,317_LC_4,4,3,22066,45
276,LEXIS NEXIS CHILE LTDA,Santiago,1,MIRAFLORES 383 P.12,243,3,120,SA,243_SA_3,28800,21600,22072,22531,22708,23744,23920,25161,31101,243_SA_3,3,1,22072,120
277,LEXIS NEXIS CHILE LTDA,Santiago,1,MIRAFLORES  383 PISO 12,318,4,240,SA,318_SA_4,28800,21600,22072,22531,22708,23744,23920,25161,31101,318_SA_4,4,1,22072,240
278,LIBRERIA GONZALEZ Y ASPE LTDA,Santiago,1,LIRA 192 LOCAL G,68,1,120,SA,68_SA_1,28800,21600,22081,22551,22744,23752,23959,25285,31367,68_SA_1,1,1,22081,120
279,LOPEZ MARTINEZ MARIA EUGENIA,Vitacura,4,VITACURA 8400 LOCAL   D,69,1,60,VI,69_VI_1,28800,21600,22083,22569,22859,23755,23978,25332,31426,69_VI_1,1,4,22083,60
280,MANQUEHUE NET S.A.,Providencia,2,11 DE SEPTIEMBRE 2260 LOC 51,382,5,30,PR,382_PR_5,28800,21600,22099,22574,22861,23755,24042,25456,31529,382_PR_5,5,2,22099,30
281,MARIANA THOMSEN Y CIA.LTDA.,Providencia,2,MANUEL MONTT 2000,319,4,90,PR,319_PR_4,28800,21600,22101,22581,22894,23759,24051,25531,31713,319_PR_4,4,2,22101,90
282,MAX HUBER REPROTECNICA LTDA.,Providencia,2,GENERAL DEL CANTO 276,71,1,520,PR,71_PR_1,28800,21600,22118,22595,22919,23822,24055,25545,31715,71_PR_1,1,2,22118,520
283,MAX HUBER REPROTECNICA LTDA.,Santiago,1,MIRAFLORES 109,70,1,180,SA,70_SA_1,28800,21600,22118,22595,22919,23822,24055,25545,31715,70_SA_1,1,1,22118,180
284,MAX HUBER REPROTECNICA LTDA.,Santiago,1,MIRAFLORES 109,170,2,120,SA,170_SA_2,28800,21600,22118,22595,22919,23822,24055,25545,31715,170_SA_2,2,1,22118,120
285,MAX HUBER REPROTECNICA LTDA.,Santiago,1,MONEDA 1045,244,3,80,SA,244_SA_3,28800,21600,22118,22595,22919,23822,24055,25545,31715,244_SA_3,3,1,22118,80
286,MAX HUBER REPROTECNICA LTDA.,Las Condes,3,APOQUINDO 4900-LOCAL 82,169,2,135,LC,169_LC_2,28800,21600,22118,22595,22919,23822,24055,25545,31715,169_LC_2,2,3,22118,135
287,MINERA LAS CENIZAS S.A.,Providencia,2,CORONEL 2354,171,2,65,PR,171_PR_2,28800,21600,22128,22602,22948,23911,24129,25603,31982,171_PR_2,2,2,22128,65
288,MINIST DE DEFENSA SUBSEC INVEST,—uÒoa,5,AV JOSE PEDRO ALESSANDRI 1800,172,2,60,NU,172_NU_2,28800,21600,22170,22621,22978,23919,24150,25617,32245,172_NU_2,2,5,22170,60
289,MINISTERIO DEL INTERIOR,Santiago,1,PALACIO DE LA MONEDA OF.110,321,4,240,SA,321_SA_4,28800,21600,22190,22702,23013,23925,24321,25763,32337,321_SA_4,4,1,22190,240
290,MINISTERIO DEL INTERIOR,Santiago,1,AGUSTINAS  1235  P. 4,383,5,240,SA,383_SA_5,28800,21600,22190,22702,23013,23925,24321,25763,32337,383_SA_5,5,1,22190,240
291,MINISTERIO DEL INTERIOR,Providencia,2,TORRES BOONEN 511 PISO 1,73,1,120,PR,73_PR_1,28800,21600,22190,22702,23013,23925,24321,25763,32337,73_PR_1,1,2,22190,120
292,MINISTERIO DEL INTERIOR,Santiago,1,AGUSTINAS 1235 P.8,72,1,195,SA,72_SA_1,28800,21600,22190,22702,23013,23925,24321,25763,32337,72_SA_1,1,1,22190,195
293,MINISTERIO DEL INTERIOR,Santiago,1,PALACIO DE MONEDA GAB. SR MINISTRO,320,4,120,SA,320_SA_4,28800,21600,22190,22702,23013,23925,24321,25763,32337,320_SA_4,4,1,22190,120
294,MINISTERIO DEL INTERIOR,Santiago,1,AGUSTINAS 1235 PISO 3 OF.DERECHOS HUMANO,322,4,90,SA,322_SA_4,28800,21600,22190,22702,23013,23925,24321,25763,32337,322_SA_4,4,1,22190,90
295,MINISTERIO SECRETARIA GRAL. DE GOBIERNO,Santiago,1,TEATINOS 20 OF.47,245,3,160,SA,245_SA_3,28800,21600,22193,22719,23050,23959,24410,25878,32703,245_SA_3,3,1,22193,160
296,MINISTERIO SECRETARIA GRAL. DE GOBIERNO,Santiago,1,ALAMEDA 886 PISO 2 ALA NORTE,384,5,240,SA,384_SA_5,28800,21600,22193,22719,23050,23959,24410,25878,32703,384_SA_5,5,1,22193,240
297,MINISTERIO SECRETARIA GRAL. DE GOBIERNO,Santiago,1,PALACIO MONEDA  P 4 DUPLICACION,323,4,120,SA,323_SA_4,28800,21600,22193,22719,23050,23959,24410,25878,32703,323_SA_4,4,1,22193,120
298,MITSUI TRADING AND SERVICE LTDA.,Las Condes,3,AV ANDRES BELLO 2711 P 11,246,3,100,LC,246_LC_3,28800,21600,22199,22741,23128,23960,24432,26098,32873,246_LC_3,3,3,22199,100
299,MMRR.EE.DIR.RELAC.ECONOM.INTERNC,Santiago,1,TEATINOS 20 P.9 PRO CHILE OF. 91,247,3,90,SA,247_SA_3,28800,21600,22199,22755,23133,24034,24467,26104,32932,247_SA_3,3,1,22199,90
300,MONTRONE PLA S.A.,Santiago,1,SANTA R0SA 2055 P 3 RRHH,74,1,60,SA,74_SA_1,28800,21600,22203,22787,23205,24252,24495,26281,33067,74_SA_1,1,1,22203,60
301,MOP DIRECCION GENERAL,Santiago,1,MORANDE 59 P10  DIR.ARQUITEC.OF.1015,75,1,75,SA,75_SA_1,28800,21600,22223,22799,23279,24265,24591,26408,33153,75_SA_1,1,1,22223,75
302,MOP DIRECCION GENERAL,Santiago,1,MORANDE 59 P 7 OF. DE PARTES,174,2,360,SA,174_SA_2,28800,21600,22223,22799,23279,24265,24591,26408,33153,174_SA_2,2,1,22223,360
303,MOP DIRECCION GENERAL,Santiago,1,MORANDE 59 P 10 EDIF.PUBLICA OF.1001,173,2,55,SA,173_SA_2,28800,21600,22223,22799,23279,24265,24591,26408,33153,173_SA_2,2,1,22223,55
304,MOP DIRECCION GENERAL,Santiago,1,BOMBERO SALAS 1351 P 7,175,2,90,SA,175_SA_2,28800,21600,22223,22799,23279,24265,24591,26408,33153,175_SA_2,2,1,22223,90
305,MOP DIRECCION GENERAL,Santiago,1,MORANDE 59  P4  (FISCALIA),385,5,60,SA,385_SA_5,28800,21600,22223,22799,23279,24265,24591,26408,33153,385_SA_5,5,1,22223,60
306,MULTINEGOCIOS S.A.,Santiago,1,AGUSTINAS 785 P.9,248,3,60,SA,248_SA_3,28800,21600,22235,22816,23284,24306,24680,26415,33158,248_SA_3,3,1,22235,60
307,MUTUAL DE SEGURIDAD C CH. C,Santiago,1,ALAMEDA 4848  HOLL,176,2,90,SA,176_SA_2,28800,21600,22240,22867,23315,24429,24717,26458,33370,176_SA_2,2,1,22240,90
308,MUTUALIDAD DEL EJERCITO Y AVIACION,Providencia,2,AV. 11 DE SEPTIEMBRE 2336 P.2,177,2,50,PR,177_PR_2,28800,21600,22248,22908,23317,24451,24744,26513,34154,177_PR_2,2,2,22248,50
309,NCR CHILE LTDA.,Santiago,1,MIRAFLORES 383 P.17,249,3,75,SA,249_SA_3,28800,21600,22254,22919,23386,24453,24766,26647,34333,249_SA_3,3,1,22254,75
310,NETCO LTDA.,Santiago,1,EJERCITO LIBERTADOR 146 SALA MULTIUSO,76,1,100,SA,76_SA_1,28800,21600,22275,22944,23430,24576,24959,26699,34641,76_SA_1,1,1,22275,100
311,NOTARIA PATRICIO RABY BENAVENTE,Santiago,1,MONEDA 920 P 2 OF 205,250,3,60,SA,250_SA_3,28800,21600,22300,22947,23471,24602,24993,26851,34657,250_SA_3,3,1,22300,60
312,NOTARIA PATRICIO RABY BENAVENTE,Santiago,1,MONEDA 920 P 2 OF 205,77,1,120,SA,77_SA_1,28800,21600,22300,22947,23471,24602,24993,26851,34657,77_SA_1,1,1,22300,120
313,NOVARTIS CHILE S.A.,—uÒoa,5,FRANCISCO MENESES 1980,178,2,20,NU,178_NU_2,28800,21600,22311,22984,23491,24620,25033,27234,34687,178_NU_2,2,5,22311,20
314,OLIMPIA  SCHNEIDER MOENNE-LOCCOZ,Santiago,1,HUERFANOS 1055 LOCAL 328,324,4,130,SA,324_SA_4,28800,21600,22325,23021,23503,24644,25179,27259,35641,324_SA_4,4,1,22325,130
315,PARIS CORREDORES DE SEGUROS LTDA.,Providencia,2,RICARDO LYON 222 P9 OF 901,325,4,180,PR,325_PR_4,28800,21600,22326,23075,23520,24684,25283,27332,36185,325_PR_4,4,2,22326,180
316,PATINO SABAG EDUARDO,Santiago,1,COMPA?IA 1390 OF. 909,386,5,90,SA,386_SA_5,28800,21600,22338,23146,23555,24700,25318,27500,36386,386_SA_5,5,1,22338,90
317,PATRONATO NAC. DE LA INFANCIA,Providencia,2,PEDRO DE VALDIVIA 844,179,2,100,PR,179_PR_2,28800,21600,22346,23171,23562,24705,25512,27552,36501,179_PR_2,2,2,22346,100
318,PCS-CORP,Providencia,2,"11 DE SEPTIEMBRE 2155 OF. 903, TORRE A",251,3,60,PR,251_PR_3,28800,21600,22365,23183,23642,24735,25543,27597,36675,251_PR_3,3,2,22365,60
319,PIRELLI NEUMATICOS,Las Condes,3,AV. NVA TAJAMAR 555  OF 302,180,2,60,LC,180_LC_2,28800,21600,22399,23208,23667,24742,25619,27745,36802,180_LC_2,2,3,22399,60
320,PONTIFICIA UNIVERSIDAD CATOLICA,Santiago,1,LIRA 41 DPTO 5    (130),326,4,1,SA,326_SA_4,28800,21600,22415,23210,23698,24802,25674,27953,37846,326_SA_4,4,1,22415,1
321,PONTIFICIA UNIVERSIDAD CATOLICA,Santiago,1,EL COMENDADOR 1946 ADM.CAMPUS LO CONTADO,78,1,60,SA,78_SA_1,28800,21600,22415,23210,23698,24802,25674,27953,37846,78_SA_1,1,1,22415,60
322,PONTIFICIA UNIVERSIDAD CATOLICA,Santiago,1,MARCOLETA 345 P 2 B. SANGRE (320),79,1,100,SA,79_SA_1,28800,21600,22415,23210,23698,24802,25674,27953,37846,79_SA_1,1,1,22415,100
323,PONTIFICIA UNIVERSIDAD CATOLICA,Las Condes,3,MALL ALTO LAS CONDES LOCAL 1106,181,2,120,LC,181_LC_2,28800,21600,22415,23210,23698,24802,25674,27953,37846,181_LC_2,2,3,22415,120
324,PONTIFICIA UNIVERSIDAD CATOLICA,Santiago,1,MARCOLETA 352  SALUD PUBLICA P1(670),252,3,55,SA,252_SA_3,28800,21600,22415,23210,23698,24802,25674,27953,37846,252_SA_3,3,1,22415,55
325,PORTA SYSTEMS CHILE,Santiago,1,LIVINGSTONE 72,387,5,90,SA,387_SA_5,28800,21600,22427,23239,23793,24845,25696,28056,37969,387_SA_5,5,1,22427,90
326,PRECISION HISPANA,Santiago,1,EJERCITO 521 PISO 2,80,1,90,SA,80_SA_1,28800,21600,22437,23248,23847,24859,25771,28172,37999,80_SA_1,1,1,22437,90
327,PREFECTURA CARABINEROS SANTIAGO CENTRO,Santiago,1,STO DOMINGO 714 1 COMIS STGO,81,1,60,SA,81_SA_1,28800,21600,22445,23263,23852,24896,25810,28178,38064,81_SA_1,1,1,22445,60
328,PRESIDENCIA DE LA REPUBLICA,Santiago,1,NUEVA YORK 9 PISO 17,388,5,60,SA,388_SA_5,28800,21600,22465,23288,23883,24898,25858,28409,38420,388_SA_5,5,1,22465,60
329,PROCESOS INTEGRALES VIVACOOP S.A.,Santiago,1,AHUMADA 341 PISO 6,389,5,90,SA,389_SA_5,28800,21600,22468,23325,23937,24954,25936,28462,38447,389_SA_5,5,1,22468,90
330,PROCESOS INTEGRALES VIVACOOP S.A.,Santiago,1,AHUMADA 341 PISO 6,253,3,60,SA,253_SA_3,28800,21600,22468,23325,23937,24954,25936,28462,38447,253_SA_3,3,1,22468,60
331,PROSPECTA S.A.,Vitacura,4,VITACURA 2736 P-18,82,1,30,VI,82_VI_1,28800,21600,22480,23340,23974,24963,25944,28534,39127,82_VI_1,1,4,22480,30
332,PUBLICITARIA SUTIL Y ASOCIADOS S.A,Las Condes,3,SAN SEBASTIAN 2909 OF 101,390,5,180,LC,390_LC_5,28800,21600,22510,23352,23985,25102,26008,28563,39278,390_LC_5,5,3,22510,180
333,RED DE TELEVISION CHILEVISION S. A.,Providencia,2,INES MATTE URREJOLA 0825,255,3,150,PR,255_PR_3,28800,21600,22521,23372,24030,25205,26132,28570,39881,255_PR_3,3,2,22521,150
334,RED DE TELEVISION CHILEVISION S. A.,Providencia,2,INES MATTE URREJOLA 0825,254,3,60,PR,254_PR_3,28800,21600,22521,23372,24030,25205,26132,28570,39881,254_PR_3,3,2,22521,60
335,RENE WIEGAND KOCH Y CIA LTDA,Providencia,2,PIO NONO 1  PISO 4 FAC.DERECHO,256,3,90,PR,256_PR_3,28800,21600,22525,23373,24057,25217,26216,28648,40127,256_PR_3,3,2,22525,90
336,ROENSA S.A.,Santiago,1,NATANIEL COX 1481,257,3,5,SA,257_SA_3,28800,21600,22571,23426,24113,25270,26218,28665,40581,257_SA_3,3,1,22571,5
337,RUIZ RUIZ ANGEL GASPAR,Santiago,1,MIRAFLORES 211,258,3,120,SA,258_SA_3,28800,21600,22603,23462,24172,25282,26241,28797,40814,258_SA_3,3,1,22603,120
338,RUIZ RUIZ ANGEL GASPAR,Santiago,1,MIRAFLORES 211,83,1,240,SA,83_SA_1,28800,21600,22603,23462,24172,25282,26241,28797,40814,83_SA_1,1,1,22603,240
339,S.A.C.I. FALABELLA,Santiago,1,ROSAS 1665 P.2 GCIA. ADM. Y FINANZAS,327,4,120,SA,327_SA_4,28800,21600,22613,23472,24180,25331,26287,29017,40951,327_SA_4,4,1,22613,120
340,SAC  CHILE S.A.,Las Condes,3,SAN SEBASTIAN 2839,84,1,15,LC,84_LC_1,28800,21600,22616,23488,24182,25408,26398,29159,41365,84_LC_1,1,3,22616,15
341,SALCOBRAND S.A.,Providencia,2,COYANCURA  2283  OF. 1502,85,1,70,PR,85_PR_1,28800,21600,22625,23518,24327,25408,26414,29302,41567,85_PR_1,1,2,22625,70
342,SALVI HERMANOS LTDA.,Providencia,2,MANUEL MONTT 844,86,1,90,PR,86_PR_1,28800,21600,22635,23629,24330,25442,26444,29364,42017,86_PR_1,1,2,22635,90
343,SANHUEZA VALLADARES CARLOS,Santiago,1,HUERFANOS 1294 OF 21,259,3,110,SA,259_SA_3,28800,21600,22648,23651,24334,25626,26580,29726,42168,259_SA_3,3,1,22648,110
344,SANTANDER GESTION DE RECAUD. Y COB. LTDA,Santiago,1,MONEDA 856 PISO 5 OF. 502,260,3,120,SA,260_SA_3,28800,21600,22671,23718,24406,25653,26621,29726,42399,260_SA_3,3,1,22671,120
345,SEC.REG.M.DE BIENES NAC.P.S.TIT.,Santiago,1,JUAN ANTONIO RIOS 6 P.5 DECRET,261,3,90,SA,261_SA_3,28800,21600,22691,23737,24446,25925,26651,29736,42632,261_SA_3,3,1,22691,90
346,SEC.REG.MINST.DE TRASP.Y TELECOM,Santiago,1,AMUNATEGUI 139 PISO 9,87,1,60,SA,87_SA_1,28800,21600,22696,23738,24451,26076,26714,29775,42792,87_SA_1,1,1,22696,60
347,SEC.REG.MINST.DE TRASP.Y TELECOM,Santiago,1,AMUNATEGUI 139 PISO 2 BIBLIOTECA,262,3,120,SA,262_SA_3,28800,21600,22696,23738,24451,26076,26714,29775,42792,262_SA_3,3,1,22696,120
348,SEGURIDAD Y  TELECOMUNICACIONES S.A.,Las Condes,3,LAS CONDES 7300,88,1,120,LC,88_LC_1,28800,21600,22714,23755,24456,26116,26733,29922,43003,88_LC_1,1,3,22714,120
349,SEGUROS SECURITY PREVISION GENERALES S.A,Las Condes,3,HENDAYA 60 PISO 6 OF.601,328,4,120,LC,328_LC_4,28800,21600,22715,23877,24474,26332,26735,29934,43200,328_LC_4,4,3,22715,120
350,SEGUROS SECURITY PREVISION GENERALES S.A,Las Condes,3,HENDAYA 60 P7,329,4,90,LC,329_LC_4,28800,21600,22715,23877,24474,26332,26735,29934,43200,329_LC_4,4,3,22715,90
351,SEGUROS VIDA SECURITY PREVISION S.A.,Las Condes,3,HENDAYA 60 PISO 7 CASA MATRIZ,182,2,60,LC,182_LC_2,28800,21600,22736,23903,24478,26359,26782,29965,43302,182_LC_2,2,3,22736,60
352,SEGURY CORP S.A.,—uÒoa,5,SUCRE 1828,183,2,20,NU,183_NU_2,28800,21600,22749,23913,24580,26433,26885,30105,43353,183_NU_2,2,5,22749,20
353,SENADO DE LA REPUBLICA,Santiago,1,SAN MARTIN 32 P.2,263,3,60,SA,263_SA_3,28800,21600,22751,23936,24639,26454,26993,30153,43798,263_SA_3,3,1,22751,60
354,SENADO DE LA REPUBLICA,Santiago,1,SAN MARTIN 32 P.2,184,2,15,SA,184_SA_2,28800,21600,22751,23936,24639,26454,26993,30153,43798,184_SA_2,2,1,22751,15
355,SER.DE RG.CIVIL E IDENTIFICACION,Santiago,1,CATEDRAL 1772 PISO 6 PRESUPUESTO,185,2,35,SA,185_SA_2,28800,21600,22758,23959,24862,26482,27041,30164,44003,185_SA_2,2,1,22758,35
356,SER.DE RG.CIVIL E IDENTIFICACION,Santiago,1,CATEDRAL 1772 P.4,331,4,160,SA,331_SA_4,28800,21600,22758,23959,24862,26482,27041,30164,44003,331_SA_4,4,1,22758,160
357,SER.DE RG.CIVIL E IDENTIFICACION,Santiago,1,HUERFANOS 1570 P3 DIR REGIONAL,330,4,120,SA,330_SA_4,28800,21600,22758,23959,24862,26482,27041,30164,44003,330_SA_4,4,1,22758,120
358,SERV. INTEGRALES DE COMERCIO EXTERIOR LT,Santiago,1,MONJITAS 392 P 11 OF 1103,264,3,65,SA,264_SA_3,28800,21600,22762,24119,24995,26546,27315,30299,44011,264_SA_3,3,1,22762,65
359,SERV.DE CORRESPONDENCIA ENVIA LTDA,Providencia,2,CALLE BARROS ERRAZURIZ 1954 OF.1602,186,2,120,PR,186_PR_2,28800,21600,22763,24131,25028,26788,27361,30373,44124,186_PR_2,2,2,22763,120
360,SERVICIO DE IMPUESTOS INTERNOS,Santiago,1,TEATINOS 120 SUBTERRANEO,187,2,210,SA,187_SA_2,28800,21600,22798,24151,25054,26797,27364,30638,44549,187_SA_2,2,1,22798,210
361,SERVICIOS DE ADMIN. PREVISIONALES S.A.,Providencia,2,MARCHANT PEREIRA 10  P.16,89,1,70,PR,89_PR_1,28800,21600,22798,24158,25097,26840,27441,30883,44552,89_PR_1,1,2,22798,70
362,SERVICIOS DE CONTROL DE CREDITOS S.A.,Santiago,1,MONJITAS 550 P2 OF 7,90,1,90,SA,90_SA_1,28800,21600,22802,24170,25103,26861,27620,31179,45160,90_SA_1,1,1,22802,90
363,SERVICIOS DE INGENIERIA LTDA.,Las Condes,3,AV VITACURA  2771 OF 1101 B,391,5,75,LC,391_LC_5,28800,21600,22845,24175,25135,26961,27732,31353,45260,391_LC_5,5,3,22845,75
364,SERVICIOS GENERALES LTDA.,Providencia,2,AV. RICARDO LYON 1177 CENTRAL,393,5,150,PR,393_PR_5,28800,21600,22873,24187,25175,27041,27849,31577,45260,393_PR_5,5,2,22873,150
365,SERVICIOS GENERALES LTDA.,Providencia,2,LADISLAO ERRAZURIZ 2121,91,1,120,PR,91_PR_1,28800,21600,22873,24187,25175,27041,27849,31577,45260,91_PR_1,1,2,22873,120
366,SERVICIOS GENERALES LTDA.,Providencia,2,AV. RICARDO LYON 1177 CENTRO D.,392,5,35,PR,392_PR_5,28800,21600,22873,24187,25175,27041,27849,31577,45260,392_PR_5,5,2,22873,35
367,SERVICIOS GRAFICOS JCV S.A.,Vitacura,4,VITACURA 2653 B,188,2,100,VI,188_VI_2,28800,21600,22876,24234,25210,27079,27928,32140,45947,188_VI_2,2,4,22876,100
368,SHELL CHILE S.A.C.E.I.,Providencia,2,CARLOS ANTUNEZ 2490,332,4,120,PR,332_PR_4,28800,21600,22939,24244,25245,27086,27978,32623,47080,332_PR_4,4,2,22939,120
369,SIEMENS S.A.,Providencia,2,AV HOLANDA 64,265,3,100,PR,265_PR_3,28800,21600,22944,24315,25297,27094,28051,32882,47558,265_PR_3,3,2,22944,100
370,SOC FORESTAL LOS ESTEROS LTDA,Santiago,1,COMPANIA 1068  OF 607,92,1,60,SA,92_SA_1,28800,21600,23016,24358,25317,27136,28251,32994,48630,92_SA_1,1,1,23016,60
371,SOC.AGRIC.ABOUGHAZALEH HNOS.LTDA.,Vitacura,4,AV LUIS  PASTEUR  5842  OF. 400,333,4,90,VI,333_VI_4,28800,21600,23073,24383,25455,27148,28539,33121,49070,333_VI_4,4,4,23073,90
372,SOC.INMOBILIARIA SAN CRISTOBAL,Providencia,2,AV.STA. MARIA 1742 INGENIERIA,394,5,75,PR,394_PR_5,28800,21600,23132,24420,25545,27153,28602,33211,49533,394_PR_5,5,2,23132,75
373,SOCIEDAD CONSTRUCTORA ELECTRICA LTDA.,Santiago,1,HUERFANOS  1178 OF 509,93,1,90,SA,93_SA_1,28800,21600,23215,24452,25596,27539,28604,33649,49966,93_SA_1,1,1,23215,90
374,SODEXHO CHILE S.A.,—uÒoa,5,WILLIAMS REBOLLEDO 1799  P.2.EDIF NUEVO,94,1,160,NU,94_NU_1,28800,21600,23237,24478,25684,27883,28605,34247,50239,94_NU_1,1,5,23237,160
375,SONDA S.A.,Santiago,1,TEATINOS 500 P.8,95,1,140,SA,95_SA_1,28800,21600,23291,24523,26011,28035,28835,34305,50986,95_SA_1,1,1,23291,140
376,SOUTH EXPRESS CARGO S.A.,Santiago,1,SOTERO DEL RIO 508 OF 1027,334,4,30,SA,334_SA_4,28800,21600,23371,24582,26163,28149,28979,34552,51644,334_SA_4,4,1,23371,30
377,STECK Y CIA. LTDA.,Vitacura,4,BUENAVENTURA 1770 L.6,96,1,50,VI,96_VI_1,28800,21600,23375,24670,26170,28379,29158,34945,53045,96_VI_1,1,4,23375,50
378,STUEDEMANN S.A.,Providencia,2,CONDELL 303 STUDIO PRINT,98,1,10,PR,98_PR_1,28800,21600,23478,24706,26190,28489,29539,35773,53063,98_PR_1,1,2,23478,10
379,STUEDEMANN S.A.,Providencia,2,CONDELL 303 STUDIOPRINT,97,1,20,PR,97_PR_1,28800,21600,23478,24706,26190,28489,29539,35773,53063,97_PR_1,1,2,23478,20
380,SUP.DE ADMNST.FDOS.DE PENSIONES,Santiago,1,HUERFANOS 1273 P.14,335,4,30,SA,335_SA_4,28800,21600,23503,24778,26388,28601,29594,35910,53215,335_SA_4,4,1,23503,30
381,SUPERINT DE INSTIT DE SALUD PREVISIONAL,Santiago,1,MAC IVER 225 P 3,266,3,80,SA,266_SA_3,28800,21600,23504,24924,26390,28633,29804,36393,54655,266_SA_3,3,1,23504,80
382,SUPERINTENDENCIA DE ELECTRICIDAD Y COMBU,Santiago,1,AMUNATEGUI 58 P.5,99,1,75,SA,99_SA_1,28800,21600,23527,25063,26572,28727,30041,36941,56772,99_SA_1,1,1,23527,75
383,SUPERMERCADO VESPUCIO SUR LTDA.,—uÒoa,5,A.VESPUCIO SUR 881 OF. DE COMPRAS,267,3,50,NU,267_NU_3,28800,21600,23540,25204,26693,28787,30045,37425,57828,267_NU_3,3,5,23540,50
384,SUPERMERCADOS UNIMARC S.A.,Vitacura,4,AV SANTA MARIA 6940 LIBRERIA,336,4,240,VI,336_VI_4,28800,21600,23701,25488,26741,28859,30140,38957,57866,336_VI_4,4,4,23701,240
385,TECNA-VAL,Providencia,2,BARROS BORGONO 255,337,4,1,PR,337_PR_4,28800,21600,23767,25534,26969,29316,31028,39079,57970,337_PR_4,4,2,23767,1
386,TRANSBANK S.A.,Santiago,1,HUERFANOS 770 P8,395,5,90,SA,395_SA_5,28800,21600,23940,25539,26975,29569,31038,40083,58059,395_SA_5,5,1,23940,90
387,TRANSBANK S.A.,Santiago,1,HUERFANOS 770 P 11 GCIA.GRAL.,338,4,60,SA,338_SA_4,28800,21600,23940,25539,26975,29569,31038,40083,58059,338_SA_4,4,1,23940,60
388,TUR BUS LTDA.,Santiago,1,RUIZ TAGLE 220 P.1 AT CLIENTES,396,5,60,SA,396_SA_5,28800,21600,24012,25688,27104,29695,31052,40634,58705,396_SA_5,5,1,24012,60
389,TUR BUS LTDA.,Santiago,1,DOLORES 800  OPERACIONES P.2,397,5,10,SA,397_SA_5,28800,21600,24012,25688,27104,29695,31052,40634,58705,397_SA_5,5,1,24012,10
390,UNIVERSIDAD CENTRAL,Santiago,1,TOESCA 1783 METRO TOESCA P 1,268,3,90,SA,268_SA_3,28800,21600,24069,25956,27164,29783,31089,41430,60552,268_SA_3,3,1,24069,90
391,UNIVERSIDAD DE CHILE,—uÒoa,5,IGNACIO CARRERA PINTO 1045 CENTRAL APUNT,398,5,150,NU,398_NU_5,28800,21600,24139,26084,27269,29811,31136,41915,66053,398_NU_5,5,5,24139,150
392,UNIVERSIDAD DE CHILE,Santiago,1,PLAZA ERCILLA 883 OF.PARTES,340,4,60,SA,340_SA_4,28800,21600,24139,26084,27269,29811,31136,41915,66053,340_SA_4,4,1,24139,60
393,UNIVERSIDAD DE CHILE,Santiago,1,DIAGONAL PARAGUAY 257-PISO 1,339,4,140,SA,339_SA_4,28800,21600,24139,26084,27269,29811,31136,41915,66053,339_SA_4,4,1,24139,140
394,UNIVERSIDAD DE CHILE,Providencia,2,PIO NONO NRO.1,189,2,80,PR,189_PR_2,28800,21600,24139,26084,27269,29811,31136,41915,66053,189_PR_2,2,2,24139,80
395,UNIVERSIDAD DE LA REPUBLICA,Santiago,1,AGUSTINAS 1831 -CENTRAL DE APUNTES,399,5,60,SA,399_SA_5,28800,21600,24290,27037,27402,29935,31935,43428,66059,399_SA_5,5,1,24290,60
396,UNIVERSIDAD DE LA REPUBLICA,Santiago,1,AGUSTINAS 1831,190,2,30,SA,190_SA_2,28800,21600,24290,27037,27402,29935,31935,43428,66059,190_SA_2,2,1,24290,30
397,UNIVERSIDAD FINIS TERRAE,Providencia,2,AV. PEDRO DE VALDIVIA 1543,100,1,60,PR,100_PR_1,28800,21600,24402,27449,27650,30511,32063,43706,67716,100_PR_1,1,2,24402,60
398,UNIVERSIDAD TECNICA METROPOLITANA,Santiago,1,VIDAURRE 1550 P/4 COMPUTACION,269,3,40,SA,269_SA_3,28800,21600,24602,28058,29129,30851,32209,43714,73443,269_SA_3,3,1,24602,40
399,VM.ICA SISTEMAS Y TECNOLOGIA LTDA.,Providencia,2,FIDEL OTEIZA 1916 OF.1001,400,5,45,PR,400_PR_5,28800,21600,25331,28773,29174,30860,32654,43865,80727,400_PR_5,5,2,25331,45
400,WARNER MUSIC CHILE S.A.,Providencia,2,AV. POCURO 2262,270,3,75,PR,270_PR_3,28800,21600,25359,28832,29542,30860,37833,54987,81367,270_PR_3,3,2,25359,75