#Nombre,n,rho,Satisfied,DiaAten,Service,Penalty,noise,n
191_PR_3,3.031838934,0.46133619,1,3,60,2151,0.031838934,3
101_PR_2,3.069969407,0.46133619,1,2,60,2151,0.069969407,3
341_SA_5,2.018910181,0.02838908,1,5,70,2096,0.018910181,2
102_SA_2,3.031757136,0.50508015,1,2,120,3423,0.031757136,3
2_SA_1,1.089968861,0.35484084,1,1,90,50000,0.089968861,1
103_SA_2,4.046861174,0.73282774,1,2,120,53565,0.046861174,4
271_PR_4,3.092936888,0.62592342,1,4,60,24247,0.092936888,3
105_LC_2,1.082030293,0.47344788,1,2,200,50000,0.082030293,1
342_PR_5,4.066832887,0.44425931,1,5,60,618,0.066832887,4
192_PR_3,4.08052796,0.61723192,1,3,130,3777,0.08052796,4
193_LC_3,3.051743678,0.44800905,1,3,70,1880,0.051743678,3
272_LC_4,1.004958653,0.39702244,1,4,130,50000,0.004958653,1
273_LC_4,4.035354084,0.00582695,1,4,90,2504,0.035354084,4
343_LC_5,2.025347932,0.57954123,1,5,45,50000,0.025347932,2
274_SA_4,3.006547961,0.67372944,1,4,60,50000,0.006547961,3
3_SA_1,3.063699293,0.74232661,1,1,75,50000,0.063699293,3
106_NU_2,3.087975425,0.74952347,1,2,75,50000,0.087975425,3
107_PR_2,1.002334969,0.73859519,1,2,30,50000,0.002334969,1
344_LC_5,1.046519662,0.64265027,1,5,120,50000,0.046519662,1
108_LC_2,1.004498154,0.64265027,1,2,10,50000,0.004498154,1
194_PR_3,1.004795929,0.51279091,1,3,20,50000,0.004795929,1
4_LC_1,3.078767778,0.46050152,1,1,120,2132,0.078767778,3
195_SA_3,2.026594067,0.31970201,1,3,150,3120,0.026594067,2
5_SA_1,2.07396814,0.70507053,1,1,90,50000,0.07396814,2
197_SA_3,2.052827011,0.70507053,1,3,120,50000,0.052827011,2
346_LC_5,2.002241698,0.70507053,1,5,70,50000,0.002241698,2
199_SA_3,2.090175159,0.70507053,1,3,80,50000,0.090175159,2
196_PR_3,2.004746239,0.70507053,1,3,45,50000,0.004746239,2
198_SA_3,2.090936075,0.70507053,1,3,60,50000,0.090936075,2
6_SA_1,2.054099803,0.37035142,1,1,30,5705,0.054099803,2
200_SA_3,2.022032199,0.37035142,1,3,60,5705,0.022032199,2
201_LC_3,2.080855996,0.37035142,1,3,270,5705,0.080855996,2
347_SA_5,1.090442806,0.72521617,1,5,20,50000,0.090442806,1
7_SA_1,1.009087357,0.26404594,1,1,290,50000,0.009087357,1
202_SA_3,1.038635099,0.26404594,1,3,180,50000,0.038635099,1
8_SA_1,1.000388788,0.26404594,1,1,60,50000,0.000388788,1
110_SA_2,1.006238518,0.26404594,1,2,120,50000,0.006238518,1
111_SA_2,1.058626782,0.26404594,1,2,120,50000,0.058626782,1
112_SA_2,1.093914,0.26404594,1,2,60,50000,0.093914,1
109_SA_2,1.008277805,0.26404594,1,2,110,50000,0.008277805,1
114_SA_2,1.058656148,0.26404594,1,2,60,50000,0.058656148,1
113_SA_2,1.031065467,0.26404594,1,2,60,50000,0.031065467,1
203_SA_3,1.063761589,0.26404594,1,3,45,50000,0.063761589,1
115_PR_2,2.075187753,0.66205777,1,2,90,50000,0.075187753,2
348_SA_5,2.047014947,0.37448819,1,5,60,6019,0.047014947,2
349_SA_5,2.041686679,0.37448819,1,5,15,6019,0.041686679,2
352_PR_5,3.091472811,0.34059062,1,5,70,653,0.091472811,3
280_NU_4,3.042804224,0.34059062,1,4,60,653,0.042804224,3
351_SA_5,3.007201582,0.34059062,1,5,60,653,0.007201582,3
116_SA_2,3.08475165,0.34059062,1,2,60,653,0.08475165,3
123_SA_2,3.08053877,0.34059062,1,2,50,653,0.08053877,3
15_SA_1,2.020019296,0.62050196,1,1,240,50000,0.020019296,2
125_SA_2,1.056284121,0.66891323,1,2,60,50000,0.056284121,1
281_PR_4,1.073945394,0.66891323,1,4,70,50000,0.073945394,1
282_LC_4,3.033129535,0.63255089,1,4,90,29881,0.033129535,3
127_PR_2,4.071244745,0.74171948,1,2,80,116703,0.071244745,4
206_PR_3,4.09922906,0.74171948,1,3,35,116703,0.09922906,4
126_PR_2,4.054443471,0.74171948,1,2,180,116703,0.054443471,4
354_PR_5,3.034111007,0.69020823,1,5,30,50000,0.034111007,3
16_SA_1,4.046961054,0.39202635,1,1,110,368,0.046961054,4
129_NU_2,4.050341846,0.50293685,1,2,120,1094,0.050341846,4
283_SA_4,4.03549738,0.56664302,1,4,180,2098,0.03549738,4
355_LC_5,2.095736888,0.02547283,1,5,150,1518,0.095736888,2
131_PR_2,1.000610621,0.52401128,1,2,215,50000,0.000610621,1
208_SA_3,4.019977205,0.51846066,1,3,90,1276,0.019977205,4
132_SA_2,4.000575039,0.51846066,1,2,20,1276,0.000575039,4
19_SA_1,3.010057049,0.00065465,1,1,180,94251,0.010057049,3
210_SA_3,3.035631468,0.00065465,1,3,180,94251,0.035631468,3
284_SA_4,3.018619352,0.00065465,1,4,240,94251,0.018619352,3
134_SA_2,1.045211887,0.26463422,1,2,60,50000,0.045211887,1
133_SA_2,1.038706296,0.26463422,1,2,90,50000,0.038706296,1
357_SA_5,1.057067337,0.26463422,1,5,60,50000,0.057067337,1
285_SA_4,1.0495195,0.62697454,1,4,60,50000,0.0495195,1
135_SA_2,3.017599856,0.74235724,1,2,60,50000,0.017599856,3
20_SA_1,3.041403234,0.74235724,1,1,60,50000,0.041403234,3
286_PR_4,2.029325378,0.62595657,1,4,60,50000,0.029325378,2
360_LC_5,2.088414895,0.62595657,1,5,10,50000,0.088414895,2
358_PR_5,2.060578311,0.62595657,1,5,70,50000,0.060578311,2
137_PR_2,2.080647963,0.62595657,1,2,150,50000,0.080647963,2
359_LC_5,2.037011409,0.62595657,1,5,10,50000,0.037011409,2
361_SA_5,2.02240678,0.62595657,1,5,10,50000,0.02240678,2
21_NU_1,3.055833998,0.62166235,1,1,90,21513,0.055833998,3
211_NU_3,3.069093912,0.62166235,1,3,40,21513,0.069093912,3
362_PR_5,1.016609299,0.25851792,1,5,240,50000,0.016609299,1
22_PR_1,1.008924392,0.03983729,1,1,60,50000,0.008924392,1
213_LC_3,1.026728539,0.03983729,1,3,90,50000,0.026728539,1
139_PR_2,1.070688862,0.03983729,1,2,60,50000,0.070688862,1
140_SA_2,1.086418275,0.03983729,1,2,50,50000,0.086418275,1
288_SA_4,1.092013073,0.03983729,1,4,60,50000,0.092013073,1
287_PR_4,1.08464097,0.03983729,1,4,90,50000,0.08464097,1
212_SA_3,1.005255407,0.03983729,1,3,40,50000,0.005255407,1
138_VI_2,1.081284128,0.03983729,1,2,90,50000,0.081284128,1
363_VI_5,2.041993113,0.30277788,1,5,10,2582,0.041993113,2
214_VI_3,2.078263241,0.30277788,1,3,25,2582,0.078263241,2
215_PR_3,1.023827629,0.41805945,1,3,45,50000,0.023827629,1
23_SA_1,1.004946663,0.65329928,1,1,90,50000,0.004946663,1
24_PR_1,4.032478073,0.64933569,1,1,100,5879,0.032478073,4
289_LC_4,2.088219159,0.46568116,1,4,110,33840,0.088219159,2
25_PR_1,3.076074844,0.55186158,1,1,90,6057,0.076074844,3
27_LC_1,3.013481214,0.47980574,1,1,180,2603,0.013481214,3
216_SA_3,4.031947363,0.70129475,1,3,80,15930,0.031947363,4
29_SA_1,2.029214479,0.71590591,1,1,60,50000,0.029214479,2
364_PR_5,3.089282065,0.44638569,1,5,1,1850,0.089282065,3
217_SA_3,4.097813683,0.47682993,1,3,150,848,0.097813683,4
365_SA_5,4.004519564,0.47682993,1,5,120,848,0.004519564,4
291_SA_4,2.035641283,0.32586156,1,4,150,3346,0.035641283,2
292_PR_4,4.024043565,0.57065174,1,4,50,2191,0.024043565,4
293_PR_4,4.081745113,0.57065174,1,4,165,2191,0.081745113,4
294_SA_4,3.070000949,0.63130604,1,4,90,28659,0.070000949,3
142_LC_2,2.052883837,0.35965126,1,2,50,4987,0.052883837,2
218_SA_3,2.020104236,0.32887068,1,3,120,3463,0.020104236,2
219_SA_3,2.000644652,0.32887068,1,3,90,3463,0.000644652,2
143_SA_2,2.094475616,0.32887068,1,2,180,3463,0.094475616,2
30_PR_1,4.024546314,0.67397634,1,1,60,8843,0.024546314,4
295_LC_4,4.022139566,0.27059742,1,4,60,91,0.022139566,4
366_SA_5,2.029600687,0.40576881,1,5,20,9353,0.029600687,2
32_SA_1,3.029806272,0.61602387,1,1,90,18615,0.029806272,3
31_SA_1,3.093633099,0.61602387,1,1,90,18615,0.093633099,3
367_PR_5,1.078182427,0.50537235,1,5,15,50000,0.078182427,1
33_LC_1,2.018757896,0.33530346,1,1,150,3729,0.018757896,2
221_PR_3,2.085617478,0.66559875,1,3,35,50000,0.085617478,2
296_SA_4,2.023149625,0.72418995,1,4,90,50000,0.023149625,2
222_PR_3,1.056537305,0.70989247,1,3,60,50000,0.056537305,1
223_PR_3,1.059963594,0.73906937,1,3,40,50000,0.059963594,1
224_PR_3,3.021925471,0.47134102,1,3,50,2383,0.021925471,3
34_LC_1,2.042783941,0.55237626,1,1,80,50000,0.042783941,2
148_SA_2,2.033896767,0.41439914,1,2,90,10728,0.033896767,2
368_PR_5,3.057576266,0.61157262,1,5,5,16755,0.057576266,3
369_SA_5,2.031804883,0.05344741,1,5,120,50000,0.031804883,2
370_SA_5,2.010944112,0.05344741,1,5,140,50000,0.010944112,2
35_SA_1,3.090498714,0.28703592,1,1,105,372,0.090498714,3
297_SA_4,2.031667056,0.26446176,1,4,100,1691,0.031667056,2
36_LC_1,1.046602992,0.05016894,1,1,60,50000,0.046602992,1
150_SA_2,3.022838618,0.44135123,1,2,120,1759,0.022838618,3
151_SA_2,4.002700997,0.73728536,1,2,120,74149,0.002700997,4
38_PR_1,1.086610535,0.57765274,1,1,80,50000,0.086610535,1
371_PR_5,1.059894186,0.57765274,1,5,30,50000,0.059894186,1
37_PR_1,1.056925456,0.57765274,1,1,60,50000,0.056925456,1
39_LC_1,2.052584325,0.32717645,1,1,90,3396,0.052584325,2
226_PR_3,3.074670072,0.07007926,1,3,65,50000,0.074670072,3
372_LC_5,1.07160284,0.37238922,1,5,60,50000,0.07160284,1
227_LC_3,3.030956759,0.49547391,1,3,120,3079,0.030956759,3
40_SA_1,3.082385876,0.50290277,1,1,60,3341,0.082385876,3
228_SA_3,1.031258397,0.63076275,1,3,100,50000,0.031258397,1
41_LC_1,3.089404686,0.49481554,1,1,120,3057,0.089404686,3
42_PR_1,3.094746452,0.49481554,1,1,60,3057,0.094746452,3
43_SA_1,3.079749247,0.52193857,1,1,207,4155,0.079749247,3
300_SA_4,2.032912218,0.57788028,1,4,105,50000,0.032912218,2
44_PR_1,4.020928661,0.50566689,1,1,25,1124,0.020928661,4
153_PR_2,2.035588106,0.61516775,1,2,230,50000,0.035588106,2
302_SA_4,1.04804516,0.43782719,1,4,90,50000,0.04804516,1
373_SA_5,4.0920924,0.54564862,1,5,60,1681,0.0920924,4
154_PR_2,2.086986995,0.68612952,1,2,170,50000,0.086986995,2
374_PR_5,2.084975081,0.68612952,1,5,105,50000,0.084975081,2
155_SA_2,1.026596509,0.59419122,1,2,240,50000,0.026596509,1
375_PR_5,1.041428722,0.43289826,1,5,170,50000,0.041428722,1
156_PR_2,2.000062692,0.54086836,1,2,80,50000,6.27E-05,2
45_VI_1,3.076698375,0.58169098,1,1,75,9433,0.076698375,3
230_PR_3,2.013963298,0.46667111,1,3,30,34999,0.013963298,2
303_LC_4,1.022654013,0.29060353,1,4,60,50000,0.022654013,1
376_PR_5,2.036013152,0.69749756,1,5,75,50000,0.036013152,2
231_SA_3,4.062250494,0.53051875,1,3,80,1440,0.062250494,4
49_SA_1,4.025905094,0.53051875,1,1,60,1440,0.025905094,4
306_SA_4,4.03199367,0.53051875,1,4,270,1440,0.03199367,4
305_PR_4,4.012384584,0.53051875,1,4,25,1440,0.012384584,4
377_PR_5,4.084037711,0.53051875,1,5,30,1440,0.084037711,4
157_SA_2,4.050820577,0.53051875,1,2,150,1440,0.050820577,4
48_SA_1,4.047791334,0.53051875,1,1,60,1440,0.047791334,4
232_PR_3,4.036440101,0.53051875,1,3,120,1440,0.036440101,4
307_SA_4,1.013334883,0.47308762,1,4,120,50000,0.013334883,1
233_SA_3,1.023527385,0.51307435,1,3,40,50000,0.023527385,1
378_PR_5,1.057798275,0.45703047,1,5,30,50000,0.057798275,1
234_LC_3,2.033700933,0.02912912,1,3,60,2274,0.033700933,2
379_LC_5,3.067682187,0.68693506,1,5,60,50000,0.067682187,3
50_LC_1,1.079675977,0.69437286,1,1,80,50000,0.079675977,1
158_PR_2,4.04699252,0.05825594,1,2,85,2500,0.04699252,4
308_PR_4,1.003632183,0.31954164,1,4,30,50000,0.003632183,1
237_PR_3,1.095479423,0.31954164,1,3,70,50000,0.095479423,1
159_SA_2,3.018126282,0.48160779,1,2,55,2653,0.018126282,3
51_SA_1,3.075147031,0.48160779,1,1,90,2653,0.075147031,3
160_PR_2,1.043200124,0.31829803,1,2,60,50000,0.043200124,1
309_PR_4,2.091465395,0.56152752,1,4,60,50000,0.091465395,2
310_PR_4,2.000649249,0.56152752,1,4,120,50000,0.000649249,2
161_LC_2,1.035398486,0.59566905,1,2,180,50000,0.035398486,1
238_SA_3,2.094738304,0.37547092,1,3,60,6097,0.094738304,2
162_SA_2,4.049763326,0.65086962,1,2,1,6017,0.049763326,4
239_SA_3,3.09657115,0.68370661,1,3,180,50000,0.09657115,3
52_PR_1,3.0543465,0.52449155,1,1,30,4283,0.0543465,3
240_PR_3,3.05951245,0.52449155,1,3,60,4283,0.05951245,3
53_NU_1,1.046597207,0.68668955,1,1,90,50000,0.046597207,1
311_PR_4,1.079630232,0.45104952,1,4,60,50000,0.079630232,1
241_SA_3,2.030370426,0.65941791,1,3,20,50000,0.030370426,2
312_PR_4,3.092641324,0.66097348,1,4,50,205070,0.092641324,3
313_PR_4,3.053614725,0.42294141,1,4,50,1467,0.053614725,3
164_NU_2,4.085374784,0.55530589,1,2,90,1859,0.085374784,4
314_SA_4,4.083265487,0.57266903,1,4,20,2240,0.083265487,4
380_LC_5,2.016229708,0.34561173,1,5,234,4208,0.016229708,2
59_SA_1,3.089083829,0.53725953,1,1,60,5008,0.089083829,3
57_SA_1,3.057314672,0.53725953,1,1,60,5008,0.057314672,3
58_SA_1,3.012850631,0.53725953,1,1,60,5008,0.012850631,3
165_SA_2,1.055594299,0.48934471,1,2,120,50000,0.055594299,1
60_LC_1,2.09446315,0.36096393,1,1,90,5069,0.09446315,2
167_SA_2,3.010523486,0.69647045,1,2,60,50000,0.010523486,3
64_SA_1,3.018661597,0.69647045,1,1,10,50000,0.018661597,3
62_SA_1,3.035306387,0.69647045,1,1,150,50000,0.035306387,3
61_SA_1,3.044320992,0.69647045,1,1,30,50000,0.044320992,3
166_SA_2,3.019052919,0.69647045,1,2,40,50000,0.019052919,3
65_SA_1,3.0565692,0.69647045,1,1,30,50000,0.0565692,3
63_SA_1,3.046250079,0.69647045,1,1,75,50000,0.046250079,3
381_SA_5,3.000181714,0.69647045,1,5,60,50000,0.000181714,3
242_LC_3,1.081133474,0.65127499,1,3,40,50000,0.081133474,1
315_SA_4,2.032564004,0.30485524,1,4,180,2642,0.032564004,2
316_NU_4,3.024098988,0.05889968,1,4,60,10683,0.024098988,3
66_PR_1,4.04270478,0.39262025,1,1,75,370,0.04270478,4
317_LC_4,1.047103862,0.42557721,1,4,45,50000,0.047103862,1
243_SA_3,4.077060552,0.50038425,1,3,120,1067,0.077060552,4
69_VI_1,1.068655991,0.06251846,1,1,60,50000,0.068655991,1
382_PR_5,2.040859729,0.31148082,1,5,30,2844,0.040859729,2
319_PR_4,3.056862277,0.45348634,1,4,90,1986,0.056862277,3
71_PR_1,3.088942193,0.61434855,1,1,520,17877,0.088942193,3
70_SA_1,3.050990752,0.61434855,1,1,180,17877,0.050990752,3
170_SA_2,3.037047984,0.61434855,1,2,120,17877,0.037047984,3
244_SA_3,3.091681039,0.61434855,1,3,80,17877,0.091681039,3
169_LC_2,3.098526475,0.61434855,1,2,135,17877,0.098526475,3
171_PR_2,2.096761965,0.39246336,1,2,65,7683,0.096761965,2
172_NU_2,2.046044519,0.68987886,1,2,60,50000,0.046044519,2
321_SA_4,1.089848145,0.62494219,1,4,240,50000,0.089848145,1
383_SA_5,1.078563051,0.62494219,1,5,240,50000,0.078563051,1
73_PR_1,1.098898289,0.62494219,1,1,120,50000,0.098898289,1
72_SA_1,1.030805483,0.62494219,1,1,195,50000,0.030805483,1
320_SA_4,1.074406998,0.62494219,1,4,120,50000,0.074406998,1
322_SA_4,1.092615452,0.62494219,1,4,90,50000,0.092615452,1
323_SA_4,3.090669759,0.28344748,1,4,120,358,0.090669759,3
246_LC_3,2.025694779,0.33924213,1,3,100,3904,0.025694779,2
247_SA_3,1.094491943,0.47276648,1,3,90,50000,0.094491943,1
75_SA_1,2.069963356,0.50394387,1,1,75,50000,0.069963356,2
174_SA_2,2.054734116,0.50394387,1,2,360,50000,0.054734116,2
173_SA_2,2.065756036,0.50394387,1,2,55,50000,0.065756036,2
175_SA_2,2.026270455,0.50394387,1,2,90,50000,0.026270455,2
385_SA_5,2.070738277,0.50394387,1,5,60,50000,0.070738277,2
248_SA_3,2.039615701,0.26282448,1,3,60,1661,0.039615701,2
176_SA_2,3.05492491,0.37767943,1,2,90,943,0.05492491,3
177_PR_2,4.083222904,0.28864017,1,2,50,115,0.083222904,4
249_SA_3,2.077203111,0.64560202,1,3,75,50000,0.077203111,2
250_SA_3,3.078517153,0.68579968,1,3,60,50000,0.078517153,3
77_SA_1,3.072718947,0.68579968,1,1,120,50000,0.072718947,3
324_SA_4,2.007618542,0.59139861,1,4,130,50000,0.007618542,2
325_PR_4,4.054575398,0.63310031,1,4,180,4656,0.054575398,4
386_SA_5,1.096225137,0.54058518,1,5,90,50000,0.096225137,1
179_PR_2,1.047731991,0.71222705,1,2,100,50000,0.047731991,1
251_PR_3,2.00981212,0.36020202,1,3,60,5021,0.00981212,2
180_LC_2,3.085974865,0.72977685,1,2,60,50000,0.085974865,3
326_SA_4,4.097687928,0.49224366,1,4,1,985,0.097687928,4
78_SA_1,4.047140368,0.49224366,1,1,60,985,0.047140368,4
252_SA_3,4.08377333,0.49224366,1,3,55,985,0.08377333,4
387_SA_5,3.01262882,0.74316057,1,5,90,50000,0.01262882,3
80_SA_1,3.043488925,0.68363013,1,1,90,50000,0.043488925,3
81_SA_1,4.039968253,0.00695613,1,1,60,13843,0.039968253,4
388_SA_5,4.058970362,0.56032752,1,5,60,1961,0.058970362,4
389_SA_5,1.080935191,0.61518766,1,5,90,50000,0.080935191,1
253_SA_3,1.05366477,0.61518766,1,3,60,50000,0.05366477,1
82_VI_1,4.077927519,0.67964044,1,1,30,9841,0.077927519,4
390_LC_5,2.008363091,0.34379639,1,5,180,4119,0.008363091,2
255_PR_3,1.081996387,0.73284464,1,3,150,50000,0.081996387,1
254_PR_3,1.083655512,0.73284464,1,3,60,50000,0.083655512,1
256_PR_3,3.028573583,0.36777459,1,3,90,856,0.028573583,3
258_SA_3,3.014430553,0.45961076,1,3,120,2113,0.014430553,3
327_SA_4,2.099605077,0.43604896,1,4,120,15884,0.099605077,2
84_LC_1,1.056048295,0.65853716,1,1,15,50000,0.056048295,1
86_PR_1,1.011739552,0.74548355,1,1,90,50000,0.011739552,1
259_SA_3,4.073756885,0.32492761,1,3,110,178,0.073756885,4
261_SA_3,4.038922805,0.64950175,1,3,90,5894,0.038922805,4
88_LC_1,1.092816131,0.69510289,1,1,120,50000,0.092816131,1
328_LC_4,1.099581705,0.53700135,1,4,120,50000,0.099581705,1
329_LC_4,1.084972338,0.53700135,1,4,90,50000,0.084972338,1
182_LC_2,2.085401215,0.69707472,1,2,60,50000,0.085401215,2
263_SA_3,2.064489579,0.73719738,1,3,60,50000,0.064489579,2
184_SA_2,2.074467109,0.73719738,1,2,15,50000,0.074467109,2
185_SA_2,3.049149596,0.70321508,1,2,35,50000,0.049149596,3
331_SA_4,3.019740716,0.70321508,1,4,160,50000,0.019740716,3
330_SA_4,3.07438044,0.70321508,1,4,120,50000,0.07438044,3
264_SA_3,1.068711799,0.49809066,1,3,65,50000,0.068711799,1
187_SA_2,1.048376899,0.30416912,1,2,210,50000,0.048376899,1
89_PR_1,1.05203771,0.62589368,1,1,70,50000,0.05203771,1
391_LC_5,2.012866096,0.55408989,1,5,75,50000,0.012866096,2
393_PR_5,1.058268932,0.28691458,1,5,150,50000,0.058268932,1
91_PR_1,1.00528567,0.28691458,1,1,120,50000,0.00528567,1
392_PR_5,1.052576946,0.28691458,1,5,35,50000,0.052576946,1
332_PR_4,4.001897946,0.53349213,1,4,120,1484,0.001897946,4
265_PR_3,2.014311152,0.59469317,1,3,100,50000,0.014311152,2
92_SA_1,3.063865644,0.71305317,1,1,60,50000,0.063865644,3
333_VI_4,3.021405581,0.70110233,1,4,90,50000,0.021405581,3
394_PR_5,3.031717256,0.73053219,1,5,75,50000,0.031717256,3
93_SA_1,4.044398878,0.57588414,1,1,90,2321,0.044398878,4
94_NU_1,1.001754736,0.71289294,1,1,160,50000,0.001754736,1
334_SA_4,4.067888279,0.46037446,1,4,30,723,0.067888279,4
96_VI_1,1.005456212,0.73079255,1,1,50,50000,0.005456212,1
98_PR_1,2.086867572,0.51706766,1,1,10,50000,0.086867572,2
97_PR_1,2.056677911,0.51706766,1,1,20,50000,0.056677911,2
335_SA_4,3.055885926,0.06030075,1,4,30,13926,0.055885926,3
266_SA_3,2.08355617,0.00354332,1,3,80,4673,0.08355617,2
267_NU_3,4.002726766,0.06673409,1,3,50,7858,0.002726766,4
337_PR_4,4.050748789,0.59048879,1,4,1,2736,0.050748789,4
396_SA_5,1.089213488,0.38123272,1,5,60,50000,0.089213488,1
397_SA_5,1.085486719,0.38123272,1,5,10,50000,0.085486719,1
398_NU_5,2.08563278,0.38365362,1,5,150,6799,0.08563278,2
340_SA_4,2.052891677,0.38365362,1,4,60,6799,0.052891677,2
339_SA_4,2.041043708,0.38365362,1,4,140,6799,0.041043708,2
189_PR_2,2.090100487,0.38365362,1,2,80,6799,0.090100487,2
399_SA_5,1.012177145,0.25088817,1,5,60,50000,0.012177145,1
190_SA_2,1.080235968,0.25088817,1,2,30,50000,0.080235968,1
100_PR_1,4.077781597,0.06363247,1,1,60,4868,0.077781597,4
269_SA_3,2.055265506,0.49553673,1,3,40,296667,0.055265506,2
400_PR_5,1.052780148,0.57791348,1,5,45,50000,0.052780148,1
270_PR_3,2.088019998,0.04299138,1,3,75,14089,0.088019998,2
1_PR_1,4.0074455,0.40068287,0,-2,90,401,0.0074455,4
104_LC_2,3.049514167,0.27759285,0,-3,120,335,0.049514167,3
345_SA_5,3.019924769,0.25095108,0,-6,150,245,0.019924769,3
9_SA_1,3.038082412,0.34059062,0,-2,360,653,0.038082412,3
10_SA_1,3.010511023,0.34059062,0,-2,60,653,0.010511023,3
13_SA_1,3.081897473,0.34059062,0,-2,60,653,0.081897473,3
14_SA_1,3.026625537,0.34059062,0,-2,90,653,0.026625537,3
350_SA_5,3.07999903,0.34059062,0,-6,180,653,0.07999903,3
12_SA_1,3.06579885,0.34059062,0,-2,75,653,0.06579885,3
204_SA_3,3.004741757,0.34059062,0,-4,80,653,0.004741757,3
205_SA_3,3.093824138,0.34059062,0,-4,60,653,0.093824138,3
11_SA_1,3.046996915,0.34059062,0,-2,120,653,0.046996915,3
275_SA_4,3.088522688,0.34059062,0,-5,90,653,0.088522688,3
276_SA_4,3.062998449,0.34059062,0,-5,60,653,0.062998449,3
277_SA_4,3.005961263,0.34059062,0,-5,120,653,0.005961263,3
120_SA_2,3.00016178,0.34059062,0,-3,55,653,0.00016178,3
279_SA_4,3.008662943,0.34059062,0,-5,300,653,0.008662943,3
119_SA_2,3.038586649,0.34059062,0,-3,60,653,0.038586649,3
124_SA_2,3.09641928,0.34059062,0,-3,30,653,0.09641928,3
121_LC_2,3.004412172,0.34059062,0,-3,45,653,0.004412172,3
122_SA_2,3.005928366,0.34059062,0,-3,50,653,0.005928366,3
118_SA_2,3.097405709,0.34059062,0,-3,120,653,0.097405709,3
278_PR_4,3.097473731,0.34059062,0,-5,150,653,0.097473731,3
117_SA_2,3.026125196,0.34059062,0,-3,140,653,0.026125196,3
353_SA_5,4.021757297,0.03144548,0,-6,5,158,0.021757297,4
207_SA_3,4.082470078,0.39202635,0,-4,50,368,0.082470078,4
128_SA_2,4.071244055,0.32393342,0,-3,120,176,0.071244055,4
17_NU_1,4.065878868,0.50293685,0,-2,180,1094,0.065878868,4
130_SA_2,2.048600729,0.02547283,0,-3,90,1518,0.048600729,2
356_SA_5,4.031493084,0.37893279,0,-6,150,321,0.031493084,4
18_SA_1,4.099636367,0.51846066,0,-2,90,1276,0.099636367,4
209_SA_3,4.024910851,0.51846066,0,-4,45,1276,0.024910851,4
136_LC_2,3.007982846,0.28302334,0,-3,30,356,0.007982846,3
141_NU_2,3.07990527,0.28978177,0,-3,150,384,0.07990527,3
26_NU_1,3.075834939,0.28978177,0,-2,420,384,0.075834939,3
28_SA_1,4.054916356,0.38822782,0,-2,30,354,0.054916356,4
290_SA_4,4.086843125,0.47682993,0,-5,60,848,0.086843125,4
144_SA_2,3.081084887,0.27232156,0,-3,90,316,0.081084887,3
145_LC_2,4.018521084,0.32697885,0,-3,60,183,0.018521084,4
146_SA_2,4.01470313,0.32697885,0,-3,165,183,0.01470313,4
147_LC_2,4.026501677,0.32697885,0,-3,30,183,0.026501677,4
220_PR_3,4.047607861,0.32697885,0,-4,60,183,0.047607861,4
225_SA_3,3.075929986,0.28703592,0,-4,80,372,0.075929986,3
298_PR_4,4.021785132,0.35980054,0,-5,120,263,0.021785132,4
149_SA_2,3.033903509,0.44135123,0,-3,235,1759,0.033903509,3
152_LC_2,2.060792218,0.27131475,0,-3,1,1824,0.060792218,2
299_LC_4,3.026092776,0.25227338,0,-5,60,249,0.026092776,3
301_SA_4,4.096163929,0.04133827,0,-5,75,456,0.096163929,4
229_SA_3,4.011415596,0.41099691,0,-4,60,445,0.011415596,4
46_SA_1,4.090709237,0.27042025,0,-2,90,91,0.090709237,4
47_SA_1,4.082814025,0.27042025,0,-2,90,91,0.082814025,4
304_VI_4,4.023808449,0.53051875,0,-5,120,1440,0.023808449,4
235_LC_3,4.015957866,0.39755806,0,-4,120,389,0.015957866,4
236_VI_3,4.061934502,0.29955788,0,-4,90,132,0.061934502,4
55_LC_1,4.053401717,0.00050572,0,-2,60,1125,0.053401717,4
54_LC_1,4.045595573,0.00050572,0,-2,60,1125,0.045595573,4
56_LC_1,4.01768367,0.25627614,0,-2,150,75,0.01768367,4
163_PR_2,3.087052759,0.42294141,0,-3,120,1467,0.087052759,3
168_SA_2,4.026517,0.47526962,0,-3,60,835,0.026517,4
67_SA_1,4.024085893,0.32911437,0,-2,60,187,0.024085893,4
318_SA_4,4.092624167,0.50038425,0,-5,240,1067,0.092624167,4
68_SA_1,4.089751348,0.34266967,0,-2,120,218,0.089751348,4
245_SA_3,3.068945799,0.28344748,0,-4,160,358,0.068945799,3
384_SA_5,3.049769118,0.28344748,0,-6,240,358,0.049769118,3
74_SA_1,4.085095138,0.35968813,0,-2,60,262,0.085095138,4
76_SA_1,4.000868988,0.33772506,0,-2,100,206,0.000868988,4
178_NU_2,4.043876945,0.35176394,0,-3,20,241,0.043876945,4
79_SA_1,4.029178816,0.49224366,0,-2,100,985,0.029178816,4
181_LC_2,4.050331163,0.49224366,0,-3,120,985,0.050331163,4
257_SA_3,3.074706011,0.41910119,0,-4,5,1413,0.074706011,3
83_SA_1,3.021932714,0.45961076,0,-2,240,2113,0.021932714,3
85_PR_1,4.080063754,0.29791752,0,-2,70,129,0.080063754,4
260_SA_3,4.098995467,0.32605487,0,-4,120,181,0.098995467,4
87_SA_1,3.088519907,0.43771475,0,-2,60,1697,0.088519907,3
262_SA_3,3.014844238,0.43771475,0,-4,120,1697,0.014844238,3
183_NU_2,4.028610335,0.40938594,0,-3,20,438,0.028610335,4
186_PR_2,4.051842241,0.31808634,0,-3,120,165,0.051842241,4
90_SA_1,4.010694247,0.25177644,0,-2,90,70,0.010694247,4
188_VI_2,4.084121268,0.25410304,0,-3,100,72,0.084121268,4
95_SA_1,3.018267306,0.29138138,0,-2,140,391,0.018267306,3
99_SA_1,4.007855055,0.25708842,0,-2,75,75,0.007855055,4
336_VI_4,3.065318336,0.29832775,0,-5,240,421,0.065318336,3
395_SA_5,4.045956581,0.30543318,0,-6,90,142,0.045956581,4
338_SA_4,4.084667495,0.30543318,0,-5,60,142,0.084667495,4
268_SA_3,3.014350878,0.38086831,0,-4,90,973,0.014350878,3