razonSocial,nomComuna,place,direccion,idCust,weekday,serviceTime,COD,Name,c,p,damage,penalty,#cliente,day,place,penalty,service,e10,e20,e30
A.F.P. PROVIDA S.A.,Providencia,2,P. DE VALDIVIA 100 PISO 5,191,3,60,PR,191_PR_3,3,0.461336187,0.099565854,2151,191_PR_3,3,2,"1,171",60,-3022.99405199589,-4114.58096602354,-979.80675456759
A.F.P. PROVIDA S.A.,Providencia,2,PEDRO DE VALDIVIA 100  PISO 3,101,2,60,PR,101_PR_2,3,0.461336187,0.099565854,2151,101_PR_2,2,2,"8,515",60,738.051961438163,2492.78288596704,6363.63991953819
A.F.P. SANTA MARIA S.A.,Providencia,2,SUECIA  211  P. 13,1,1,90,PR,1_PR_1,4,0.400682868,0.018582861,401,1_PR_1,1,2,"7,926",90,5850.5765439293,-1948.32823146853,7525.34611030781
A.F.P. SUMMA-BANSANDER S.A.,Santiago,1,AGUSTINAS 540 PISO 3,341,5,70,SA,341_SA_5,2,0.283890802,0.097021449,2096,341_SA_5,5,1,"7,999",70,159.981567262805,7595.27762427664,5902.77227631039
ABASTIBLE SA,Santiago,1,VICU—A MACKENNA 55 OF.303,102,2,120,SA,102_SA_2,3,0.505080151,0.158476899,3423,102_SA_2,2,1,"1,747",120,2073.40713882801,-5158.22799615912,-5169.871585674
ACTION LINE CHILE S.A.,Santiago,1,MAC IVER 440 PISO 6,2,1,90,SA,2_SA_1,1,0.354840837,inf,50000,2_SA_1,1,1,"53,485",90,-1406.07264729678,-2180.30120589623,3484.84805872462
ADMINISTRADORA CMR FALABELLA LTDA,Santiago,1,STA ELENA 1422,103,2,120,SA,103_SA_2,4,0.732827739,2.47983989,53565,103_SA_2,2,1,"52,467",120,1301.89354233241,1975.36213512024,-1098.49777377476
AES GENER S.A.,Las Condes,3,SANCHEZ FONTECILLA 310 P 3,104,2,120,LC,104_LC_2,3,0.277592845,0.015519108,335,104_LC_2,2,3,"6,415",120,986.551515190338,97.0165971601716,6079.80806547364
AG. DE ADUANA R. FUENZALIDA Y CIA. LTDA.,Providencia,2,LA CONCEPCION 322 PISO 5 OF.504,271,4,60,PR,271_PR_4,3,0.62592342,1.122545928,24247,271_PR_4,4,2,"10,256",60,408.485635064368,-4572.24742233187,-13990.6592039135
AHK BUSINESS CENTER,Las Condes,3,BOSQUE NORTE 0440 OF.601 (1-2-5),105,2,200,LC,105_LC_2,1,0.473447882,inf,50000,105_LC_2,2,3,"42,591",200,-592.375862429349,11281.1963706728,-7408.85191470514
ALGAS MARINAS S.A. ALGAMAR,Providencia,2,FIDEL OTEIZA 1956  P 14,342,5,60,PR,342_PR_5,4,0.444259311,0.028598906,618,342_PR_5,5,2,"4,774",60,-3226.3011475135,-1666.24257835723,4155.50175039502
ALIMENTOS MARINOS S.A.,Providencia,2,MAR DEL PLATA 2111,192,3,130,PR,192_PR_3,4,0.617231923,0.174862437,3777,192_PR_3,3,2,"6,192",130,1487.88984013734,-875.189886318043,-9968.80341196584
ALIMENTOS MULTIEXPORT S.A.,Las Condes,3,ISIDORA GOYENECHEA  3621  P 17 TORRE B,193,3,70,LC,193_LC_3,3,0.448009048,0.087036649,1880,193_LC_3,3,3,542,70,2607.91335052017,237.608613874156,-1337.88508479491
ALMACENES PARIS COMERCIAL S.A.,Las Condes,3,AV KENNEDY 5225 P 4 PQUE ARAUC,272,4,130,LC,272_LC_4,1,0.397022443,inf,50000,272_LC_4,4,3,"59,944",130,-1818.83941288212,1671.32882053026,9944.29404239595
AMCHAM CHILE,Las Condes,3,AV. KENNEDY 5735 OF.201 TORRE PONIENTE,273,4,90,LC,273_LC_4,4,0.582694999,0.115902802,2504,273_LC_4,4,3,"7,062",90,1680.25307393456,3087.21010119756,-9566.47314475249
ARAUCO SALUD S.A.,Las Condes,3,KENNEDY 5757 TORRE ORIENTE OF-702,343,5,45,LC,343_LC_5,2,0.579541231,inf,50000,343_LC_5,5,3,"56,534",45,-4404.93513007907,-4147.14121636682,6534.30655846753
ARAWAK S.A. SERVICIOS PERSONALES,Santiago,1,PORVENIR 464,274,4,60,SA,274_SA_4,3,0.673729443,inf,50000,274_SA_4,4,1,"51,039",60,2945.11091917109,-5435.56886908788,1039.34056152715
ARTEL S.A.I.C.,Santiago,1,MATIAS COUSI—O 54 PISO 2,3,1,75,SA,3_SA_1,3,0.742326608,inf,50000,3_SA_1,1,1,"67,122",75,372.026279143204,2241.95417959437,17121.8394114034
ASEA BROWN BOVERI S.A.,—uÒoa,5,VICU—A MACKENNA 1602 RECEPCION.,106,2,75,NU,106_NU_2,3,0.74952347,inf,50000,106_NU_2,2,5,"61,927",75,3139.06439147933,3704.08737914733,11927.3766222092
ASESORES EN VIAJE S.A.,Providencia,2,Las Bellotas # 225,107,2,30,PR,107_PR_2,1,0.738595191,inf,50000,107_PR_2,2,2,"54,893",30,2076.129225687,-5860.0477953622,4893.09872398557
ASOC.FUNC.MUNICIP.DE LAS CONDES,Las Condes,3,APOQUINDO 3076 SUBTERRANEO,344,5,120,LC,344_LC_5,1,0.642650271,inf,50000,344_LC_5,5,3,"39,878",120,267.398658024296,-8773.22377746625,-10122.1440144751
ASOC.FUNC.MUNICIP.DE LAS CONDES,Las Condes,3,AV. APOQUINDO 3076 INTERIOR  SUBTE,108,2,10,LC,108_LC_2,1,0.642650271,inf,50000,108_LC_2,2,3,"57,327",10,1121.25366962202,-343.189142762415,7326.94900388348
ASOCIADOS UNDURRAGA IMPRESORES LTDA.,Santiago,1,ANDES 3561,345,5,150,SA,345_SA_5,3,0.250951083,0.011364244,245,345_SA_5,5,1,"4,519",150,1288.20589181335,2635.85810305015,4273.6410664559
AUTOMOVIL CLUB DE CHILE,Providencia,2,ANDRES BELLO 1863 PISO 2,194,3,20,PR,194_PR_3,1,0.51279091,inf,50000,194_PR_3,3,2,"53,681",20,-2262.26365092138,324.009919712907,3681.42879931584
BAEZA Y COMPA—IA LTDA.,Las Condes,3,APOQUINDO 3001 PISO 12 OFIC. 1203,4,1,120,LC,4_LC_1,3,0.460501521,0.098723638,2132,4_LC_1,1,3,"4,902",120,-7724.7175861028,-174.329124779677,2770.43679272462
BANCO CONOSUR,Santiago,1,ALAMEDA 1980 P.4,195,3,150,SA,195_SA_3,2,0.319702014,0.144434212,3120,195_SA_3,3,1,"10,565",150,1131.87377159977,-2202.27820957593,7444.61109233457
BANCO DE CHILE,Santiago,1,AGUSTINAS 733 PISO 1 BCA.ORIVADA,5,1,90,SA,5_SA_1,2,0.705070531,inf,50000,5_SA_1,1,1,"39,219",90,-4597.81837743874,-8635.20027175409,-10781.0837362398
BANCO DE CHILE,Santiago,1,"AGUSTINAS 951, P. 5 SALA PROC.",197,3,120,SA,197_SA_3,2,0.705070531,inf,50000,197_SA_3,3,1,"52,908",120,266.658409020153,1935.30619103217,2907.63877235258
BANCO DE CHILE,Las Condes,3,LAS CONDES 10247 OF ESTORIL EDUARD,346,5,70,LC,346_LC_5,2,0.705070531,inf,50000,346_LC_5,5,3,"68,757",70,-4749.07096577118,1561.67704214899,18756.6012474434
BANCO DE CHILE,Santiago,1,HUERFANOS 980 P.2 COMERCIO EXTERIOR-3,199,3,80,SA,199_SA_3,2,0.705070531,inf,50000,199_SA_3,3,1,"36,876",80,940.019420118161,7541.64267275371,-13124.4656346455
BANCO DE CHILE,Providencia,2,PROVIDENCIA 2178 ( STA. ISABEL ),196,3,45,PR,196_PR_3,2,0.705070531,inf,50000,196_PR_3,3,2,"53,548",45,-2491.57994911205,3316.33068892386,3547.73352155767
BANCO DE CHILE,Santiago,1,ESTADO 387 P.2,198,3,60,SA,198_SA_3,2,0.705070531,inf,50000,198_SA_3,3,1,"50,940",60,1146.86452704946,3585.72883511051,940.439952310564
BANCO DE CREDITO E INVERSIONES,Santiago,1,BANDERA 236 19-A PISO 3 CC.12282,6,1,30,SA,6_SA_1,2,0.370351424,0.264141556,5705,6_SA_1,1,1,"10,810",30,1057.30686215179,-4335.1837889698,5105.41680978457
BANCO DE CREDITO E INVERSIONES,Santiago,1,SAN DIEGO 2043,200,3,60,SA,200_SA_3,2,0.370351424,0.264141556,5705,200_SA_3,3,1,"2,615",60,2481.31119645533,-1588.20134526384,-8319.95354510458
BANCO DE CREDITO E INVERSIONES,Las Condes,3,APOQUINDO 5710,201,3,270,LC,201_LC_3,2,0.370351424,0.264141556,5705,201_LC_3,3,3,"10,515",270,837.521490430755,1821.1177718027,4810.43545379915
BANCO DEL DESARROLLO,Santiago,1,ALAMEDA 929 P5,347,5,20,SA,347_SA_5,1,0.725216168,inf,50000,347_SA_5,5,1,"42,988",20,434.581860880103,10601.399679723,-7011.92863914058
BANCO DEL ESTADO DE CHILE,Santiago,1,ALAMEDA 1111 P 8 SUBGCIA REGULARIZ.CRED.,7,1,290,SA,7_SA_1,1,0.264045935,inf,50000,7_SA_1,1,1,"48,461",290,2033.31019989024,3067.41955804149,-1538.64948360548
BANCO DEL ESTADO DE CHILE,Santiago,1,ALAMEDA 1111 P.3 COMERCIO EXT,202,3,180,SA,202_SA_3,1,0.264045935,inf,50000,202_SA_3,3,1,"62,418",180,2199.99841363401,529.720572067616,12417.6777114656
BANCO DEL ESTADO DE CHILE,Santiago,1,HUERFANOS 1202 P.3 OF.310,8,1,60,SA,8_SA_1,1,0.264045935,inf,50000,8_SA_1,1,1,"53,070",60,-5600.23385220703,5708.70677667733,3070.41491582551
BANCO DEL ESTADO DE CHILE,Santiago,1,MORANDE 25 PISO 3,110,2,120,SA,110_SA_2,1,0.264045935,inf,50000,110_SA_2,2,1,"43,746",120,3296.12016091755,653.174837221881,-6254.05041521892
BANCO DEL ESTADO DE CHILE,Santiago,1,ALAMEDA 1111 P.6 GCIA. GRAL.FINANZAS,111,2,120,SA,111_SA_2,1,0.264045935,inf,50000,111_SA_2,2,1,"49,992",120,-1141.40007154486,-3114.37946328981,-7.69662998182267
BANCO DEL ESTADO DE CHILE,Santiago,1,NUEVA YORK 33 P 17,112,2,60,SA,112_SA_2,1,0.264045935,inf,50000,112_SA_2,2,1,"53,116",60,2611.61932487035,4475.83893812104,3115.82569712745
BANCO DEL ESTADO DE CHILE,Santiago,1,BANDERA 861   1P,109,2,110,SA,109_SA_2,1,0.264045935,inf,50000,109_SA_2,2,1,"52,404",110,-3642.05816538572,-1054.58997297358,2403.58144487913
BANCO DEL ESTADO DE CHILE,Santiago,1,ALAMEDA 1111 P 3 COMERCIO EXTE,114,2,60,SA,114_SA_2,1,0.264045935,inf,50000,114_SA_2,2,1,"42,078",60,-1160.4787169681,3389.13322936499,-7922.25308823777
BANCO DEL ESTADO DE CHILE,Santiago,1,MORANDE 25 FISCALIA P.5 OF 503,113,2,60,SA,113_SA_2,1,0.264045935,inf,50000,113_SA_2,2,1,"43,163",60,-4696.92202392237,268.65524782096,-6836.89392029952
BANCO DEL ESTADO DE CHILE,Santiago,1,ALAMEDA 1111 P.2 MODULO 6,203,3,45,SA,203_SA_3,1,0.264045935,inf,50000,203_SA_3,3,1,"43,727",45,2752.37651877846,10864.0518113939,-6272.64421833431
BANCO IND.Y DE COMERCIO EXTERIOR,Providencia,2,ISIDORA GOYENECHEA 3132 P 1,115,2,90,PR,115_PR_2,2,0.662057768,inf,50000,115_PR_2,2,2,"53,348",90,4905.25671421859,370.975687469011,3348.26866804565
BANCO INTERNACIONAL,Santiago,1,MONEDA 818 P.4 CENTRO COPIADO,348,5,60,SA,348_SA_5,2,0.374488191,0.278652192,6019,348_SA_5,5,1,"13,455",60,-675.347044429887,6901.36470799716,7435.64678872701
BANCO INTERNACIONAL,Santiago,1,MONEDA 818 PISO 2 GCIA GRAL.,349,5,15,SA,349_SA_5,2,0.374488191,0.278652192,6019,349_SA_5,5,1,"9,825",15,-2144.31018668373,1108.64457233005,3806.45589467369
BANCO SANTANDER CHILE,Santiago,1,MONEDA 975  PISO 5,9,1,360,SA,9_SA_1,3,0.340590621,0.030251682,653,9_SA_1,1,1,"6,497",360,2806.04274160129,5910.70219000385,-7149.57968353976
BANCO SANTANDER CHILE,Santiago,1,AGUSTINAS 920 P.4,10,1,60,SA,10_SA_1,3,0.340590621,0.030251682,653,10_SA_1,1,1,"9,631",60,2520.26325130452,13462.6222901119,8978.47047493877
BANCO SANTANDER CHILE,Santiago,1,MATIAS COUSI?O 199 P-9,13,1,60,SA,13_SA_1,3,0.340590621,0.030251682,653,13_SA_1,1,1,"11,767",60,-2197.6261433015,3897.81924152901,-12420.3625576154
BANCO SANTANDER CHILE,Santiago,1,BANDERA 140 P.2,14,1,90,SA,14_SA_1,3,0.340590621,0.030251682,653,14_SA_1,1,1,765,90,6030.64637021603,-2344.80865809701,-1417.51684896112
BANCO SANTANDER CHILE,Santiago,1,MONEDA 971 PISO 1 DPTO SOLUCIONES,350,5,180,SA,350_SA_5,3,0.340590621,0.030251682,653,350_SA_5,5,1,"13,276",180,-1697.06337845335,-10004.7274405231,12622.6736819133
BANCO SANTANDER CHILE,Santiago,1,AGUSTINAS 1389 P.2,12,1,75,SA,12_SA_1,3,0.340590621,0.030251682,653,12_SA_1,1,1,"3,404",75,-1276.44753489858,-96.2003840280575,2750.95453172087
BANCO SANTANDER CHILE,Santiago,1,IRENE MORALES 10 PLAZA ITALIA,204,3,80,SA,204_SA_3,3,0.340590621,0.030251682,653,204_SA_3,3,1,"2,903",80,2739.01730196223,-3016.23224285295,-3556.37250102372
BANCO SANTANDER CHILE,Santiago,1,BANDERA 206 P 8,205,3,60,SA,205_SA_3,3,0.340590621,0.030251682,653,205_SA_3,3,1,"4,285",60,-3650.72811108812,4023.94549413439,3632.35680415143
BANCO SANTANDER CHILE,Providencia,2,AV FCO BILBAO 2082 SUBT,352,5,70,PR,352_PR_5,3,0.340590621,0.030251682,653,352_PR_5,5,2,"8,516",70,-4123.46599572016,8085.86881836218,-9168.64691930605
BANCO SANTANDER CHILE,Santiago,1,AHUMADA 170  1ER SUBTE.,11,1,120,SA,11_SA_1,3,0.340590621,0.030251682,653,11_SA_1,1,1,"14,006",120,1083.53687793659,5718.43414848436,-14659.1472707642
BANCO SANTANDER CHILE,Santiago,1,HUERFANOS 1157,275,4,90,SA,275_SA_4,3,0.340590621,0.030251682,653,275_SA_4,4,1,"4,887",90,-4417.63268204208,-5381.84523202514,4233.88029110764
BANCO SANTANDER CHILE,Santiago,1,HUERFANOS 1269,276,4,60,SA,276_SA_4,3,0.340590621,0.030251682,653,276_SA_4,4,1,"13,566",60,-4272.34346094781,1563.94844969979,-14219.1619896336
BANCO SANTANDER CHILE,Santiago,1,CURICO 38 PISO 2.,277,4,120,SA,277_SA_4,3,0.340590621,0.030251682,653,277_SA_4,4,1,"1,668",120,970.046975344365,3205.30838037836,1015.23918223298
BANCO SANTANDER CHILE,Santiago,1,HUERFANOS 1081,120,2,55,SA,120_SA_2,3,0.340590621,0.030251682,653,120_SA_2,2,1,"7,143",55,-1453.1791038449,646.371077795391,-7796.15615736622
BANCO SANTANDER CHILE,Santiago,1,MONEDA 975 P5,279,4,300,SA,279_SA_4,3,0.340590621,0.030251682,653,279_SA_4,4,1,"4,406",300,-1774.5025246462,-8111.10565389301,3752.89164924406
BANCO SANTANDER CHILE,—uÒoa,5,IRARRAZAVAL 2709 PISO1 INTERIO,280,4,60,NU,280_NU_4,3,0.340590621,0.030251682,653,280_NU_4,4,5,"13,103",60,219.677396384543,4614.96703664654,-13755.9860487531
BANCO SANTANDER CHILE,Santiago,1,AHUMADA 52 SUBTERRANEO,119,2,60,SA,119_SA_2,3,0.340590621,0.030251682,653,119_SA_2,2,1,"1,211",60,-1013.13813240674,-2548.526460148,558.46803054767
BANCO SANTANDER CHILE,Santiago,1,AGUSTINAS 920 P.2,124,2,30,SA,124_SA_2,3,0.340590621,0.030251682,653,124_SA_2,2,1,"7,323",30,-4818.75560827207,-2317.94649859143,6670.35138781997
BANCO SANTANDER CHILE,Las Condes,3,EL RODEO 12850 LOCAL 33,121,2,45,LC,121_LC_2,3,0.340590621,0.030251682,653,121_LC_2,2,3,"7,265",45,2473.46207824919,1349.03401850221,6611.67837237687
BANCO SANTANDER CHILE,Santiago,1,AHUMADA 170 PISO 3,122,2,50,SA,122_SA_2,3,0.340590621,0.030251682,653,122_SA_2,2,1,"2,201",50,4288.78116284679,2006.91861628942,1547.76600089304
BANCO SANTANDER CHILE,Santiago,1,BANDERA 172 (12) PISO 5,351,5,60,SA,351_SA_5,3,0.340590621,0.030251682,653,351_SA_5,5,1,"1,749",60,1818.51978881774,8481.56858418622,-2402.04683350571
BANCO SANTANDER CHILE,Santiago,1,ALAMEDA 1449 P.6,118,2,120,SA,118_SA_2,3,0.340590621,0.030251682,653,118_SA_2,2,1,"4,206",120,1593.83670168922,1565.44347499765,-4858.52654796724
BANCO SANTANDER CHILE,Providencia,2,AV. PROVIDENCIA 2051,278,4,150,PR,278_PR_4,3,0.340590621,0.030251682,653,278_PR_4,4,2,"3,132",150,646.971285919371,-1077.35090281609,-3784.61517206334
BANCO SANTANDER CHILE,Santiago,1,AGUSTINAS 1025 P 4,116,2,60,SA,116_SA_2,3,0.340590621,0.030251682,653,116_SA_2,2,1,"9,593",60,1911.8708694356,2868.91058661939,8940.01147074253
BANCO SANTANDER CHILE,Santiago,1,Agustinas 1025 piso 5 Crillon,117,2,140,SA,117_SA_2,3,0.340590621,0.030251682,653,117_SA_2,2,1,"7,656",140,570.117703632754,9426.21962865074,-8308.60164569702
BANCO SANTANDER CHILE,Santiago,1,BANDERA 140 P 18 ADMISION DE R,123,2,50,SA,123_SA_2,3,0.340590621,0.030251682,653,123_SA_2,2,1,"2,086",50,408.511175122218,-3262.43303491441,1432.56752736272
BANCOESTADO CORREDORES DE SEGUROS LTDA.,Santiago,1,MONEDA 1140 PISO 2,15,1,240,SA,15_SA_1,2,0.620501964,inf,50000,15_SA_1,1,1,"70,993",240,5172.05961431986,-7403.75782529229,20992.9669666297
"BANKBOSTON, N.A.",Santiago,1,NVA.YORK 33 ..SUCURSAL,125,2,60,SA,125_SA_2,1,0.668913234,inf,50000,125_SA_2,2,1,"46,816",60,-3162.01623575127,7806.98269472659,-3184.38985087271
"BANKBOSTON, N.A.",Providencia,2,ENRIQUE FOSTER SUR 20..P-6,281,4,70,PR,281_PR_4,1,0.668913234,inf,50000,281_PR_4,4,2,"62,917",70,1805.88571553328,9818.80773901735,12917.1164677947
BAYERISCHE HAUSBAN INMOBILIARIA LTDA.,Las Condes,3,AV APOQUINDO 3721 PISO 21,282,4,90,LC,282_LC_4,3,0.63255089,1.383366803,29881,282_LC_4,4,3,"22,147",90,1583.35261706043,1991.27111601112,-7734.40183065749
BELLSOUTH INVERSIONES S.A.,Providencia,2,MANUEL MONTT 1404 PISO 3.,127,2,80,PR,127_PR_2,4,0.741719477,5.402909952,116703,127_PR_2,2,2,"125,238",80,735.433655371043,-1527.9273034141,8535.37231302199
BELLSOUTH INVERSIONES S.A.,Providencia,2,MANUEL MONTT 1404 PISO 4,206,3,35,PR,206_PR_3,4,0.741719477,5.402909952,116703,206_PR_3,3,2,"112,643",35,2117.28387551209,-6026.8318345953,-4060.4022536248
BELLSOUTH INVERSIONES S.A.,Providencia,2,MANUEL MONTT 1404 PISO 4,126,2,180,PR,126_PR_2,4,0.741719477,5.402909952,116703,126_PR_2,2,2,"109,244",180,-2245.26009805188,6740.18701335127,-7459.27903248241
BESTPHARMA S.A,Santiago,1,ERASMO ESCALA 1875 PISO 2,353,5,5,SA,353_SA_5,4,0.314454801,0.007308992,158,353_SA_5,5,1,"18,054",5,1367.37252800532,7821.44368244564,-18212.3290534454
BIOMET CHILE S.A.,Providencia,2,POCURO 2255,354,5,30,PR,354_PR_5,3,0.690208232,inf,50000,354_PR_5,5,2,"56,843",30,28.7672783472725,2533.21496146993,6843.11723176608
BOLSA DE C.DE STGO.BOLSA DE VAL.,Santiago,1,LA BOLSA 64 P.1,16,1,110,SA,16_SA_1,4,0.392026354,0.017021477,368,16_SA_1,1,1,"8,710",110,3130.43388906793,12405.7895326755,-9077.56109969684
BOLSA DE C.DE STGO.BOLSA DE VAL.,Santiago,1,LA BOLSA 64 P.3 OF.227 SERVICIOS,207,3,50,SA,207_SA_3,4,0.392026354,0.017021477,368,207_SA_3,3,1,"11,973",50,1592.39555019571,8718.47132846507,-12341.2662609103
C.M.P.C. PAPELES S.A.,Santiago,1,AGUSTINAS 1357 ENTREPISO,128,2,120,SA,128_SA_2,4,0.323933417,0.008165235,176,128_SA_2,2,1,795,120,-1971.10472569468,3265.83409915572,-971.342369065118
CADE IDP.SERV.DE INGENIERIA LTDA,—uÒoa,5,VILLASECA 21 PISO 8,17,1,180,NU,17_NU_1,4,0.502936851,0.050655137,1094,17_NU_1,1,5,"6,112",180,440.726777593357,-236.286078222839,5018.35286894415
CADE IDP.SERV.DE INGENIERIA LTDA,—uÒoa,5,JOSE DOMINGO CA—AS 2640,129,2,120,NU,129_NU_2,4,0.502936851,0.050655137,1094,129_NU_2,2,5,"7,348",120,-259.551363820491,4503.64771456598,-8441.70617454286
CAJA DE C.A.F.GABRIELA MISTRAL,Santiago,1,AV. VICU—A MACKENNA 165 UNIDAD SUBSIDIOS,283,4,180,SA,283_SA_4,4,0.566643017,0.097131571,2098,283_SA_4,4,1,"6,414",180,397.693873024544,10353.0475046157,-8512.18660520155
CAJA DE COMPENSAC.DE LOS ANDES,Las Condes,3,ROSARIO SUR 85,355,5,150,LC,355_LC_5,2,0.254728304,0.070283485,1518,355_LC_5,5,3,385,150,1746.54577898965,-3901.54091375589,-1133.28098901041
CAJA DE COMPENSAC.DE LOS ANDES,Santiago,1,HUERFANOS 1133 PISO 2,130,2,90,SA,130_SA_2,2,0.254728304,0.070283485,1518,130_SA_2,2,1,"13,216",90,-701.12050675179,1051.20716747145,11697.6055112093
CAMARA DE COMERCIO DE SANTIAGO,Santiago,1,MONJITAS 392 PISO 3,356,5,150,SA,356_SA_5,4,0.378932791,0.014877318,321,356_SA_5,5,1,"3,245",150,912.164591634233,2720.48033287051,-3566.29146976347
CAMPVS MATER S.A.,Providencia,2,AV. PROVIDENCIA 1760 P.14,131,2,215,PR,131_PR_2,1,0.524011284,inf,50000,131_PR_2,2,2,"52,092",215,-194.058753282234,7151.47829118386,2092.1216172673
CARABINEROS DE CHILE,Santiago,1,AMUNATEGUI  519 SUB DIR.TRANSITO P9,18,1,90,SA,18_SA_1,4,0.518460659,0.059068683,1276,18_SA_1,1,1,"2,250",90,-806.657805840409,496.827739703384,973.946543558905
CARABINEROS DE CHILE,Santiago,1,ALAMEDA 1196 P 6 DPTO 2,208,3,90,SA,208_SA_3,4,0.518460659,0.059068683,1276,208_SA_3,3,1,"5,344",90,165.887377115911,-5886.96884931655,-6620.14786368744
CARABINEROS DE CHILE,Santiago,1,AMUNATEGUI 519 P 11,209,3,45,SA,209_SA_3,4,0.518460659,0.059068683,1276,209_SA_3,3,1,"13,920",45,186.960651541477,640.930912703621,12644.0152309228
CARABINEROS DE CHILE,Santiago,1,AV BERNARDO OHIGGINS 1196 P 10 ADM CAJA,132,2,20,SA,132_SA_2,4,0.518460659,0.059068683,1276,132_SA_2,2,1,"9,202",20,96.0257068107256,-3297.40003596439,7926.22546817827
CASA DE ESTUDIOS P.DE VALDIVIA,Santiago,1,AGUSTINAS 1943 PISO 1,19,1,180,SA,19_SA_1,3,0.654650003,4.363466747,94251,19_SA_1,1,1,"91,935",180,-3438.65902992978,2990.36431592945,-2316.25630594805
CASA DE ESTUDIOS P.DE VALDIVIA,Santiago,1,AGUSTINAS 1943 PISO 1,210,3,180,SA,210_SA_3,3,0.654650003,4.363466747,94251,210_SA_3,3,1,"89,965",180,-65.6154096275396,-8408.67182432415,-4286.08061652442
CASA DE ESTUDIOS P.DE VALDIVIA,Santiago,1,AGUSTINAS 1943,284,4,240,SA,284_SA_4,3,0.654650003,4.363466747,94251,284_SA_4,4,1,"99,569",240,2180.23355466469,9693.17021078498,5317.93086947578
CHILECTRA S.A.,Santiago,1,SANTA ROSA 76 PISO 4,134,2,60,SA,134_SA_2,1,0.264634215,inf,50000,134_SA_2,2,1,"60,311",60,3362.0953961844,5968.12428647374,10310.5338528903
CHILECTRA S.A.,Santiago,1,VICTORIA 612 PISO 2,133,2,90,SA,133_SA_2,1,0.264634215,inf,50000,133_SA_2,2,1,"40,565",90,2577.92110651296,8075.61317349634,-9434.97708149813
CHILECTRA S.A.,Santiago,1,VICTORIA 612 PISO 2,357,5,60,SA,357_SA_5,1,0.264634215,inf,50000,357_SA_5,5,1,"51,892",60,-2479.53476311381,8928.34630015145,1891.55939251458
CIA. AMERICANA DE MULTISERVICIOS LTDA.,Santiago,1,TARAPACA 934 PISO 2,285,4,60,SA,285_SA_4,1,0.626974542,inf,50000,285_SA_4,4,1,"49,144",60,-3258.23850470817,-1551.70452476738,-856.066040290864
CIA. CERVECERIAS UNIDAS S.A.,Santiago,1,BANDERA 84 P9,135,2,60,SA,135_SA_2,3,0.742357235,inf,50000,135_SA_2,2,1,"58,680",60,-1658.35163028477,-3744.48444722594,8680.46144469379
CIA. CERVECERIAS UNIDAS S.A.,Santiago,1,BANDERA 84 PISO 8  DEPTO.TESORERIA,20,1,60,SA,20_SA_1,3,0.742357235,inf,50000,20_SA_1,1,1,"64,348",60,672.435355891047,3303.11925637612,14348.0137915564
CIA. CHILENA DE PERFORACIONES LTDA.,Las Condes,3,BENJAMIN 2935  PISO 8  OF.802,136,2,30,LC,136_LC_2,3,0.28302334,0.016493311,356,136_LC_2,2,3,"2,039",30,2107.27192365919,1386.56561660172,1683.37359070044
CIA. MINERA DISPUTADA LAS CONDES LTDA.,Providencia,2,PEDRO DE VALDIVIA 291 PISO 13,286,4,60,PR,286_PR_4,2,0.625956574,inf,50000,286_PR_4,4,2,"44,488",60,1272.25390969741,-4002.57091124007,-5512.02512537078
CIA. MINERA DISPUTADA LAS CONDES LTDA.,Las Condes,3,LOS BRONCES PROYECTO SAN FRANC,360,5,10,LC,360_LC_5,2,0.625956574,inf,50000,360_LC_5,5,3,"39,380",10,-1575.07219844706,3003.02411999537,-10620.4236088994
CIA. MINERA DISPUTADA LAS CONDES LTDA.,Providencia,2,P.DE VALDIVIA 291 PISO 1,358,5,70,PR,358_PR_5,2,0.625956574,inf,50000,358_PR_5,5,2,"49,666",70,-451.965543648407,-3505.69576571514,-333.945143188632
CIA. MINERA DISPUTADA LAS CONDES LTDA.,Providencia,2,"AV. PEDRO DE VALDIVIA 291, 1 SUBTERRANEO",137,2,150,PR,137_PR_2,2,0.625956574,inf,50000,137_PR_2,2,2,"54,335",150,-435.004651646701,-5260.6353460566,4334.63827122007
CIA. MINERA DISPUTADA LAS CONDES LTDA.,Las Condes,3,"LOS BRONCES,GERENCIA PLANTAS,S",359,5,10,LC,359_LC_5,2,0.625956574,inf,50000,359_LC_5,5,3,"52,631",10,1717.60193686575,3810.23920722495,2630.66299550743
CIA. MINERA DISPUTADA LAS CONDES LTDA.,Santiago,1,PEDRO DE VALDIVIA 291 1 SUB,361,5,10,SA,361_SA_5,2,0.625956574,inf,50000,361_SA_5,5,1,"47,828",10,3185.63761553349,5386.6988381456,-2172.11698708421
CIA.ELECTROMETALURGICA S.A.,—uÒoa,5,AV. V.MACKENNA 1570 GCIA.. GEN,21,1,90,NU,21_NU_1,3,0.621662345,0.995985141,21513,21_NU_1,1,5,"16,993",90,2978.84235201622,-1837.9751632253,-4520.22317620566
CIA.ELECTROMETALURGICA S.A.,—uÒoa,5,AVDA VICU?A MACKENNA 1570 G COMERCIAL,211,3,40,NU,211_NU_3,3,0.621662345,0.995985141,21513,211_NU_3,3,5,"19,311",40,-508.088379242712,-7942.32641168047,-2202.1001381303
CIENTOCHENTA GRADOS S.A.,Providencia,2,NVA.LOS LEONES 07 PISO 10,362,5,240,PR,362_PR_5,1,0.258517924,inf,50000,362_PR_5,5,2,"47,905",240,2154.69914349162,-1427.47439131223,-2095.39157201154
CITIBANK N.A.,Providencia,2,AV PROVIDENCIA 655,22,1,60,PR,22_PR_1,1,0.398372895,inf,50000,22_PR_1,1,2,"57,748",60,-1558.19465164519,-6149.11086671146,7747.85372458982
CITIBANK N.A.,Las Condes,3,AV EL  BOSQUE  0500  P. 3,213,3,90,LC,213_LC_3,1,0.398372895,inf,50000,213_LC_3,3,3,"42,197",90,-1079.6118478974,-8723.92200548378,-7803.44316827158
CITIBANK N.A.,Providencia,2,PROVIDENCIA 2653  P 2,139,2,60,PR,139_PR_2,1,0.398372895,inf,50000,139_PR_2,2,2,"51,993",60,958.754002069938,1779.1630548654,1992.57343324963
CITIBANK N.A.,Santiago,1,HUERFANOS 770,140,2,50,SA,140_SA_2,1,0.398372895,inf,50000,140_SA_2,2,1,"56,482",50,-3435.78808506853,1851.16647119373,6481.56424239373
CITIBANK N.A.,Santiago,1,TEATINOS 180 P1,288,4,60,SA,288_SA_4,1,0.398372895,inf,50000,288_SA_4,4,1,"50,253",60,-505.564344068111,6048.13819708799,253.463830038986
CITIBANK N.A.,Providencia,2,ORREGOLUCO 58,287,4,90,PR,287_PR_4,1,0.398372895,inf,50000,287_PR_4,4,2,"61,482",90,-187.457087741788,5719.7736771834,11482.0446595336
CITIBANK N.A.,Santiago,1,AHUMADA 40,212,3,40,SA,212_SA_3,1,0.398372895,inf,50000,212_SA_3,3,1,"51,974",40,-1043.2818776504,-1896.77441971495,1974.31679317214
CITIBANK N.A.,Vitacura,4,O BRIEN 2235,138,2,90,VI,138_VI_2,1,0.398372895,inf,50000,138_VI_2,2,4,"67,770",90,4603.88145107278,-5934.21096819345,17769.5817085978
CLINICA ALEMANA DE SANTIAGO S.A.,Vitacura,4,CONCILIO VATICANO 6017,363,5,10,VI,363_VI_5,2,0.302777877,0.119524515,2582,363_VI_5,5,4,"5,510",10,-617.989159721108,-2656.47749748292,2928.18790538405
CLINICA ALEMANA DE SANTIAGO S.A.,Vitacura,4,AV.  VITACURA 5951 CENTRO COPI,214,3,25,VI,214_VI_3,2,0.302777877,0.119524515,2582,214_VI_3,3,4,"11,590",25,3508.7228490484,-3931.08329962276,-14171.9617363891
CLINITEST LTDA,Providencia,2,RICARDO LYON 1899,215,3,45,PR,215_PR_3,1,0.41805945,inf,50000,215_PR_3,3,2,"57,804",45,3668.59177188705,2053.11565269935,7804.18264058269
CMPC CELULOSA S.A.,Santiago,1,AGUSTINAS 1357  P2,23,1,90,SA,23_SA_1,1,0.653299277,inf,50000,23_SA_1,1,1,"38,446",90,-2824.15336410706,1415.37388288702,-11554.3209976521
COASIN CHILE S.A.,Providencia,2,AV. HOLANDA 1292,24,1,100,PR,24_PR_1,4,0.64933569,0.27217803,5879,24_PR_1,1,2,"4,032",100,109.356610968983,531.293355393851,-1847.2168814483
COCA COLA DE CHILE S.A.,Las Condes,3,AV. KENNEDY 5757 P.11,289,4,110,LC,289_LC_4,2,0.465681161,1.56665106,33840,289_LC_4,4,3,"28,218",110,319.786387085563,-5010.92070185893,-5621.62263730185
COGAN GRUPO NORTE S.A.,Providencia,2,MARCHANT PEREIRA 1030,25,1,90,PR,25_PR_1,3,0.551861581,0.280416976,6057,25_PR_1,1,2,"14,616",90,1385.8723413029,1743.94361969367,8559.05600579942
COLEGIO CALASANZ,—uÒoa,5,MONTENEGRO 661,141,2,150,NU,141_NU_2,3,0.289781768,0.017772531,384,141_NU_2,2,5,"3,182",150,5459.46620050983,3871.41065236932,-3566.33330653983
COLEGIO CALASANZ,—uÒoa,5,MONTENEGRO 661,26,1,420,NU,26_NU_1,3,0.289781768,0.017772531,384,26_NU_1,1,5,"6,944",420,-159.722598948443,150.99831845886,6560.35107523103
COLEGIO DEL SAGRADO CORAZON,Las Condes,3,SANTA MAGDALENA SOFIA 277,27,1,180,LC,27_LC_1,3,0.479805738,0.120521861,2603,27_LC_1,1,3,"1,990",180,645.532890313078,10203.2364440431,-612.592046168603
COMANDANCIA EN JEFE,Santiago,1,ZENTENO 45 P.5 ALA NORTE AYUDANTIA,216,3,80,SA,216_SA_3,4,0.70129475,0.737489393,15930,216_SA_3,3,1,"17,118",80,33.8986746459062,-10555.6574302808,1188.05522708362
COMERCIAL CYP S.A.,Santiago,1,ESTADO 10 OF. 1701,28,1,30,SA,28_SA_1,4,0.388227818,0.016373501,354,28_SA_1,1,1,"3,512",30,483.163836857064,10581.3394797141,3158.3381556378
COMERCIAL ECCSA S.A.,Santiago,1,HUERFANOS 979  OF.401,29,1,60,SA,29_SA_1,2,0.715905907,inf,50000,29_SA_1,1,1,"63,366",60,2283.71715288728,-2099.1922518564,13366.4688016479
COMERCIALIZADORA INTEGRAL LTDA.,Providencia,2,ISIDORITA 143,364,5,1,PR,364_PR_5,3,0.446385692,0.085635377,1850,364_PR_5,5,2,"16,014",1,-1249.42854893339,-624.744363341503,14164.0102368014
COMERCIALIZADORA S.A.,Santiago,1,ALAMEDA 757 P5,217,3,150,SA,217_SA_3,4,0.47682993,0.039253624,848,217_SA_3,3,1,"1,261",150,-1531.74110325762,6547.29151274318,-2108.94914304537
COMERCIALIZADORA S.A.,Santiago,1,PUENTE 696 P.2 DPTO.CREDITO,365,5,120,SA,365_SA_5,4,0.47682993,0.039253624,848,365_SA_5,5,1,"7,166",120,-2348.95684772681,10820.0633213024,-8013.89484129349
COMERCIALIZADORA S.A.,Santiago,1,PUENTE 640 DEPTO CREDITO P1,290,4,60,SA,290_SA_4,4,0.47682993,0.039253624,848,290_SA_4,4,1,"3,919",60,-2851.9262379823,5695.29108798504,3070.85330139678
COMISION NACIONAL DE RIEGO,Santiago,1,VALENTIN LETELIER 1350 P.1,291,4,150,SA,291_SA_4,2,0.325861555,0.154888201,3346,291_SA_4,4,1,"3,143",150,1325.73294241514,-11363.025040561,-203.205630913244
COMISION NACIONAL DEL MEDIO AMBIENTE,Providencia,2,OBISPO DONOSO 6 PISO 6,292,4,50,PR,292_PR_4,4,0.57065174,0.101445744,2191,292_PR_4,4,2,"4,395",50,2243.61844802612,2671.41262178024,-6586.15833723219
COMISION NACIONAL DEL MEDIO AMBIENTE,Providencia,2,OBISPO DONOSO 6 PISO 1,293,4,165,PR,293_PR_4,4,0.57065174,0.101445744,2191,293_PR_4,4,2,"7,960",165,779.894518609041,-9377.00918179471,-10151.4886417721
CONFECCIONES GERARD LTDA.,Santiago,1,NATANIEL COX 1528,294,4,90,SA,294_SA_4,3,0.63130604,1.326813514,28659,294_SA_4,4,1,"31,992",90,527.566998226512,-928.888797228176,3332.67115342121
CONSEJO LOCAL DE DEPORTES LAS CONDES,Las Condes,3,CERRO COLORADO 5435,142,2,50,LC,142_LC_2,2,0.359651258,0.230881706,4987,142_LC_2,2,3,"16,658",50,1760.01956497291,5394.90239597659,11671.3116923728
CONSERVADOR DE BIENES RAICES,Santiago,1,MORANDE 440 P.2,218,3,120,SA,218_SA_3,2,0.328870676,0.16030661,3463,218_SA_3,3,1,"2,996",120,1282.71385994222,-6203.58876829173,-6458.60711995685
CONSERVADOR DE BIENES RAICES,Santiago,1,MORANDE 440 P.4,219,3,90,SA,219_SA_3,2,0.328870676,0.16030661,3463,219_SA_3,3,1,"8,275",90,6906.70267406945,-6988.01950254797,4812.0460303144
CONSERVADOR DE BIENES RAICES,Santiago,1,MORANDE 440  P.2,143,2,180,SA,143_SA_2,2,0.328870676,0.16030661,3463,143_SA_2,2,1,"7,019",180,-3202.17754203022,4676.38605180208,-10481.6555247482
CONSORCIO ARA-INGENDESA LTDA.,Santiago,1,SAN ISIDRO 65,144,2,90,SA,144_SA_2,3,0.272321564,0.014617063,316,144_SA_2,2,1,909,90,3313.5061936891,-2309.43613761989,-1225.45776877329
CONSORCIO NAC.SEG.S.A.CIA.SEG.V.,Las Condes,3,CALLAO 2928 PISO 1,145,2,60,LC,145_LC_2,4,0.326978852,0.008456508,183,145_LC_2,2,3,"3,070",60,1429.795040103,12177.2742942539,2886.98490344101
CONSORCIO NAC.SEG.S.A.CIA.SEG.V.,Santiago,1,BANDERA 248 LC.1,146,2,165,SA,146_SA_2,4,0.326978852,0.008456508,183,146_SA_2,2,1,955,165,-2974.94802976609,3961.28569106166,-1137.80700575137
CONSORCIO NAC.SEG.S.A.CIA.SEG.V.,Las Condes,3,AV.EL BOSQUE SUR 180 P6 RRHH,147,2,30,LC,147_LC_2,4,0.326978852,0.008456508,183,147_LC_2,2,3,"10,073",30,264.736636258035,-4440.51580717296,9889.50014184764
CONSORCIO NAC.SEG.S.A.CIA.SEG.V.,Providencia,2,EL BOSQUE 180 PISO 6,220,3,60,PR,220_PR_3,4,0.326978852,0.008456508,183,220_PR_3,3,2,"2,798",60,148.423276820814,-4245.42405575477,2615.30215390313
CONSTRA.ASOC.B Y C LTDA.,Providencia,2,LAS URBINA 53 OF 141,30,1,60,PR,30_PR_1,4,0.673976344,0.409408402,8843,30_PR_1,1,2,"8,493",60,-2675.17176628308,5059.06916981962,-349.57383190793
CONSTRUCTORA CABO DE HORNOS LTDA.,Las Condes,3,LINEO 6557,295,4,60,LC,295_LC_4,4,0.270597416,0.004206388,91,295_LC_4,4,3,"6,779",60,3033.86203536277,1886.68088074342,-6869.74585378982
CONSTRUCTORA COPEVA S. A.,Santiago,1,PHILLIPS 84 OF 49,366,5,20,SA,366_SA_5,2,0.405768806,0.43298932,9353,366_SA_5,5,1,"20,373",20,3155.69262390708,-1437.52812369789,11020.3689301994
CORPBANCA,Santiago,1,HUERFANOS 1072   P8,32,1,90,SA,32_SA_1,3,0.616023865,0.861823451,18615,32_SA_1,1,1,"17,667",90,803.007738701187,4945.27441013908,-947.961490402854
CORPBANCA,Santiago,1,ALAMEDA 2206 PISO 1,31,1,90,SA,31_SA_1,3,0.616023865,0.861823451,18615,31_SA_1,1,1,"25,458",90,-5350.05991007577,2.01222364936376,6843.40918053908
CORPORACION DE AYUDA AL PACIENTE MENTAL,Providencia,2,MELCHOR CONCHA 9 BARRIO BELLAVISTA,367,5,15,PR,367_PR_5,1,0.505372353,inf,50000,367_PR_5,5,2,"43,773",15,1995.15899982815,2584.07395802282,-6227.26001921398
COZ Y CIA. LTDA.,Las Condes,3,AV LAS CONDES 11380 OF. 101,33,1,150,LC,33_LC_1,2,0.335303464,0.172641506,3729,33_LC_1,1,3,"3,059",150,1274.1561347937,-1834.65784668661,-6788.45709969653
CTRO. DE ANALISIS Y ASES DE MERCADO  LTD,Providencia,2,CARLOS ANTUNEZ  1843 DEPTO  105  BLOCK22,221,3,35,PR,221_PR_3,2,0.665598746,inf,50000,221_PR_3,3,2,"37,704",35,-1631.3842583633,-2348.66448072286,-12296.0489049643
DEFENSA CIVIL DE CHILE,Santiago,1,VERGARA 135,296,4,90,SA,296_SA_4,2,0.72418995,inf,50000,296_SA_4,4,1,"40,412",90,-1987.55806646249,-93.8685943675696,-9587.86604158013
DELOITTE & TOUCHE,Providencia,2,PROVIDENCIA 1760 PISO 9,222,3,60,PR,222_PR_3,1,0.709892473,inf,50000,222_PR_3,3,2,"44,824",60,2851.19155580793,2996.92373066213,-5176.2980098922
DELOITTE & TOUCHE OUTSOURCING S.A.,Providencia,2,AV PROVIDENCIA 1760 PISO 6,223,3,40,PR,223_PR_3,1,0.739069367,inf,50000,223_PR_3,3,2,"55,176",40,-1541.82059592881,-1226.08527326485,5176.34533830047
DELTOUR,Providencia,2,MONSE?OR FELIX CABRERA 62,224,3,50,PR,224_PR_3,3,0.471341022,0.110334643,2383,224_PR_3,3,2,"13,261",50,-511.760383866031,-11318.3848434945,10878.2199343472
DERCO AUTOS S.A.,Las Condes,3,AV KENNEDY 5601 1ER SUBTE,34,1,80,LC,34_LC_1,2,0.552376259,inf,50000,34_LC_1,1,3,"35,593",80,3519.08651882377,-1447.88372510485,-14407.196150947
DIARIO EL SUR S.A.,Santiago,1,CATEDRAL 1009   OF 306,148,2,90,SA,148_SA_2,2,0.414399137,0.496650998,10728,148_SA_2,2,1,"2,679",90,1468.24793028035,-1602.07153182811,-8048.58839775354
DILACO LTDA,Providencia,2,PEREZ VALENZUELA  N? 1138 P 4,368,5,5,PR,368_PR_5,3,0.611572624,0.775716106,16755,368_PR_5,5,2,"17,694",5,2518.59744619826,-10807.7133907744,938.647466821926
DIRECCION DEL TRABAJO,Santiago,1,AGUSTINAS 1253 P.6 OF.601 PRES,369,5,120,SA,369_SA_5,2,0.534474102,inf,50000,369_SA_5,5,1,"62,089",120,2881.58809286222,5224.93535371236,12088.6708479648
DIRECCION DEL TRABAJO,Santiago,1,AGUSTINAS 1253 PISO 6 OFIC. PA,370,5,140,SA,370_SA_5,2,0.534474102,inf,50000,370_SA_5,5,1,"34,058",140,-1713.95272685882,-2051.59038673362,-15941.561002861
DIRECCION NACIONAL GENDARMERIA DE CHILE,Santiago,1,ROSAS 1274 PISO 3,225,3,80,SA,225_SA_3,3,0.28703592,0.017243634,372,225_SA_3,3,1,831,80,2141.12743108003,-6428.11754653529,458.992956794146
DIRECCION NACIONAL GENDARMERIA DE CHILE,Santiago,1,ROSAS 1274 PISO 1 (CONTAB Y PR,35,1,105,SA,35_SA_1,3,0.28703592,0.017243634,372,35_SA_1,1,1,"3,139",105,2519.54495138622,3075.54591752797,2766.81509160031
DISTRIBUIDORA AUTOMOTRIZ SANTIAGO S.A.,Santiago,1,COQUIMBO 345,297,4,100,SA,297_SA_4,2,0.264461763,0.078306698,1691,297_SA_4,4,1,"10,922",100,-4971.1108215101,6562.16486326441,-12613.134254033
"ECHEVERRIA,IZQUIERDO,ING. Y CONST. S.A.",Las Condes,3,BENJAMIN 2944 PISO 2.,36,1,60,LC,36_LC_1,1,0.501689396,inf,50000,36_LC_1,1,3,"52,205",60,2019.28569583338,6362.37940764124,2205.03550198084
ECOLAB S.A.,Providencia,2,PEDRO DE VALDIVIA 3801,298,4,120,PR,298_PR_4,4,0.359800544,0.012160738,263,298_PR_4,4,2,"3,501",120,-879.262806072157,-1146.41832297869,3237.52255658573
EJERCITO DE CHILE DIRECCION DE LOGISTICA,Santiago,1,ZENTENO 45 P 8,150,2,120,SA,150_SA_2,3,0.441351227,0.081446064,1759,150_SA_2,2,1,"9,548",120,5710.45771224273,7621.37577452109,7789.24843494169
EJERCITO DE CHILE DIRECCION DE LOGISTICA,Santiago,1,ZENTENO 45 P.8 AYUDANTIA PERS.,149,2,235,SA,149_SA_2,3,0.441351227,0.081446064,1759,149_SA_2,2,1,280,235,2559.90099984111,-5423.38603989885,-1479.00686222279
EJERCITO DE SALVACION,Santiago,1,AV.ESPA—A 46-PISO 2,151,2,120,SA,151_SA_2,4,0.737285356,3.432842363,74149,151_SA_2,2,1,"59,854",120,3393.10539396336,1218.54479851137,-14295.2644840503
EMBAJADA DE ITALIA,Providencia,2,CLEMENTE FABRES 1050,38,1,80,PR,38_PR_1,1,0.577652743,inf,50000,38_PR_1,1,2,"69,859",80,2290.71065280207,-2631.50546180313,19858.8805187779
EMBAJADA DE ITALIA,Providencia,2,CLEMENTE FABRES 1050,371,5,30,PR,371_PR_5,1,0.577652743,inf,50000,371_PR_5,5,2,"60,492",30,-708.030783287348,-6840.71585169441,10491.7898188248
EMBAJADA DE ITALIA,Providencia,2,CLEMENTE FABRES 1050,37,1,60,PR,37_PR_1,1,0.577652743,inf,50000,37_PR_1,1,2,"44,212",60,1192.48806327019,3691.16829539676,-5788.20964649361
EMBAJADA DE RUSIA,Las Condes,3,COLON 4152,39,1,90,LC,39_LC_1,2,0.327176449,0.157229634,3396,39_LC_1,1,3,"1,132",90,182.892362767002,9090.47983287857,-4527.6134418867
EMP.CONST.AVELLANEDA LTDA.,Providencia,2,AV. LUIS TAYER OJEDA 0191 P 16,226,3,65,PR,226_PR_3,3,0.700792597,inf,50000,226_PR_3,3,2,"58,292",65,3174.23964186981,-3422.31012183195,8291.50252991679
EMP.PARA EL DEPORTE Y LA SALUD LTDA,Las Condes,3,AVDA LAS CONDES 13635,372,5,60,LC,372_LC_5,1,0.372389218,inf,50000,372_LC_5,5,3,"54,359",60,2904.77094178583,4035.736593486,4358.73388873769
EMPRESA NACIONAL DE EXPLOSIVOS,Las Condes,3,RENATO SANCHEZ 3859,227,3,120,LC,227_LC_3,3,0.495473913,0.142525289,3079,227_LC_3,3,3,"8,721",120,-3597.77711870076,-4033.24062035005,-11800.3622265866
EMPRESAS C.M.P.C. S.A.,Santiago,1,AGUSTINAS  1343 P.9,40,1,60,SA,40_SA_1,3,0.502902769,0.154673257,3341,40_SA_1,1,1,"2,768",60,3554.84088174424,3257.64668681633,-573.492548257236
EMPRESAS JUAN YARUR S.A.C.,Santiago,1,MONEDA 920 OF.801,228,3,100,SA,228_SA_3,1,0.630762754,inf,50000,228_SA_3,3,1,"57,256",100,-3581.71108994952,-3457.42531602849,7256.09966737675
ENRIQUE OSIAC BROSKY,Las Condes,3,LAS CONDESAS 2436,152,2,1,LC,152_LC_2,2,0.271314751,0.084466643,1824,152_LC_2,2,3,"3,403",1,-2030.21797913319,1378.08646305457,1578.67454214651
ENTEL PCS TELECOMUNICACIONES S.A.,Las Condes,3,AV. ANDRES BELLO 2711 PISO 14,41,1,120,LC,41_LC_1,3,0.494815535,0.141506738,3057,41_LC_1,1,3,"8,214",120,-3738.02922218721,1012.14211096434,5156.60730200624
ENTEL PCS TELECOMUNICACIONES S.A.,Providencia,2,AV. ANDRES BELLO 2777 P11,42,1,60,PR,42_PR_1,3,0.494815535,0.141506738,3057,42_PR_1,1,2,"9,146",60,3026.92833310499,2047.97631377262,6089.2178463506
ESCUELA MILITAR,Las Condes,3,LOS MILITARES 4500 1 COMPA?IA,299,4,60,LC,299_LC_4,3,0.252273384,0.011547906,249,299_LC_4,4,3,"3,353",60,-1152.1215118445,-3759.10393588003,3103.75478879779
ESEDEI INGENIEROS S.A.,Santiago,1,COYANCURA 2283 P7,43,1,207,SA,43_SA_1,3,0.521938568,0.192363937,4155,43_SA_1,1,1,"21,121",207,-36.581378764458,3797.40910652173,16966.0646969412
ESTUDIO RAUL DE LA FUENTE M. Y CIA. LTDA,Santiago,1,Agustinas 1235 of.32 Raul de la Fuente M,300,4,105,SA,300_SA_4,2,0.577880279,inf,50000,300_SA_4,4,1,"61,766",105,1495.84211480755,-1709.44351185535,11765.8580200486
EVASA S.A.,Santiago,1,TEATINOS 449 PISO 3,301,4,75,SA,301_SA_4,4,0.413382695,0.021104382,456,301_SA_4,4,1,"4,274",75,2320.46127345875,3799.03048890294,-4730.13971590641
EXAMENES DE LABORATORIOS S.A.,Providencia,2,11 DE SEPTIEMBRE 1920 P4,44,1,25,PR,44_PR_1,4,0.505666888,0.052035114,1124,44_PR_1,1,2,"1,678",25,4187.3324852397,7696.54905109262,-2801.9875597795
EXTRACTOS NATURALES GELYMAR S.A.,Providencia,2,AV. STA. MARIA 2050 P.3,153,2,230,PR,153_PR_2,2,0.615167749,inf,50000,153_PR_2,2,2,"44,540",230,-1795.76153577511,-3211.58994142293,-5459.58795156073
FACH COMANDO LOGISTICO,Santiago,1,ALAMEDA 1170 PISO 3,302,4,90,SA,302_SA_4,1,0.437827185,inf,50000,302_SA_4,4,1,"56,250",90,1848.0642083232,-7776.54758966268,6249.90915091443
FALABELLA Y CIA. CORREDORA DE SEGUROS LT,Santiago,1,AHUMADA 179  PISO 9  CORREDORA,373,5,60,SA,373_SA_5,4,0.545648622,0.077824031,1681,373_SA_5,5,1,"8,660",60,111.812611346611,-3843.80682171371,-10341.4992585719
FED. INTERN. DE TRAB. DE LA IND. METALUR,Providencia,2,PROV.2019 42-B P4,154,2,170,PR,154_PR_2,2,0.686129521,inf,50000,154_PR_2,2,2,"57,152",170,1395.76100118593,699.575266341076,7151.57660430526
FED. INTERN. DE TRAB. DE LA IND. METALUR,Providencia,2,PROV.2019 42-B P4,374,5,105,PR,374_PR_5,2,0.686129521,inf,50000,374_PR_5,5,2,"49,401",105,122.607944457715,-10227.3059076612,-598.741437747246
FED.NAC.DE TRABAJADORES DEL COBRE,Santiago,1,GENERAL BUSTAMANTE 627 PISO 2,155,2,240,SA,155_SA_2,1,0.594191219,inf,50000,155_SA_2,2,1,"36,923",240,1785.55817158751,1298.44974611358,-13077.0193194995
FOCUS GROUP CONSULTORES LTDA.,Providencia,2,ISIDORO GOYENECHEA 3621 P9 OF 902,375,5,170,PR,375_PR_5,1,0.432898261,inf,50000,375_PR_5,5,2,"51,286",170,4303.67236890618,1514.29396608146,1286.11458447626
FORWARD COMPUTACION LTDA,Santiago,1,ALAMEDA 108 L 119,229,3,60,SA,229_SA_3,4,0.410996914,0.020608446,445,229_SA_3,3,1,"14,449",60,-2677.79942213808,4263.36479647846,14004.0452009894
FUNDACION ALCAZAR,Providencia,2,GUARDIA VIEJA 255 OF. 704,156,2,80,PR,156_PR_2,2,0.540868363,inf,50000,156_PR_2,2,2,"47,859",80,1556.73697825116,2052.13194422203,-2141.12213318743
FUNDACION EDUCACIONAL TABANCURA,Vitacura,4,LAS HUALTATAS 10030,45,1,75,VI,45_VI_1,3,0.58169098,0.43671574,9433,45_VI_1,1,4,"20,966",75,1061.70882866288,5709.61274920563,11532.8530768764
FUNDACION NACIONAL PARA LA SUPERACION DE,Santiago,1,LONDRES 69,46,1,90,SA,46_SA_1,4,0.270420252,0.004196351,91,46_SA_1,1,1,"16,039",90,969.946892913266,-4090.32207346376,-16130.4580776047
FUNDACION NACIONAL PARA LA SUPERACION DE,Santiago,1,LONDRES   69,47,1,90,SA,47_SA_1,4,0.270420252,0.004196351,91,47_SA_1,1,1,"3,637",90,1438.12589688387,-3918.13636294956,3545.84847289447
FUNDACION VIDA,Providencia,2,RICCARDO MATTE PEREZ 0156,230,3,30,PR,230_PR_3,2,0.466671112,1.62030101,34999,230_PR_3,3,2,"21,772",30,4018.8875399087,-5162.54470371838,-13227.0450748984
GASTON FUENZALIDA PROPIEDADES LTDA,Las Condes,3,REYES LAVALLE 3330,303,4,60,LC,303_LC_4,1,0.29060353,inf,50000,303_LC_4,4,3,"52,273",60,1857.0391385049,-3241.81551638516,2272.63389274746
GOLDER ASSOCIATES S.A.,Providencia,2,AV. 11 DE SEPTIEMBRE 2353 PISO16,376,5,75,PR,376_PR_5,2,0.697497556,inf,50000,376_PR_5,5,2,"51,124",75,-1451.27394922204,3457.36251377851,1124.22669562885
GRAFHIKA COPY CENTER LTDA.,Vitacura,4,ANDRES   BELLO 2879  P. 1,304,4,120,VI,304_VI_4,4,0.530518747,0.066669561,1440,304_VI_4,4,4,"2,191",120,-1821.05072774153,-3714.81415283198,750.910895390141
GRAFHIKA COPY CENTER LTDA.,Santiago,1,DOMEYKO 2338,231,3,80,SA,231_SA_3,4,0.530518747,0.066669561,1440,231_SA_3,3,1,"10,053",80,-127.364861395054,4288.67361541288,-11493.025266898
GRAFHIKA COPY CENTER LTDA.,Santiago,1,TENDERINI 78,49,1,60,SA,49_SA_1,4,0.530518747,0.066669561,1440,49_SA_1,1,1,"25,784",60,-2502.51703516386,13917.086665022,24344.0311476518
GRAFHIKA COPY CENTER LTDA.,Santiago,1,TENDERINI 78,306,4,270,SA,306_SA_4,4,0.530518747,0.066669561,1440,306_SA_4,4,1,"3,313",270,1120.15590417896,6349.3261653281,-4752.71870157388
GRAFHIKA COPY CENTER LTDA.,Providencia,2,GUARDIA VIEJA 240,305,4,25,PR,305_PR_4,4,0.530518747,0.066669561,1440,305_PR_4,4,2,"1,438",25,-1541.2398342566,1315.28058426217,-1.64132009913998
GRAFHIKA COPY CENTER LTDA.,Providencia,2,GUARDIA VIEJA 240,377,5,30,PR,377_PR_5,4,0.530518747,0.066669561,1440,377_PR_5,5,2,"7,554",30,-4534.92687691375,4685.82792265967,6113.82321839423
GRAFHIKA COPY CENTER LTDA.,Santiago,1,STO.  DOMINGO  1862,157,2,150,SA,157_SA_2,4,0.530518747,0.066669561,1440,157_SA_2,2,1,"10,091",150,4259.81122351588,1254.49466572727,8650.57117051932
GRAFHIKA COPY CENTER LTDA.,Santiago,1,DOMEYKO 2338,48,1,60,SA,48_SA_1,4,0.530518747,0.066669561,1440,48_SA_1,1,1,"1,509",60,-1065.32880614463,-2518.88272724511,68.8069092261353
GRAFHIKA COPY CENTER LTDA.,Providencia,2,GUARDIA VIEJA 240,232,3,120,PR,232_PR_3,4,0.530518747,0.066669561,1440,232_PR_3,3,2,"3,510",120,-3266.37508061209,-2844.4460659699,2069.71467804511
GRAFICA LETRILANDIA LTDA.,Santiago,1,PORTUGAL 658,307,4,120,SA,307_SA_4,1,0.473087617,inf,50000,307_SA_4,4,1,"44,218",120,-1180.30865003763,3551.35595663179,-5782.09696392462
GUERRERO DITEAUX RAUL,Santiago,1,AV. VICUNA MACKENNA 856,233,3,40,SA,233_SA_3,1,0.513074351,inf,50000,233_SA_3,3,1,"51,280",40,2452.82901271866,-4610.68568751862,1279.98613760661
HEIDRICK Y STRUGGLES DE CHILE LTDA.,Providencia,2,AV ANDRES BELLO 2777  PISO 9 OF.903,378,5,30,PR,378_PR_5,1,0.45703047,inf,50000,378_PR_5,5,2,"45,595",30,3339.2571709483,-45.4766217283526,-4404.83266803754
HOCHTIEF CHILENA LTDA.,Las Condes,3,AVDA EL BOSQUE NORTE 0440 P9 OF902,234,3,60,LC,234_LC_3,2,0.291291204,0.105265705,2274,234_LC_3,3,3,"19,435",60,2463.19657691581,6299.12924508911,17160.7309549451
"HONORATO, RUSSI A CIA. LTDA.",Las Condes,3,ROGER DE FLOR 2736 PISO 6,235,3,120,LC,235_LC_3,4,0.39755806,0.018005256,389,235_LC_3,3,3,83,120,2276.7405204697,1080.27596855985,-305.620023857979
HOTEL CORP.OF CHILE HYATT REGENCY,Las Condes,3,ALONSO DE CORDOVA 4601 CENTRO NEGOCIOS,379,5,60,LC,379_LC_5,3,0.68693506,inf,50000,379_LC_5,5,3,"41,929",60,2460.94648781302,-2454.91349050253,-8070.76211716309
HOTELES DE CHILE S.A.,Las Condes,3,AVDA. KENNEDY 5741 P.1 RECEPCION,50,1,80,LC,50_LC_1,1,0.694372855,inf,50000,50_LC_1,1,3,"49,657",80,643.8149923266,767.46574114034,-343.384741010828
HQI TRANSELEC CHILE S.A.,Providencia,2,APOQUINDO 3721 PISO 6,158,2,85,PR,158_PR_2,4,0.582559402,0.115726274,2500,158_PR_2,2,2,"9,701",85,-4063.48019554885,-2932.78639499834,-12201.2649766396
I. MUNICIPALIDAD DE VITACURA,Vitacura,4,SANCHO DE LA HOZ 3470 DIREC.DE OPERACI,236,3,90,VI,236_VI_3,4,0.299557878,0.006106558,132,236_VI_3,3,4,"15,114",90,-947.163927269337,194.587475554388,14982.2536293594
I.MUNICIPALIDAD DE PROVIDENCIA,Providencia,2,P DE VALDIVIA 963  DEPTO CATASTRO,308,4,30,PR,308_PR_4,1,0.319541638,inf,50000,308_PR_4,4,2,"38,722",30,-95.3730555388406,-2577.89319986184,-11278.3162021527
I.MUNICIPALIDAD DE PROVIDENCIA,Providencia,2,PEDRO DE VALDIVIA 963.DIREC.PROTEC CIVIL,237,3,70,PR,237_PR_3,1,0.319541638,inf,50000,237_PR_3,3,2,"46,322",70,-329.68041965851,3985.34314348955,-3677.53225046724
I.MUNICIPALIDAD DE SANTIAGO,Santiago,1,BALMACEDA  1114  3P,159,2,55,SA,159_SA_2,3,0.481607792,0.122832575,2653,159_SA_2,2,1,"9,758",55,-3691.10592809251,4540.20399491948,-12410.6501720867
I.MUNICIPALIDAD DE SANTIAGO,Santiago,1,STO DOMINGO 916 PISO 7 OF.703 CENT.FOTO,51,1,90,SA,51_SA_1,3,0.481607792,0.122832575,2653,51_SA_1,1,1,"7,294",90,-593.108694705106,3869.99376734326,-9946.9467072946
IMAX S. A.,Providencia,2,PADRE MARIANO 277 P 3,160,2,60,PR,160_PR_2,1,0.318298029,inf,50000,160_PR_2,2,2,"42,230",60,-749.937242468243,611.112650258105,-7770.19689309977
IMPRESORA Y COMERCIAL TIEMPO FUTURO SA,Providencia,2,ALMIRANTE PASTENE 259,309,4,60,PR,309_PR_4,2,0.561527521,inf,50000,309_PR_4,4,2,"48,069",60,2568.32100918208,4333.35899598835,-1930.96816639199
IMPRESORA Y COMERCIAL TIEMPO FUTURO SA,Providencia,2,ALMIRANTE PASTENE 259,310,4,120,PR,310_PR_4,2,0.561527521,inf,50000,310_PR_4,4,2,"44,187",120,1526.8398233885,-1228.9965395616,-5812.50466288581
INACAP,Las Condes,3,AV. APOQUINDO 7282 P-3 SALA DE PROF.,161,2,180,LC,161_LC_2,1,0.595669051,inf,50000,161_LC_2,2,3,"39,792",180,743.587846715244,6794.38248594041,-10207.721926869
INDUSTRIA TEXTIL MONARCH S.A.,Santiago,1,VICUNA MACKENNA 1215 PISO 3,238,3,60,SA,238_SA_3,2,0.375470922,0.282252184,6097,238_SA_3,3,1,"9,498",60,4619.25352105562,-5163.69400653812,3400.81536068431
ING SALUD ISAPRE,Santiago,1,MIRAFLORES 222 E/P,162,2,1,SA,162_SA_2,4,0.650869622,0.278585644,6017,162_SA_2,2,1,"6,723",1,3897.69522583734,10929.3248643606,-12739.697727763
ING SALUD S.A.,Santiago,1,MORANDE 325 SUBTERRANEO,239,3,180,SA,239_SA_3,3,0.683706613,inf,50000,239_SA_3,3,1,"47,375",180,405.32162034074,-3835.65059924227,-2624.93858664455
ING SEGUROS DE VIDA S.A.,Providencia,2,COYANCURA 2283,52,1,30,PR,52_PR_1,3,0.524491545,0.198288422,4283,52_PR_1,1,2,"3,555",30,557.980072663243,6408.87585455281,-7838.43621512879
ING SEGUROS DE VIDA S.A.,Providencia,2,COYANCURA 2283,240,3,60,PR,240_PR_3,3,0.524491545,0.198288422,4283,240_PR_3,3,2,"9,384",60,-6371.28105494111,4057.74783204063,5100.72932031834
INGENIERIA ELECTRICA VOLTA LTDA.,—uÒoa,5,JOSE MANUEL INFANTE 2670,53,1,90,NU,53_NU_1,1,0.686689553,inf,50000,53_NU_1,1,5,"53,789",90,-3114.94894082894,2855.93743812702,3788.91560201027
INGENIERIA Y CONST. KODAMA LTDA.,Providencia,2,AVDA ELIODORO YA?EZ 1198,311,4,60,PR,311_PR_4,1,0.45104952,inf,50000,311_PR_4,4,2,"43,530",60,-1096.57546588203,1875.92165641328,-6470.23992036524
INMOBIL. E INVERSIONES RUCA S.A.,Santiago,1,MAC IVER 225 OF 302,241,3,20,SA,241_SA_3,2,0.659417906,inf,50000,241_SA_3,3,1,"50,527",20,3055.43528614522,-4769.37026152493,527.157914802053
INMOBILIARIA NORTE VERDE S.A.,Las Condes,3,ENRIQUE FOSTER SUR 20 PISO 14,55,1,60,LC,55_LC_1,4,0.505720004,0.052062361,1125,55_LC_1,1,3,"4,038",60,-4308.29388563149,1511.93704216599,-5163.32857606102
INMOBILIARIA NORTE VERDE S.A.,Las Condes,3,ENRIQUE FOSTER SUR 20 PISO 14,54,1,60,LC,54_LC_1,4,0.505720004,0.052062361,1125,54_LC_1,1,3,"1,636",60,2227.092803297,1439.38798708807,511.132574238314
INSTITUTO DE ESTUDIOS GRAFICOS DE CHILE,Providencia,2,CANADA 253  OF A  2257706,312,4,50,PR,312_PR_4,3,0.660973478,9.493964505,205070,312_PR_4,4,2,"201,406",50,142.40944779467,433.041028433793,-3664.2931690654
INSTITUTO HEBREO S.A.,Las Condes,3,AV.LAS CONDES 13450,56,1,150,LC,56_LC_1,4,0.256276143,0.003450913,75,56_LC_1,1,3,"12,210",150,1702.39547162159,3647.42387847021,-12285.0772039021
INSTITUTO NACIONAL DE DEPORTES,Providencia,2,FIDEL OTEIZA 1956 P.3,313,4,50,PR,313_PR_4,3,0.422941408,0.067923028,1467,313_PR_4,4,2,"14,842",50,4075.69719365665,-1493.53929247124,-16308.6777999863
INSTITUTO NACIONAL DE DEPORTES,Providencia,2,FIDEL OTEIZA 1956  P.8,163,2,120,PR,163_PR_2,3,0.422941408,0.067923028,1467,163_PR_2,2,2,"1,735",120,-404.047186288257,-15361.295209109,267.68640991515
INTERPLUS S.A.,—uÒoa,5,JOSE P.ALESSANDRI 1800,164,2,90,NU,164_NU_2,4,0.555305887,0.086077242,1859,164_NU_2,2,5,"10,124",90,1002.65479567184,-3888.5522669697,8264.78649886508
INVERSIONES Y SERVICIOS S.A.,Santiago,1,HUERFANOS 979 P 7,314,4,20,SA,314_SA_4,4,0.572669032,0.103705202,2240,314_SA_4,4,1,"5,101",20,-1229.96812630049,2549.05716018887,-7340.73375818843
ISAPRE COLMENA GOLDEN CROSS S.A.,Las Condes,3,APOQUINDO 5009 DPTO DE OPERACIONES,380,5,234,LC,380_LC_5,2,0.345611726,0.194821835,4208,380_LC_5,5,3,322,234,4933.93283293722,-7655.56247159127,-4529.94191747904
ISAPRE CONSALUD S.A.,Santiago,1,ALAMEDA 1511 P.7,59,1,60,SA,59_SA_1,3,0.537259527,0.231849831,5008,59_SA_1,1,1,"5,179",60,-4680.83025011399,-3801.60072013079,171.373742577131
ISAPRE CONSALUD S.A.,Santiago,1,SAN MARTIN 30 PISO 1,57,1,60,SA,57_SA_1,3,0.537259527,0.231849831,5008,57_SA_1,1,1,"14,239",60,900.305279832376,9814.29419716276,9231.19196856457
ISAPRE CONSALUD S.A.,Santiago,1,ALAMEDA 1511 P.7,58,1,60,SA,58_SA_1,3,0.537259527,0.231849831,5008,58_SA_1,1,1,"3,604",60,-1056.09224048818,2357.98657050437,-1403.95767093564
ISAPRE PROMEPART,Santiago,1,MERCED 280 PISO 3,165,2,120,SA,165_SA_2,1,0.489344707,inf,50000,165_SA_2,2,1,"59,718",120,-1355.41287238976,-5751.21306299605,9718.0048018894
ISE LAS AMERICAS CIA DE SEG DE VIDA S.A.,Las Condes,3,AV. EL BOSQUE NORTE 0177 OF. 602,60,1,90,LC,60_LC_1,2,0.36096393,0.234662914,5069,60_LC_1,1,3,"19,905",90,2900.34084036113,1151.4718106406,14836.3841468454
JOHNSON`S S.A.,Santiago,1,—UBLE   1055  P. 2,167,2,60,SA,167_SA_2,3,0.696470454,inf,50000,167_SA_2,2,1,"59,899",60,-4170.25413704462,-9374.41449688022,9898.60570933612
JOHNSON`S S.A.,Santiago,1,AGUSTINAS 978,64,1,10,SA,64_SA_1,3,0.696470454,inf,50000,64_SA_1,1,1,"47,197",10,-419.262623058126,-684.202038007592,-2803.20171210245
JOHNSON`S S.A.,Santiago,1,AHUMADA 55 PISO 2,62,1,150,SA,62_SA_1,3,0.696470454,inf,50000,62_SA_1,1,1,"55,021",150,2511.65998128528,-6322.73780617519,5020.79303353406
JOHNSON`S S.A.,Santiago,1,NUBLE 1034 PISO 2,61,1,30,SA,61_SA_1,3,0.696470454,inf,50000,61_SA_1,1,1,"45,224",30,1370.93726550997,4499.88591403439,-4776.33803308503
JOHNSON`S S.A.,Santiago,1,AVDA. KENNEDY 5413 L-123,166,2,40,SA,166_SA_2,3,0.696470454,inf,50000,166_SA_2,2,1,"57,745",40,-488.206778884593,-1170.1367392674,7745.49235523224
JOHNSON`S S.A.,Santiago,1,—UBLE 1008 REC HUMANOS,65,1,30,SA,65_SA_1,3,0.696470454,inf,50000,65_SA_1,1,1,"49,029",30,-3523.78178582824,4667.58825119525,-970.690066292032
JOHNSON`S S.A.,Santiago,1,MATIAS COUSI—O  64 E P OF 1,63,1,75,SA,63_SA_1,3,0.696470454,inf,50000,63_SA_1,1,1,"45,409",75,-1556.54636805877,3871.07968843324,-4590.56738657053
JOHNSON`S S.A.,Santiago,1,SAN DIEGO 1856 PISO 2 AUDITORIA,381,5,60,SA,381_SA_5,3,0.696470454,inf,50000,381_SA_5,5,1,"39,524",60,4660.21577788276,-6789.05896065704,-10476.2198605237
KOCH INGENIERIA (CHILE) LTDA.,Las Condes,3,EL BOSQUE NORTE 0440 OF.1202,242,3,40,LC,242_LC_3,1,0.651274989,inf,50000,242_LC_3,3,3,"40,389",40,-1997.07074549281,-3712.978973353,-9610.99480946894
KPMG JERIA Y ASOC. AUDIT. CONSULT. LTDA.,Santiago,1,MONJITAS 527 PISO 13 OF 1304,315,4,180,SA,315_SA_4,2,0.304855242,0.122314052,2642,315_SA_4,4,1,719,180,-572.705596472409,10559.3529099745,-3361.27978627049
LABORATORIO CHILE S.A.,—uÒoa,5,AV MARATON 1315,316,4,60,NU,316_NU_4,3,0.588996796,0.494601334,10683,316_NU_4,4,5,"18,872",60,-723.08525949486,-10133.3915514962,8188.6170167782
LABORATORIO RECALCINE,Providencia,2,PEDRO DE VALDIVIA 428,66,1,75,PR,66_PR_1,4,0.392620249,0.017124785,370,66_PR_1,1,2,"2,323",75,-633.93039218186,5683.91346946176,-2692.86203561941
LABORATORIO RIDER S.A.,Santiago,1,PLACER 1354  PISO 2,168,2,60,SA,168_SA_2,4,0.475269621,0.038662782,835,168_SA_2,2,1,"5,626",60,-712.732804423082,2249.32099803004,-6460.69531058862
LAS AGUILAS LTDA.,Santiago,1,BANDERA 84 P2 OF 215,67,1,60,SA,67_SA_1,4,0.329114372,0.008665629,187,67_SA_1,1,1,77,60,3579.63919695742,-3486.73506159312,-110.34911804927
LE MANS ISE CIA.DE SEG.GENERALES S.A.,Las Condes,3,ENCOMENDEROS 138,317,4,45,LC,317_LC_4,1,0.425577212,inf,50000,317_LC_4,4,3,"51,551",45,-2086.84308046344,-4537.65411785844,1550.65782206588
LEXIS NEXIS CHILE LTDA,Santiago,1,MIRAFLORES 383 P.12,243,3,120,SA,243_SA_3,4,0.500384245,0.049400303,1067,243_SA_3,3,1,"4,903",120,2980.79155427534,-1778.60864312963,3836.1165063741
LEXIS NEXIS CHILE LTDA,Santiago,1,MIRAFLORES  383 PISO 12,318,4,240,SA,318_SA_4,4,0.500384245,0.049400303,1067,318_SA_4,4,1,485,240,-2458.78770698657,3958.00935231258,-582.474197414484
LIBRERIA GONZALEZ Y ASPE LTDA,Santiago,1,LIRA 192 LOCAL G,68,1,120,SA,68_SA_1,4,0.342669674,0.010091639,218,68_SA_1,1,1,"3,764",120,-3525.71967061847,9670.31909401733,-3982.35601470325
LOPEZ MARTINEZ MARIA EUGENIA,Vitacura,4,VITACURA 8400 LOCAL   D,69,1,60,VI,69_VI_1,1,0.625184599,inf,50000,69_VI_1,1,4,"52,416",60,-2160.64075798356,-1824.01803613946,2415.51129199924
MANQUEHUE NET S.A.,Providencia,2,11 DE SEPTIEMBRE 2260 LOC 51,382,5,30,PR,382_PR_5,2,0.311480818,0.131689786,2844,382_PR_5,5,2,"3,981",30,-1621.71113490156,-4921.86157345833,1137.04412161719
MARIANA THOMSEN Y CIA.LTDA.,Providencia,2,MANUEL MONTT 2000,319,4,90,PR,319_PR_4,3,0.453486335,0.091956994,1986,319_PR_4,4,2,"2,018",90,1373.89943420652,6954.32881511986,-4003.88593661318
MAX HUBER REPROTECNICA LTDA.,Providencia,2,GENERAL DEL CANTO 276,71,1,520,PR,71_PR_1,3,0.614348553,0.827651961,17877,71_PR_1,1,2,"21,317",520,4050.2592210528,-4470.38338032184,3440.44070108372
MAX HUBER REPROTECNICA LTDA.,Santiago,1,MIRAFLORES 109,70,1,180,SA,70_SA_1,3,0.614348553,0.827651961,17877,70_SA_1,1,1,"29,682",180,1097.19095507637,1784.39711712268,11805.0338107706
MAX HUBER REPROTECNICA LTDA.,Santiago,1,MIRAFLORES 109,170,2,120,SA,170_SA_2,3,0.614348553,0.827651961,17877,170_SA_2,2,1,"19,818",120,-1141.24822302106,-2832.47214340036,1941.23047957098
MAX HUBER REPROTECNICA LTDA.,Santiago,1,MONEDA 1045,244,3,80,SA,244_SA_3,3,0.614348553,0.827651961,17877,244_SA_3,3,1,"13,968",80,-2509.65494903445,-6247.75421111384,-3908.7125321709
MAX HUBER REPROTECNICA LTDA.,Las Condes,3,APOQUINDO 4900-LOCAL 82,169,2,135,LC,169_LC_2,3,0.614348553,0.827651961,17877,169_LC_2,2,3,"3,086",135,-2264.42406745676,-7848.90511442592,-14790.8338759749
MINERA LAS CENIZAS S.A.,Providencia,2,CORONEL 2354,171,2,65,PR,171_PR_2,2,0.392463364,0.355710285,7683,171_PR_2,2,2,"14,345",65,-1196.35737832932,-7844.21311339677,6661.80471017965
MINIST DE DEFENSA SUBSEC INVEST,—uÒoa,5,AV JOSE PEDRO ALESSANDRI 1800,172,2,60,NU,172_NU_2,2,0.689878861,inf,50000,172_NU_2,2,5,"58,081",60,1398.23117864945,-5865.48213025651,8081.2272800399
MINISTERIO DEL INTERIOR,Santiago,1,PALACIO DE LA MONEDA OF.110,321,4,240,SA,321_SA_4,1,0.624942192,inf,50000,321_SA_4,4,1,"45,784",240,2168.96145879841,-6107.73215997817,-4216.18211795259
MINISTERIO DEL INTERIOR,Santiago,1,AGUSTINAS  1235  P. 4,383,5,240,SA,383_SA_5,1,0.624942192,inf,50000,383_SA_5,5,1,"53,466",240,-1590.65620918287,-7658.52540888875,3466.17355946763
MINISTERIO DEL INTERIOR,Providencia,2,TORRES BOONEN 511 PISO 1,73,1,120,PR,73_PR_1,1,0.624942192,inf,50000,73_PR_1,1,2,"42,724",120,3256.42741874978,-3617.38915891258,-7275.65840916003
MINISTERIO DEL INTERIOR,Santiago,1,AGUSTINAS 1235 P.8,72,1,195,SA,72_SA_1,1,0.624942192,inf,50000,72_SA_1,1,1,"43,549",195,-5656.65532645777,4416.49367341983,-6450.7380424111
MINISTERIO DEL INTERIOR,Santiago,1,PALACIO DE MONEDA GAB. SR MINISTRO,320,4,120,SA,320_SA_4,1,0.624942192,inf,50000,320_SA_4,4,1,"45,745",120,-1792.66565283076,-2145.664076387,-4255.27392519442
MINISTERIO DEL INTERIOR,Santiago,1,AGUSTINAS 1235 PISO 3 OF.DERECHOS HUMANO,322,4,90,SA,322_SA_4,1,0.624942192,inf,50000,322_SA_4,4,1,"57,765",90,-6199.756312863,-6081.98846385468,7764.96772927304
MINISTERIO SECRETARIA GRAL. DE GOBIERNO,Santiago,1,TEATINOS 20 OF.47,245,3,160,SA,245_SA_3,3,0.283447476,0.016571377,358,245_SA_3,3,1,"6,919",160,435.256404021731,-5063.94153236493,6560.57312437294
MINISTERIO SECRETARIA GRAL. DE GOBIERNO,Santiago,1,ALAMEDA 886 PISO 2 ALA NORTE,384,5,240,SA,384_SA_5,3,0.283447476,0.016571377,358,384_SA_5,5,1,"5,393",240,-1438.82937070137,606.683424736791,-5750.96290676029
MINISTERIO SECRETARIA GRAL. DE GOBIERNO,Santiago,1,PALACIO MONEDA  P 4 DUPLICACION,323,4,120,SA,323_SA_4,3,0.283447476,0.016571377,358,323_SA_4,4,1,"3,121",120,260.520384962681,-1374.52363501297,2763.02374843579
MITSUI TRADING AND SERVICE LTDA.,Las Condes,3,AV ANDRES BELLO 2711 P 11,246,3,100,LC,246_LC_3,2,0.339242132,0.18074233,3904,246_LC_3,3,3,"2,974",100,1292.34769849936,6394.15081958044,-6878.38374741977
MMRR.EE.DIR.RELAC.ECONOM.INTERNC,Santiago,1,TEATINOS 20 P.9 PRO CHILE OF. 91,247,3,90,SA,247_SA_3,1,0.472766481,inf,50000,247_SA_3,3,1,"59,530",90,-7547.19182826962,9897.32649233621,9529.92464899367
MONTRONE PLA S.A.,Santiago,1,SANTA R0SA 2055 P 3 RRHH,74,1,60,SA,74_SA_1,4,0.359688132,0.012146104,262,74_SA_1,1,1,"8,066",60,-1157.92788384105,-5420.40755416757,7804.43719546649
MOP DIRECCION GENERAL,Santiago,1,MORANDE 59 P10  DIR.ARQUITEC.OF.1015,75,1,75,SA,75_SA_1,2,0.503943873,inf,50000,75_SA_1,1,1,"43,379",75,5975.69084458035,727.03420803413,-6620.74541022508
MOP DIRECCION GENERAL,Santiago,1,MORANDE 59 P 7 OF. DE PARTES,174,2,360,SA,174_SA_2,2,0.503943873,inf,50000,174_SA_2,2,1,"41,665",360,2262.04579897897,-8946.84338445489,-8334.838767088
MOP DIRECCION GENERAL,Santiago,1,MORANDE 59 P 10 EDIF.PUBLICA OF.1001,173,2,55,SA,173_SA_2,2,0.503943873,inf,50000,173_SA_2,2,1,"43,276",55,8622.46643693507,2570.70087083633,-6724.27830449203
MOP DIRECCION GENERAL,Santiago,1,BOMBERO SALAS 1351 P 7,175,2,90,SA,175_SA_2,2,0.503943873,inf,50000,175_SA_2,2,1,"30,871",90,-5270.70833552378,128.554428776613,-19128.9161041195
MOP DIRECCION GENERAL,Santiago,1,MORANDE 59  P4  (FISCALIA),385,5,60,SA,385_SA_5,2,0.503943873,inf,50000,385_SA_5,5,1,"58,333",60,-939.562175033521,-703.53432996007,8332.88804623514
MULTINEGOCIOS S.A.,Santiago,1,AGUSTINAS 785 P.9,248,3,60,SA,248_SA_3,2,0.262824479,0.076899677,1661,248_SA_3,3,1,240,60,14.8448218875694,-6700.65499268715,-1901.06283641555
MUTUAL DE SEGURIDAD C CH. C,Santiago,1,ALAMEDA 4848  HOLL,176,2,90,SA,176_SA_2,3,0.377679429,0.043677952,943,176_SA_2,2,1,"5,096",90,3533.68083815489,-4827.9270024359,4152.66404477157
MUTUALIDAD DEL EJERCITO Y AVIACION,Providencia,2,AV. 11 DE SEPTIEMBRE 2336 P.2,177,2,50,PR,177_PR_2,4,0.288640165,0.005326792,115,177_PR_2,2,2,"5,135",50,-1287.20523106436,1054.23208395355,5019.84136763589
NCR CHILE LTDA.,Santiago,1,MIRAFLORES 383 P.17,249,3,75,SA,249_SA_3,2,0.645602021,inf,50000,249_SA_3,3,1,"44,620",75,-2115.51610397135,943.870887683523,-5380.15461321254
NETCO LTDA.,Santiago,1,EJERCITO LIBERTADOR 146 SALA MULTIUSO,76,1,100,SA,76_SA_1,4,0.337725063,0.009551149,206,76_SA_1,1,1,"2,396",100,1431.55626292088,-5945.55523848958,-2601.85533736891
NOTARIA PATRICIO RABY BENAVENTE,Santiago,1,MONEDA 920 P 2 OF 205,250,3,60,SA,250_SA_3,3,0.685799679,inf,50000,250_SA_3,3,1,"41,524",60,-2191.47103221506,-3645.4095592836,-8475.7502742261
NOTARIA PATRICIO RABY BENAVENTE,Santiago,1,MONEDA 920 P 2 OF 205,77,1,120,SA,77_SA_1,3,0.685799679,inf,50000,77_SA_1,1,1,"51,438",120,1993.03867317388,3604.32232600051,1438.1119495595
NOVARTIS CHILE S.A.,—uÒoa,5,FRANCISCO MENESES 1980,178,2,20,NU,178_NU_2,4,0.351763935,0.011150573,241,178_NU_2,2,5,438,20,2793.1005237142,-1635.89707068903,-679.376613966466
OLIMPIA  SCHNEIDER MOENNE-LOCCOZ,Santiago,1,HUERFANOS 1055 LOCAL 328,324,4,130,SA,324_SA_4,2,0.591398608,inf,50000,324_SA_4,4,1,"49,562",130,-2438.89788237339,1747.11501892805,-438.208394651544
PARIS CORREDORES DE SEGUROS LTDA.,Providencia,2,RICARDO LYON 222 P9 OF 901,325,4,180,PR,325_PR_4,4,0.633100309,0.215555938,4656,325_PR_4,4,2,"1,950",180,-1091.2914638616,-3663.53315509413,-6606.36935568236
PATINO SABAG EDUARDO,Santiago,1,COMPA?IA 1390 OF. 909,386,5,90,SA,386_SA_5,1,0.540585176,inf,50000,386_SA_5,5,1,"49,123",90,1592.12032259786,-2568.62781820965,-876.922508322546
PATRONATO NAC. DE LA INFANCIA,Providencia,2,PEDRO DE VALDIVIA 844,179,2,100,PR,179_PR_2,1,0.712227051,inf,50000,179_PR_2,2,2,"43,458",100,-2839.22321210582,-5184.54309240611,-6542.10025076583
PCS-CORP,Providencia,2,"11 DE SEPTIEMBRE 2155 OF. 903, TORRE A",251,3,60,PR,251_PR_3,2,0.360202024,0.232458776,5021,251_PR_3,3,2,"11,033",60,1910.44296882956,4940.62336534413,6011.61291633827
PIRELLI NEUMATICOS,Las Condes,3,AV. NVA TAJAMAR 555  OF 302,180,2,60,LC,180_LC_2,3,0.729776853,inf,50000,180_LC_2,2,3,"48,951",60,2775.11702381975,2417.98709928895,-1048.57504486266
PONTIFICIA UNIVERSIDAD CATOLICA,Santiago,1,LIRA 41 DPTO 5    (130),326,4,1,SA,326_SA_4,4,0.492243662,0.045614439,985,326_SA_4,4,1,"4,311",1,-2862.03314861279,-648.235246198079,3325.68854388603
PONTIFICIA UNIVERSIDAD CATOLICA,Santiago,1,EL COMENDADOR 1946 ADM.CAMPUS LO CONTADO,78,1,60,SA,78_SA_1,4,0.492243662,0.045614439,985,78_SA_1,1,1,"12,004",60,171.463742412809,581.876197263396,11018.8517490121
PONTIFICIA UNIVERSIDAD CATOLICA,Santiago,1,MARCOLETA 345 P 2 B. SANGRE (320),79,1,100,SA,79_SA_1,4,0.492243662,0.045614439,985,79_SA_1,1,1,455,100,-371.457670190946,-1952.94195539165,-530.21447981926
PONTIFICIA UNIVERSIDAD CATOLICA,Las Condes,3,MALL ALTO LAS CONDES LOCAL 1106,181,2,120,LC,181_LC_2,4,0.492243662,0.045614439,985,181_LC_2,2,3,"2,988",120,4171.67498887037,-2272.78075531074,-3972.97610154729
PONTIFICIA UNIVERSIDAD CATOLICA,Santiago,1,MARCOLETA 352  SALUD PUBLICA P1(670),252,3,55,SA,252_SA_3,4,0.492243662,0.045614439,985,252_SA_3,3,1,"12,327",55,187.896584709857,-620.660028127312,11342.404095609
PORTA SYSTEMS CHILE,Santiago,1,LIVINGSTONE 72,387,5,90,SA,387_SA_5,3,0.743160566,inf,50000,387_SA_5,5,1,"52,487",90,-1848.36833804496,3707.77839772119,2487.14760256809
PRECISION HISPANA,Santiago,1,EJERCITO 521 PISO 2,80,1,90,SA,80_SA_1,3,0.683630129,inf,50000,80_SA_1,1,1,"52,829",90,1987.90885768405,-3333.62817486797,2828.65568127131
PREFECTURA CARABINEROS SANTIAGO CENTRO,Santiago,1,STO DOMINGO 714 1 COMIS STGO,81,1,60,SA,81_SA_1,4,0.695612997,0.640896173,13843,81_SA_1,1,1,"19,542",60,-1240.86699688195,-10606.3854738415,5698.74419362862
PRESIDENCIA DE LA REPUBLICA,Santiago,1,NUEVA YORK 9 PISO 17,388,5,60,SA,388_SA_5,4,0.560327517,0.09077666,1961,388_SA_5,5,1,"1,547",60,4060.36786933965,-4369.38402264439,-3508.23298630656
PROCESOS INTEGRALES VIVACOOP S.A.,Santiago,1,AHUMADA 341 PISO 6,389,5,90,SA,389_SA_5,1,0.615187659,inf,50000,389_SA_5,5,1,"53,357",90,-1597.93786813996,6767.22501779857,3357.02016549455
PROCESOS INTEGRALES VIVACOOP S.A.,Santiago,1,AHUMADA 341 PISO 6,253,3,60,SA,253_SA_3,1,0.615187659,inf,50000,253_SA_3,3,1,"45,956",60,-279.984777130245,-1041.72839112803,-4043.63596649775
PROSPECTA S.A.,Vitacura,4,VITACURA 2736 P-18,82,1,30,VI,82_VI_1,4,0.679640444,0.455606659,9841,82_VI_1,1,4,364,30,-479.027934822443,613.076385991644,-9476.98723503632
PUBLICITARIA SUTIL Y ASOCIADOS S.A,Las Condes,3,SAN SEBASTIAN 2909 OF 101,390,5,180,LC,390_LC_5,2,0.343796393,0.190679102,4119,390_LC_5,5,3,"2,915",180,-4021.1510642284,-512.251487547761,-1203.77753275563
RED DE TELEVISION CHILEVISION S. A.,Providencia,2,INES MATTE URREJOLA 0825,255,3,150,PR,255_PR_3,1,0.732844636,inf,50000,255_PR_3,3,2,"56,134",150,-199.790703315793,-5871.17807253435,6134.18718562003
RED DE TELEVISION CHILEVISION S. A.,Providencia,2,INES MATTE URREJOLA 0825,254,3,60,PR,254_PR_3,1,0.732844636,inf,50000,254_PR_3,3,2,"47,666",60,-694.274600118729,8806.48092160098,-2333.69667168127
RENE WIEGAND KOCH Y CIA LTDA,Providencia,2,PIO NONO 1  PISO 4 FAC.DERECHO,256,3,90,PR,256_PR_3,3,0.367774586,0.039636043,856,256_PR_3,3,2,"4,538",90,-2918.67325397478,9221.09186476189,-5394.16141596438
ROENSA S.A.,Santiago,1,NATANIEL COX 1481,257,3,5,SA,257_SA_3,3,0.419101193,0.065416485,1413,257_SA_3,3,1,"12,190",5,1861.71508308155,3880.46095895891,-13602.5120430919
RUIZ RUIZ ANGEL GASPAR,Santiago,1,MIRAFLORES 211,258,3,120,SA,258_SA_3,3,0.459610755,0.097833793,2113,258_SA_3,3,1,"14,456",120,-3705.75277844932,-4998.9510039181,12343.0321133049
RUIZ RUIZ ANGEL GASPAR,Santiago,1,MIRAFLORES 211,83,1,240,SA,83_SA_1,3,0.459610755,0.097833793,2113,83_SA_1,1,1,"12,547",240,3853.3704749946,5506.41644303829,-14659.8170053701
S.A.C.I. FALABELLA,Santiago,1,ROSAS 1665 P.2 GCIA. ADM. Y FINANZAS,327,4,120,SA,327_SA_4,2,0.436048962,0.735385347,15884,327_SA_4,4,1,"25,033",120,1743.02154621972,-8750.50888499784,9148.64274456527
SAC  CHILE S.A.,Las Condes,3,SAN SEBASTIAN 2839,84,1,15,LC,84_LC_1,1,0.658537163,inf,50000,84_LC_1,1,3,"64,954",15,1814.80497461398,772.233052300455,14954.432399356
SALCOBRAND S.A.,Providencia,2,COYANCURA  2283  OF. 1502,85,1,70,PR,85_PR_1,4,0.297917521,0.005984152,129,85_PR_1,1,2,"9,097",70,-3169.17566179348,-4583.83847646833,-9226.01478829298
SALVI HERMANOS LTDA.,Providencia,2,MANUEL MONTT 844,86,1,90,PR,86_PR_1,1,0.745483552,inf,50000,86_PR_1,1,2,"47,533",90,-3721.42130951517,-5059.50424192933,-2466.94670792459
SANHUEZA VALLADARES CARLOS,Santiago,1,HUERFANOS 1294 OF 21,259,3,110,SA,259_SA_3,4,0.324927609,0.008259434,178,259_SA_3,3,1,"7,407",110,1399.26264141921,-3163.32205166068,-7584.51706724469
SANTANDER GESTION DE RECAUD. Y COB. LTDA,Santiago,1,MONEDA 856 PISO 5 OF. 502,260,3,120,SA,260_SA_3,4,0.326054867,0.008367279,181,260_SA_3,3,1,"4,682",120,3539.44644135885,753.30512038306,-4862.76818128365
SEC.REG.M.DE BIENES NAC.P.S.TIT.,Santiago,1,JUAN ANTONIO RIOS 6 P.5 DECRET,261,3,90,SA,261_SA_3,4,0.64950175,0.272861412,5894,261_SA_3,3,1,"6,028",90,-2036.79488556895,-2026.32388810164,133.972051899965
SEC.REG.MINST.DE TRASP.Y TELECOM,Santiago,1,AMUNATEGUI 139 PISO 9,87,1,60,SA,87_SA_1,3,0.437714745,0.078560222,1697,87_SA_1,1,1,"3,134",60,-1248.62242907228,-5860.25461573263,-4830.94606968485
SEC.REG.MINST.DE TRASP.Y TELECOM,Santiago,1,AMUNATEGUI 139 PISO 2 BIBLIOTECA,262,3,120,SA,262_SA_3,3,0.437714745,0.078560222,1697,262_SA_3,3,1,771,120,2025.87798515883,-387.803337474522,-2467.92402989659
SEGURIDAD Y  TELECOMUNICACIONES S.A.,Las Condes,3,LAS CONDES 7300,88,1,120,LC,88_LC_1,1,0.695102885,inf,50000,88_LC_1,1,3,"64,972",120,-6507.76373808788,2398.59490730271,14972.0800670381
SEGUROS SECURITY PREVISION GENERALES S.A,Las Condes,3,HENDAYA 60 PISO 6 OF.601,328,4,120,LC,328_LC_4,1,0.537001353,inf,50000,328_LC_4,4,3,"46,746",120,-1717.67191807842,-1376.39762731305,-3254.03164926629
SEGUROS SECURITY PREVISION GENERALES S.A,Las Condes,3,HENDAYA 60 P7,329,4,90,LC,329_LC_4,1,0.537001353,inf,50000,329_LC_4,4,3,"36,672",90,856.088521025598,546.690795053762,-13328.1491531298
SEGUROS VIDA SECURITY PREVISION S.A.,Las Condes,3,HENDAYA 60 PISO 7 CASA MATRIZ,182,2,60,LC,182_LC_2,2,0.697074724,inf,50000,182_LC_2,2,3,"46,479",60,3594.14002356103,412.408960570601,-3521.44518913835
SEGURY CORP S.A.,—uÒoa,5,SUCRE 1828,183,2,20,NU,183_NU_2,4,0.409385942,0.020279556,438,183_NU_2,2,5,"2,517",20,474.516815090454,5046.79936310247,2078.71874578482
SENADO DE LA REPUBLICA,Santiago,1,SAN MARTIN 32 P.2,263,3,60,SA,263_SA_3,2,0.737197383,inf,50000,263_SA_3,3,1,"55,238",60,-3410.41330264132,-3292.9529210137,5238.48310405813
SENADO DE LA REPUBLICA,Santiago,1,SAN MARTIN 32 P.2,184,2,15,SA,184_SA_2,2,0.737197383,inf,50000,184_SA_2,2,1,"36,124",15,114.569910031098,9469.18603103891,-13875.60769395
SER.DE RG.CIVIL E IDENTIFICACION,Santiago,1,CATEDRAL 1772 PISO 6 PRESUPUESTO,185,2,35,SA,185_SA_2,3,0.703215079,inf,50000,185_SA_2,2,1,"59,708",35,-4322.63560234645,6787.06828611972,9707.52593324232
SER.DE RG.CIVIL E IDENTIFICACION,Santiago,1,CATEDRAL 1772 P.4,331,4,160,SA,331_SA_4,3,0.703215079,inf,50000,331_SA_4,4,1,"56,861",160,-104.986454510821,2581.65305809502,6861.13491554569
SER.DE RG.CIVIL E IDENTIFICACION,Santiago,1,HUERFANOS 1570 P3 DIR REGIONAL,330,4,120,SA,330_SA_4,3,0.703215079,inf,50000,330_SA_4,4,1,"52,637",120,2882.68111047901,791.481101273737,2636.87427895376
SERV. INTEGRALES DE COMERCIO EXTERIOR LT,Santiago,1,MONJITAS 392 P 11 OF 1103,264,3,65,SA,264_SA_3,1,0.498090658,inf,50000,264_SA_3,3,1,"50,131",65,1593.14367035148,2502.38176735946,131.067075438438
SERV.DE CORRESPONDENCIA ENVIA LTDA,Providencia,2,CALLE BARROS ERRAZURIZ 1954 OF.1602,186,2,120,PR,186_PR_2,4,0.318086342,0.007628255,165,186_PR_2,2,2,"1,945",120,-1125.65965401062,-501.148559500854,-2110.11363127831
SERVICIO DE IMPUESTOS INTERNOS,Santiago,1,TEATINOS 120 SUBTERRANEO,187,2,210,SA,187_SA_2,1,0.304169121,inf,50000,187_SA_2,2,1,"34,009",210,-1038.1493073477,3714.91928125549,-15991.0327431334
SERVICIOS DE ADMIN. PREVISIONALES S.A.,Providencia,2,MARCHANT PEREIRA 10  P.16,89,1,70,PR,89_PR_1,1,0.62589368,inf,50000,89_PR_1,1,2,"42,709",70,-3063.00914390351,2314.94684356845,-7291.16852247951
SERVICIOS DE CONTROL DE CREDITOS S.A.,Santiago,1,MONJITAS 550 P2 OF 7,90,1,90,SA,90_SA_1,4,0.25177644,0.003235821,70,90_SA_1,1,1,"7,586",90,204.448752157581,-4774.14560296294,-7655.89018288519
SERVICIOS DE INGENIERIA LTDA.,Las Condes,3,AV VITACURA  2771 OF 1101 B,391,5,75,LC,391_LC_5,2,0.554089893,inf,50000,391_LC_5,5,3,"45,803",75,685.553335890277,-887.212646931345,-4197.24871756806
SERVICIOS GENERALES LTDA.,Providencia,2,AV. RICARDO LYON 1177 CENTRAL,393,5,150,PR,393_PR_5,1,0.286914584,inf,50000,393_PR_5,5,2,"50,691",150,-917.788374454114,7052.07550205463,691.09173841251
SERVICIOS GENERALES LTDA.,Providencia,2,LADISLAO ERRAZURIZ 2121,91,1,120,PR,91_PR_1,1,0.286914584,inf,50000,91_PR_1,1,2,"57,024",120,466.214822919638,-243.803119792599,7023.6971952741
SERVICIOS GENERALES LTDA.,Providencia,2,AV. RICARDO LYON 1177 CENTRO D.,392,5,35,PR,392_PR_5,1,0.286914584,inf,50000,392_PR_5,5,2,"46,712",35,3179.23084869446,-5155.83040510108,-3288.07586435128
SERVICIOS GRAFICOS JCV S.A.,Vitacura,4,VITACURA 2653 B,188,2,100,VI,188_VI_2,4,0.254103037,0.00334576,72,188_VI_2,2,4,"1,192",100,1897.50671003358,5599.42609909111,-1264.31324819672
SHELL CHILE S.A.C.E.I.,Providencia,2,CARLOS ANTUNEZ 2490,332,4,120,PR,332_PR_4,4,0.533492133,0.068708962,1484,332_PR_4,4,2,"13,907",120,-2054.62328942825,5094.25318262,12422.5532849192
SIEMENS S.A.,Providencia,2,AV HOLANDA 64,265,3,100,PR,265_PR_3,2,0.594693172,inf,50000,265_PR_3,3,2,"37,951",100,-2301.57204420053,-15507.4640804882,-12048.9613502584
SOC FORESTAL LOS ESTEROS LTDA,Santiago,1,COMPANIA 1068  OF 607,92,1,60,SA,92_SA_1,3,0.713053172,inf,50000,92_SA_1,1,1,"43,962",60,-5076.62394126623,2791.70607426476,-6037.89929965436
SOC.AGRIC.ABOUGHAZALEH HNOS.LTDA.,Vitacura,4,AV LUIS  PASTEUR  5842  OF. 400,333,4,90,VI,333_VI_4,3,0.701102329,inf,50000,333_VI_4,4,4,"35,449",90,1136.07891745355,-6953.46380538026,-14551.3445079481
SOC.INMOBILIARIA SAN CRISTOBAL,Providencia,2,AV.STA. MARIA 1742 INGENIERIA,394,5,75,PR,394_PR_5,3,0.730532188,inf,50000,394_PR_5,5,2,"52,288",75,3442.4472835587,-5016.20059789692,2288.07191458341
SOCIEDAD CONSTRUCTORA ELECTRICA LTDA.,Santiago,1,HUERFANOS  1178 OF 509,93,1,90,SA,93_SA_1,4,0.575884136,0.107435564,2321,93_SA_1,1,1,"14,195",90,-960.245262608738,8240.13181341006,11873.665444546
SODEXHO CHILE S.A.,—uÒoa,5,WILLIAMS REBOLLEDO 1799  P.2.EDIF NUEVO,94,1,160,NU,94_NU_1,1,0.71289294,inf,50000,94_NU_1,1,5,"44,450",160,-3304.09163525436,-1166.1047817755,-5549.81474518159
SONDA S.A.,Santiago,1,TEATINOS 500 P.8,95,1,140,SA,95_SA_1,3,0.291381378,0.018086564,391,95_SA_1,1,1,480,140,1314.59980130332,-1950.0545500389,-871.38314933444
SOUTH EXPRESS CARGO S.A.,Santiago,1,SOTERO DEL RIO 508 OF 1027,334,4,30,SA,334_SA_4,4,0.460374458,0.033454659,723,334_SA_4,4,1,"5,095",30,1842.98086321693,-3122.27617391983,4371.90909804255
STECK Y CIA. LTDA.,Vitacura,4,BUENAVENTURA 1770 L.6,96,1,50,VI,96_VI_1,1,0.730792551,inf,50000,96_VI_1,1,4,"48,560",50,1128.39554198335,-3523.68225308852,-1440.37552772182
STUEDEMANN S.A.,Providencia,2,CONDELL 303 STUDIO PRINT,98,1,10,PR,98_PR_1,2,0.517067656,inf,50000,98_PR_1,1,2,"60,980",10,1920.86080834745,2871.78391585137,10980.3635948587
STUEDEMANN S.A.,Providencia,2,CONDELL 303 STUDIOPRINT,97,1,20,PR,97_PR_1,2,0.517067656,inf,50000,97_PR_1,1,2,"46,109",20,-361.277618326071,7683.22774649516,-3890.59859056816
SUP.DE ADMNST.FDOS.DE PENSIONES,Santiago,1,HUERFANOS 1273 P.14,335,4,30,SA,335_SA_4,3,0.6030075,0.644744205,13926,335_SA_4,4,1,"14,206",30,2940.16672259846,-5494.09903243072,279.779893729812
SUPERINT DE INSTIT DE SALUD PREVISIONAL,Santiago,1,MAC IVER 225 P 3,266,3,80,SA,266_SA_3,2,0.354331996,0.216320046,4673,266_SA_3,3,1,"12,424",80,2098.55654450549,8316.1120510118,7751.15434943672
SUPERINTENDENCIA DE ELECTRICIDAD Y COMBU,Santiago,1,AMUNATEGUI 58 P.5,99,1,75,SA,99_SA_1,4,0.257088424,0.003490838,75,99_SA_1,1,1,"1,123",75,2742.47611003328,-7429.15699767192,-1197.82142985175
SUPERMERCADO VESPUCIO SUR LTDA.,—uÒoa,5,A.VESPUCIO SUR 881 OF. DE COMPRAS,267,3,50,NU,267_NU_3,4,0.667340901,0.363794748,7858,267_NU_3,3,5,"15,683",50,1863.88808004827,-5007.03066272782,7824.92165178358
SUPERMERCADOS UNIMARC S.A.,Vitacura,4,AV SANTA MARIA 6940 LIBRERIA,336,4,240,VI,336_VI_4,3,0.29832775,0.019502482,421,336_VI_4,4,4,555,240,-1991.80660865748,-5659.70580425679,-975.564663731143
TECNA-VAL,Providencia,2,BARROS BORGONO 255,337,4,1,PR,337_PR_4,4,0.590488791,0.126644836,2736,337_PR_4,4,2,"4,906",1,-1748.2550924069,-2800.95094722359,2169.58401224776
TRANSBANK S.A.,Santiago,1,HUERFANOS 770 P8,395,5,90,SA,395_SA_5,4,0.305433179,0.006560876,142,395_SA_5,5,1,"2,115",90,2018.0496306135,-1983.61483808318,1973.38119113785
TRANSBANK S.A.,Santiago,1,HUERFANOS 770 P 11 GCIA.GRAL.,338,4,60,SA,338_SA_4,4,0.305433179,0.006560876,142,338_SA_4,4,1,511,60,3850.3656909409,-2596.36713015853,-652.529765904013
TUR BUS LTDA.,Santiago,1,RUIZ TAGLE 220 P.1 AT CLIENTES,396,5,60,SA,396_SA_5,1,0.381232724,inf,50000,396_SA_5,5,1,"61,701",60,-770.623816873868,8845.38534963182,11700.9824361246
TUR BUS LTDA.,Santiago,1,DOLORES 800  OPERACIONES P.2,397,5,10,SA,397_SA_5,1,0.381232724,inf,50000,397_SA_5,5,1,"43,202",10,4682.52873682159,-958.789223756954,-6798.38671840469
UNIVERSIDAD CENTRAL,Santiago,1,TOESCA 1783 METRO TOESCA P 1,268,3,90,SA,268_SA_3,3,0.380868312,0.045060697,973,268_SA_3,3,1,"14,281",90,-1522.11881509707,3410.33033451197,13308.4871253878
UNIVERSIDAD DE CHILE,—uÒoa,5,IGNACIO CARRERA PINTO 1045 CENTRAL APUNT,398,5,150,NU,398_NU_5,2,0.383653622,0.31476955,6799,398_NU_5,5,5,"19,304",150,-2658.85410367499,4511.76333955826,12504.720615368
UNIVERSIDAD DE CHILE,Santiago,1,PLAZA ERCILLA 883 OF.PARTES,340,4,60,SA,340_SA_4,2,0.383653622,0.31476955,6799,340_SA_4,4,1,"4,570",60,3537.84863329626,4712.46764563992,-2229.16629001137
UNIVERSIDAD DE CHILE,Santiago,1,DIAGONAL PARAGUAY 257-PISO 1,339,4,140,SA,339_SA_4,2,0.383653622,0.31476955,6799,339_SA_4,4,1,"20,959",140,621.162317527222,910.441656054849,14160.1747306188
UNIVERSIDAD DE CHILE,Providencia,2,PIO NONO NRO.1,189,2,80,PR,189_PR_2,2,0.383653622,0.31476955,6799,189_PR_2,2,2,"15,108",80,565.820397589133,9089.80886293956,8309.12136790456
UNIVERSIDAD DE LA REPUBLICA,Santiago,1,AGUSTINAS 1831 -CENTRAL DE APUNTES,399,5,60,SA,399_SA_5,1,0.250888165,inf,50000,399_SA_5,5,1,"52,057",60,1077.7696410352,8436.86453207546,2057.18829942263
UNIVERSIDAD DE LA REPUBLICA,Santiago,1,AGUSTINAS 1831,190,2,30,SA,190_SA_2,1,0.250888165,inf,50000,190_SA_2,2,1,"60,105",30,-372.076278314638,1699.20315320813,10104.9737400019
UNIVERSIDAD FINIS TERRAE,Providencia,2,AV. PEDRO DE VALDIVIA 1543,100,1,60,PR,100_PR_1,4,0.6363247,0.225386307,4868,100_PR_1,1,2,"2,190",60,-2236.47631870679,-8604.94519091889,-2677.62955254502
UNIVERSIDAD TECNICA METROPOLITANA,Santiago,1,VIDAURRE 1550 P/4 COMPUTACION,269,3,40,SA,269_SA_3,2,0.495536729,13.73459255,296667,269_SA_3,3,1,"286,977",40,1376.67083518838,6564.3457470365,-9690.33936791378
VM.ICA SISTEMAS Y TECNOLOGIA LTDA.,Providencia,2,FIDEL OTEIZA 1916 OF.1001,400,5,45,PR,400_PR_5,1,0.577913484,inf,50000,400_PR_5,5,2,"52,995",45,944.775500312363,2777.16769860026,2995.28585359338
WARNER MUSIC CHILE S.A.,Providencia,2,AV. POCURO 2262,270,3,75,PR,270_PR_3,2,0.429913804,0.652286641,14089,270_PR_3,3,2,"25,472",75,-433.514141359202,-4538.92332283533,11382.8096550266
