"";"realID";"LOC";"weekday";"diffdays";"flex";"penalty";"DiaAten";"ModelId";"T.Servicio";"tag"
"1";191;"PR";3;0;0;872;3;1;60;"E10"
"2";101;"PR";2;0;0;2889;2;1;60;"E10"
"3";1;"PR";1;0;0;6252;1;1;90;"E10"
"4";341;"SA";5;0;0;2256;5;1;70;"E10"
"5";102;"SA";2;0;0;5496;2;2;120;"E10"
"6";2;"SA";1;0;0;48594;1;2;90;"E10"
"7";103;"SA";2;0;0;54867;2;3;120;"E10"
"8";104;"LC";2;1;1;1322;-3;4;120;"E10"
"9";271;"PR";4;0;0;24655;4;1;60;"E10"
"10";105;"LC";2;0;0;49408;2;5;200;"E10"
"11";342;"PR";5;0;0;2608;5;2;60;"E10"
"12";192;"PR";3;0;0;5265;3;2;130;"E10"
"13";193;"LC";3;0;0;4488;3;3;70;"E10"
"14";272;"LC";4;0;0;48181;4;2;130;"E10"
"15";273;"LC";4;0;0;4184;4;3;90;"E10"
"16";343;"LC";5;0;0;45595;5;3;45;"E10"
"17";274;"SA";4;0;0;52945;4;4;60;"E10"
"18";3;"SA";1;0;0;50372;1;3;75;"E10"
"19";106;"NU";2;0;0;53139;2;6;75;"E10"
"20";107;"PR";2;0;0;52076;2;7;30;"E10"
"21";344;"LC";5;0;0;50267;5;4;120;"E10"
"22";108;"LC";2;0;0;51121;2;8;10;"E10"
"23";345;"SA";5;1;1;1533;-6;5;150;"E10"
"24";194;"PR";3;0;0;47738;3;4;20;"E10"
"25";4;"LC";1;0;0;5593;1;4;120;"E10"
"26";195;"SA";3;0;0;4252;3;5;150;"E10"
"27";5;"SA";1;0;0;45402;1;5;90;"E10"
"28";197;"SA";3;0;0;50267;3;6;120;"E10"
"29";346;"LC";5;0;0;45251;5;6;70;"E10"
"30";199;"SA";3;0;0;50940;3;7;80;"E10"
"31";196;"PR";3;0;0;47508;3;8;45;"E10"
"32";198;"SA";3;0;0;51147;3;9;60;"E10"
"33";6;"SA";1;0;0;6762;1;6;30;"E10"
"34";200;"SA";3;0;0;8186;3;10;60;"E10"
"35";201;"LC";3;0;0;6543;3;11;270;"E10"
"36";347;"SA";5;0;0;50435;5;7;20;"E10"
"37";7;"SA";1;0;0;52033;1;7;290;"E10"
"38";202;"SA";3;0;0;52200;3;12;180;"E10"
"39";8;"SA";1;0;0;44400;1;8;60;"E10"
"40";110;"SA";2;0;0;53296;2;9;120;"E10"
"41";111;"SA";2;0;0;48859;2;10;120;"E10"
"42";112;"SA";2;0;0;52612;2;11;60;"E10"
"43";109;"SA";2;0;0;46358;2;12;110;"E10"
"44";114;"SA";2;0;0;48840;2;13;60;"E10"
"45";113;"SA";2;0;0;45303;2;14;60;"E10"
"46";203;"SA";3;0;0;52752;3;13;45;"E10"
"47";115;"PR";2;0;0;54905;2;15;90;"E10"
"48";348;"SA";5;0;0;5344;5;8;60;"E10"
"49";349;"SA";5;0;0;3875;5;9;15;"E10"
"50";9;"SA";1;0;0;3459;1;9;360;"E10"
"51";10;"SA";1;0;0;3173;1;10;60;"E10"
"52";13;"SA";1;0;0;1545;1;11;60;"E10"
"53";14;"SA";1;0;0;6684;1;12;90;"E10"
"54";350;"SA";5;1;1;1044;-6;10;180;"E10"
"55";12;"SA";1;1;1;623;-2;13;75;"E10"
"56";204;"SA";3;0;0;3392;3;14;80;"E10"
"57";205;"SA";3;0;0;2998;3;15;60;"E10"
"58";352;"PR";5;0;0;3470;5;11;70;"E10"
"59";11;"SA";1;1;1;1737;-2;14;120;"E10"
"60";275;"SA";4;0;0;3765;4;5;90;"E10"
"61";276;"SA";4;0;0;3619;4;6;60;"E10"
"62";277;"SA";4;0;0;1623;4;7;120;"E10"
"63";120;"SA";2;1;1;800;-3;16;55;"E10"
"64";279;"SA";4;1;1;1122;-5;8;300;"E10"
"65";280;"NU";4;1;1;873;-5;9;60;"E10"
"66";119;"SA";2;0;0;360;2;17;60;"E10"
"67";124;"SA";2;0;0;4166;2;18;30;"E10"
"68";121;"LC";2;1;1;3126;-3;19;45;"E10"
"69";122;"SA";2;0;0;4942;2;20;50;"E10"
"70";351;"SA";5;0;0;2472;5;12;60;"E10"
"71";118;"SA";2;1;1;2247;-3;21;120;"E10"
"72";278;"PR";4;0;0;1300;4;10;150;"E10"
"73";116;"SA";2;0;0;2565;2;22;60;"E10"
"74";117;"SA";2;1;1;1223;-3;23;140;"E10"
"75";123;"SA";2;1;1;1062;-3;24;50;"E10"
"76";15;"SA";1;0;0;55172;1;15;240;"E10"
"77";125;"SA";2;0;0;46838;2;25;60;"E10"
"78";281;"PR";4;0;0;51806;4;11;70;"E10"
"79";282;"LC";4;0;0;31464;4;12;90;"E10"
"80";127;"PR";2;0;0;117438;2;26;80;"E10"
"81";206;"PR";3;0;0;118820;3;16;35;"E10"
"82";126;"PR";2;0;0;114458;2;27;180;"E10"
"83";353;"SA";5;1;1;1525;-6;13;5;"E10"
"84";354;"PR";5;0;0;50029;5;14;30;"E10"
"85";16;"SA";1;0;0;3498;1;16;110;"E10"
"86";207;"SA";3;0;0;1960;3;17;50;"E10"
"87";128;"SA";2;0;0;1795;2;28;120;"E10"
"88";17;"NU";1;1;1;1535;-2;17;180;"E10"
"89";129;"NU";2;0;0;834;2;29;120;"E10"
"90";283;"SA";4;0;0;2496;4;13;180;"E10"
"91";355;"LC";5;0;0;3265;5;15;150;"E10"
"92";130;"SA";2;1;1;817;-3;30;90;"E10"
"93";356;"SA";5;1;1;1233;-6;16;150;"E10"
"94";131;"PR";2;0;0;49806;2;31;215;"E10"
"95";18;"SA";1;1;1;469;-2;18;90;"E10"
"96";208;"SA";3;1;1;1442;-4;18;90;"E10"
"97";209;"SA";3;0;0;1463;3;19;45;"E10"
"98";132;"SA";2;0;0;1372;2;32;20;"E10"
"99";19;"SA";1;0;0;90812;1;19;180;"E10"
"100";210;"SA";3;0;0;94185;3;20;180;"E10"
"101";284;"SA";4;0;0;96431;4;14;240;"E10"
"102";134;"SA";2;0;0;53362;2;33;60;"E10"
"103";133;"SA";2;0;0;52578;2;34;90;"E10"
"104";357;"SA";5;0;0;47520;5;17;60;"E10"
"105";285;"SA";4;0;0;46742;4;15;60;"E10"
"106";135;"SA";2;0;0;48342;2;35;60;"E10"
"107";20;"SA";1;0;0;50672;1;20;60;"E10"
"108";136;"LC";2;1;1;2463;-3;36;30;"E10"
"109";286;"PR";4;0;0;51272;4;16;60;"E10"
"110";360;"LC";5;0;0;48425;5;18;10;"E10"
"111";358;"PR";5;0;0;49548;5;19;70;"E10"
"112";137;"PR";2;0;0;49565;2;37;150;"E10"
"113";359;"LC";5;0;0;51718;5;20;10;"E10"
"114";361;"SA";5;0;0;53186;5;21;10;"E10"
"115";21;"NU";1;0;0;24492;1;21;90;"E10"
"116";211;"NU";3;0;0;21005;3;21;40;"E10"
"117";362;"PR";5;0;0;52155;5;22;240;"E10"
"118";22;"PR";1;0;0;48442;1;22;60;"E10"
"119";213;"LC";3;0;0;48920;3;22;90;"E10"
"120";139;"PR";2;0;0;50959;2;38;60;"E10"
"121";140;"SA";2;0;0;46564;2;39;50;"E10"
"122";288;"SA";4;0;0;49494;4;17;60;"E10"
"123";287;"PR";4;0;0;49813;4;18;90;"E10"
"124";212;"SA";3;0;0;48957;3;23;40;"E10"
"125";138;"VI";2;0;0;54604;2;40;90;"E10"
"126";363;"VI";5;0;0;1964;5;23;10;"E10"
"127";214;"VI";3;0;0;6091;3;24;25;"E10"
"128";215;"PR";3;0;0;53669;3;25;45;"E10"
"129";23;"SA";1;0;0;47176;1;23;90;"E10"
"130";24;"PR";1;0;0;5988;1;24;100;"E10"
"131";289;"LC";4;0;0;34160;4;19;110;"E10"
"132";25;"PR";1;0;0;7443;1;25;90;"E10"
"133";141;"NU";2;0;0;5843;2;41;150;"E10"
"134";26;"NU";1;1;1;224;-2;26;420;"E10"
"135";27;"LC";1;0;0;3249;1;27;180;"E10"
"136";216;"SA";3;0;0;15964;3;26;80;"E10"
"137";28;"SA";1;0;0;837;1;28;30;"E10"
"138";29;"SA";1;0;0;52284;1;29;60;"E10"
"139";364;"PR";5;1;1;601;-6;24;1;"E10"
"140";217;"SA";3;1;1;684;-4;27;150;"E10"
"141";365;"SA";5;1;1;1501;-6;25;120;"E10"
"142";290;"SA";4;0;0;2004;4;20;60;"E10"
"143";291;"SA";4;0;0;4672;4;21;150;"E10"
"144";292;"PR";4;0;0;4435;4;22;50;"E10"
"145";293;"PR";4;1;1;2971;-5;23;165;"E10"
"146";294;"SA";4;0;0;29187;4;24;90;"E10"
"147";142;"LC";2;0;0;6747;2;42;50;"E10"
"148";218;"SA";3;0;0;4746;3;28;120;"E10"
"149";219;"SA";3;0;0;10370;3;29;90;"E10"
"150";143;"SA";2;1;1;261;-3;43;180;"E10"
"151";144;"SA";2;0;0;3630;2;44;90;"E10"
"152";145;"LC";2;1;1;1613;-3;45;60;"E10"
"153";146;"SA";2;1;1;2792;-3;46;165;"E10"
"154";147;"LC";2;1;1;448;-3;47;30;"E10"
"155";220;"PR";3;1;1;331;-4;30;60;"E10"
"156";30;"PR";1;0;0;6168;1;30;60;"E10"
"157";295;"LC";4;0;0;3125;4;25;60;"E10"
"158";366;"SA";5;0;0;12509;5;26;20;"E10"
"159";32;"SA";1;0;0;19418;1;31;90;"E10"
"160";31;"SA";1;0;0;13265;1;32;90;"E10"
"161";367;"PR";5;0;0;51995;5;27;15;"E10"
"162";33;"LC";1;0;0;5003;1;33;150;"E10"
"163";221;"PR";3;0;0;48369;3;31;35;"E10"
"164";296;"SA";4;0;0;48012;4;26;90;"E10"
"165";222;"PR";3;0;0;52851;3;32;60;"E10"
"166";223;"PR";3;0;0;48458;3;33;40;"E10"
"167";224;"PR";3;0;0;1871;3;34;50;"E10"
"168";34;"LC";1;0;0;53519;1;34;80;"E10"
"169";148;"SA";2;0;0;12196;2;48;90;"E10"
"170";368;"PR";5;0;0;19274;5;28;5;"E10"
"171";369;"SA";5;0;0;52882;5;29;120;"E10"
"172";370;"SA";5;0;0;48286;5;30;140;"E10"
"173";225;"SA";3;1;1;2513;-4;35;80;"E10"
"174";35;"SA";1;1;1;2892;-2;35;105;"E10"
"175";297;"SA";4;0;0;3280;4;27;100;"E10"
"176";36;"LC";1;0;0;52019;1;36;60;"E10"
"177";298;"PR";4;1;1;616;-5;28;120;"E10"
"178";150;"SA";2;0;0;7469;2;49;120;"E10"
"179";149;"SA";2;1;1;4319;-3;50;235;"E10"
"180";151;"SA";2;0;0;77542;2;51;120;"E10"
"181";38;"PR";1;0;0;52291;1;37;80;"E10"
"182";371;"PR";5;0;0;49292;5;31;30;"E10"
"183";37;"PR";1;0;0;51192;1;38;60;"E10"
"184";39;"LC";1;0;0;3579;1;39;90;"E10"
"185";226;"PR";3;0;0;53174;3;36;65;"E10"
"186";372;"LC";5;0;0;52905;5;32;60;"E10"
"187";227;"LC";3;1;1;519;-4;37;120;"E10"
"188";40;"SA";1;0;0;6896;1;40;60;"E10"
"189";228;"SA";3;0;0;46418;3;38;100;"E10"
"190";152;"LC";2;1;1;206;-3;52;1;"E10"
"191";41;"LC";1;0;0;681;1;41;120;"E10"
"192";42;"PR";1;0;0;6084;1;42;60;"E10"
"193";299;"LC";4;1;1;903;-5;29;60;"E10"
"194";43;"SA";1;0;0;4118;1;43;207;"E10"
"195";300;"SA";4;0;0;51496;4;30;105;"E10"
"196";301;"SA";4;0;0;2776;4;31;75;"E10"
"197";44;"PR";1;1;1;5311;-2;44;25;"E10"
"198";153;"PR";2;0;0;48204;2;53;230;"E10"
"199";302;"SA";4;0;0;51848;4;32;90;"E10"
"200";373;"SA";5;1;1;1793;-6;33;60;"E10"
"201";154;"PR";2;0;0;51396;2;54;170;"E10"
"202";374;"PR";5;0;0;50123;5;34;105;"E10"
"203";155;"SA";2;0;0;51786;2;55;240;"E10"
"204";375;"PR";5;0;0;54304;5;35;170;"E10"
"205";229;"SA";3;1;1;2233;-4;39;60;"E10"
"206";156;"PR";2;0;0;51557;2;56;80;"E10"
"207";45;"VI";1;0;0;10495;1;45;75;"E10"
"208";46;"SA";1;1;1;1061;-2;46;90;"E10"
"209";47;"SA";1;1;1;1529;-2;47;90;"E10"
"210";230;"PR";3;0;0;39018;3;40;30;"E10"
"211";303;"LC";4;0;0;51857;4;33;60;"E10"
"212";376;"PR";5;0;0;48549;5;36;75;"E10"
"213";304;"VI";4;1;1;381;-5;34;120;"E10"
"214";231;"SA";3;1;1;1313;-4;41;80;"E10"
"215";49;"SA";1;1;1;1063;-2;48;60;"E10"
"216";306;"SA";4;1;1;2560;-5;35;270;"E10"
"217";305;"PR";4;1;1;101;-5;36;25;"E10"
"218";377;"PR";5;0;0;3095;5;37;30;"E10"
"219";157;"SA";2;0;0;5700;2;57;150;"E10"
"220";48;"SA";1;1;1;375;-2;49;60;"E10"
"221";232;"PR";3;1;1;1826;-4;42;120;"E10"
"222";307;"SA";4;0;0;48820;4;37;120;"E10"
"223";233;"SA";3;0;0;52453;3;43;40;"E10"
"224";378;"PR";5;0;0;53339;5;38;30;"E10"
"225";234;"LC";3;0;0;4737;3;44;60;"E10"
"226";235;"LC";3;0;0;2666;3;45;120;"E10"
"227";379;"LC";5;0;0;52461;5;39;60;"E10"
"228";50;"LC";1;0;0;50644;1;50;80;"E10"
"229";158;"PR";2;1;1;1563;-3;58;85;"E10"
"230";236;"VI";3;1;1;815;-4;46;90;"E10"
"231";308;"PR";4;0;0;49905;4;38;30;"E10"
"232";237;"PR";3;0;0;49670;3;47;70;"E10"
"233";159;"SA";2;1;1;1038;-3;59;55;"E10"
"234";51;"SA";1;0;0;2060;1;51;90;"E10"
"235";160;"PR";2;0;0;49250;2;60;60;"E10"
"236";309;"PR";4;0;0;52568;4;39;60;"E10"
"237";310;"PR";4;0;0;51527;4;40;120;"E10"
"238";161;"LC";2;0;0;50744;2;61;180;"E10"
"239";238;"SA";3;0;0;10716;3;48;60;"E10"
"240";162;"SA";2;0;0;9915;2;62;1;"E10"
"241";239;"SA";3;0;0;50405;3;49;180;"E10"
"242";52;"PR";1;0;0;4841;1;52;30;"E10"
"243";240;"PR";3;0;0;2088;3;50;60;"E10"
"244";53;"NU";1;0;0;46885;1;53;90;"E10"
"245";311;"PR";4;0;0;48903;4;41;60;"E10"
"246";241;"SA";3;0;0;53055;3;51;20;"E10"
"247";55;"LC";1;1;1;3183;-2;54;60;"E10"
"248";54;"LC";1;0;0;3352;1;55;60;"E10"
"249";312;"PR";4;0;0;205212;4;42;50;"E10"
"250";56;"LC";1;0;0;1777;1;56;150;"E10"
"251";313;"PR";4;0;0;5543;4;43;50;"E10"
"252";163;"PR";2;0;0;1063;2;63;120;"E10"
"253";164;"NU";2;1;1;2862;-3;64;90;"E10"
"254";314;"SA";4;0;0;1010;4;44;20;"E10"
"255";380;"LC";5;0;0;9142;5;40;234;"E10"
"256";59;"SA";1;1;1;327;-2;57;60;"E10"
"257";57;"SA";1;0;0;5908;1;58;60;"E10"
"258";58;"SA";1;1;1;3952;-2;59;60;"E10"
"259";165;"SA";2;0;0;48645;2;65;120;"E10"
"260";60;"LC";1;0;0;7969;1;60;90;"E10"
"261";167;"SA";2;0;0;45830;2;66;60;"E10"
"262";64;"SA";1;0;0;49581;1;61;10;"E10"
"263";62;"SA";1;0;0;52512;1;62;150;"E10"
"264";61;"SA";1;0;0;51371;1;63;30;"E10"
"265";166;"SA";2;0;0;49512;2;67;40;"E10"
"266";65;"SA";1;0;0;46476;1;64;30;"E10"
"267";63;"SA";1;0;0;48443;1;65;75;"E10"
"268";381;"SA";5;0;0;54660;5;41;60;"E10"
"269";242;"LC";3;0;0;48003;3;52;40;"E10"
"270";315;"SA";4;1;1;2069;-5;45;180;"E10"
"271";316;"NU";4;0;0;9960;4;46;60;"E10"
"272";66;"PR";1;1;1;264;-2;66;75;"E10"
"273";168;"SA";2;1;1;122;-3;68;60;"E10"
"274";67;"SA";1;0;0;3767;1;67;60;"E10"
"275";317;"LC";4;0;0;47913;4;47;45;"E10"
"276";243;"SA";3;0;0;4048;3;53;120;"E10"
"277";318;"SA";4;0;0;1392;4;48;240;"E10"
"278";68;"SA";1;0;0;3308;1;68;120;"E10"
"279";69;"VI";1;0;0;47839;1;69;60;"E10"
"280";382;"PR";5;0;0;1222;5;42;30;"E10"
"281";319;"PR";4;0;0;3360;4;49;90;"E10"
"282";71;"PR";1;0;0;21927;1;70;520;"E10"
"283";70;"SA";1;0;0;18974;1;71;180;"E10"
"284";170;"SA";2;0;0;16736;2;69;120;"E10"
"285";244;"SA";3;0;0;15367;3;54;80;"E10"
"286";169;"LC";2;0;0;15613;2;70;135;"E10"
"287";171;"PR";2;0;0;6487;2;71;65;"E10"
"288";172;"NU";2;0;0;51398;2;72;60;"E10"
"289";321;"SA";4;0;0;52169;4;50;240;"E10"
"290";383;"SA";5;0;0;48409;5;43;240;"E10"
"291";73;"PR";1;0;0;53256;1;72;120;"E10"
"292";72;"SA";1;0;0;44343;1;73;195;"E10"
"293";320;"SA";4;0;0;48207;4;51;120;"E10"
"294";322;"SA";4;0;0;43800;4;52;90;"E10"
"295";245;"SA";3;1;1;793;-4;55;160;"E10"
"296";384;"SA";5;1;1;1081;-6;44;240;"E10"
"297";323;"SA";4;0;0;619;4;53;120;"E10"
"298";246;"LC";3;0;0;5196;3;56;100;"E10"
"299";247;"SA";3;0;0;42453;3;57;90;"E10"
"300";74;"SA";1;1;1;896;-2;74;60;"E10"
"301";75;"SA";1;0;0;55976;1;75;75;"E10"
"302";174;"SA";2;0;0;52262;2;73;360;"E10"
"303";173;"SA";2;0;0;58622;2;74;55;"E10"
"304";175;"SA";2;0;0;44729;2;75;90;"E10"
"305";385;"SA";5;0;0;49060;5;45;60;"E10"
"306";248;"SA";3;0;0;1676;3;58;60;"E10"
"307";176;"SA";2;0;0;4477;2;76;90;"E10"
"308";177;"PR";2;1;1;1172;-3;77;50;"E10"
"309";249;"SA";3;0;0;47884;3;59;75;"E10"
"310";76;"SA";1;0;0;1638;1;76;100;"E10"
"311";250;"SA";3;0;0;47809;3;60;60;"E10"
"312";77;"SA";1;0;0;51993;1;77;120;"E10"
"313";178;"NU";2;0;0;3034;2;78;20;"E10"
"314";324;"SA";4;0;0;47561;4;54;130;"E10"
"315";325;"PR";4;0;0;3565;4;55;180;"E10"
"316";386;"SA";5;0;0;51592;5;46;90;"E10"
"317";179;"PR";2;0;0;47161;2;79;100;"E10"
"318";251;"PR";3;0;0;6931;3;61;60;"E10"
"319";180;"LC";2;0;0;52775;2;80;60;"E10"
"320";326;"SA";4;0;0;1877;4;56;1;"E10"
"321";78;"SA";1;1;1;1156;-2;78;60;"E10"
"322";79;"SA";1;1;1;614;-2;79;100;"E10"
"323";181;"LC";2;0;0;5157;2;81;120;"E10"
"324";252;"SA";3;1;1;1173;-4;62;55;"E10"
"325";387;"SA";5;0;0;48152;5;47;90;"E10"
"326";80;"SA";1;0;0;51988;1;80;90;"E10"
"327";81;"SA";1;0;0;12602;1;81;60;"E10"
"328";388;"SA";5;0;0;6021;5;48;60;"E10"
"329";389;"SA";5;0;0;48402;5;49;90;"E10"
"330";253;"SA";3;0;0;49720;3;63;60;"E10"
"331";82;"VI";1;0;0;9362;1;82;30;"E10"
"332";390;"LC";5;1;1;98;-6;50;180;"E10"
"333";255;"PR";3;0;0;49800;3;64;150;"E10"
"334";254;"PR";3;0;0;49306;3;65;60;"E10"
"335";256;"PR";3;0;0;2063;3;66;90;"E10"
"336";257;"SA";3;0;0;3275;3;67;5;"E10"
"337";258;"SA";3;1;1;1593;-4;68;120;"E10"
"338";83;"SA";1;0;0;5966;1;83;240;"E10"
"339";327;"SA";4;0;0;17627;4;57;120;"E10"
"340";84;"LC";1;0;0;51815;1;84;15;"E10"
"341";85;"PR";1;0;0;3040;1;85;70;"E10"
"342";86;"PR";1;0;0;46279;1;86;90;"E10"
"343";259;"SA";3;0;0;1577;3;69;110;"E10"
"344";260;"SA";3;0;0;3720;3;70;120;"E10"
"345";261;"SA";3;0;0;3857;3;71;90;"E10"
"346";87;"SA";1;1;1;448;-2;87;60;"E10"
"347";262;"SA";3;0;0;3723;3;72;120;"E10"
"348";88;"LC";1;0;0;43492;1;88;120;"E10"
"349";328;"LC";4;0;0;48282;4;58;120;"E10"
"350";329;"LC";4;0;0;50856;4;59;90;"E10"
"351";182;"LC";2;0;0;53594;2;82;60;"E10"
"352";183;"NU";2;0;0;913;2;83;20;"E10"
"353";263;"SA";3;0;0;46590;3;73;60;"E10"
"354";184;"SA";2;0;0;50115;2;84;15;"E10"
"355";185;"SA";2;0;0;45677;2;85;35;"E10"
"356";331;"SA";4;0;0;49895;4;60;160;"E10"
"357";330;"SA";4;0;0;52883;4;61;120;"E10"
"358";264;"SA";3;0;0;51593;3;74;65;"E10"
"359";186;"PR";2;1;1;961;-3;86;120;"E10"
"360";187;"SA";2;0;0;48962;2;87;210;"E10"
"361";89;"PR";1;0;0;46937;1;89;70;"E10"
"362";90;"SA";1;1;1;274;-2;90;90;"E10"
"363";391;"LC";5;0;0;50686;5;51;75;"E10"
"364";393;"PR";5;0;0;49082;5;52;150;"E10"
"365";91;"PR";1;0;0;50466;1;91;120;"E10"
"366";392;"PR";5;0;0;53179;5;53;35;"E10"
"367";188;"VI";2;1;1;1970;-3;88;100;"E10"
"368";332;"PR";4;1;1;571;-5;62;120;"E10"
"369";265;"PR";3;0;0;47698;3;75;100;"E10"
"370";92;"SA";1;0;0;44923;1;92;60;"E10"
"371";333;"VI";4;0;0;51136;4;63;90;"E10"
"372";394;"PR";5;0;0;53442;5;54;75;"E10"
"373";93;"SA";1;1;1;1361;-2;93;90;"E10"
"374";94;"NU";1;0;0;46696;1;94;160;"E10"
"375";95;"SA";1;0;0;1706;1;95;140;"E10"
"376";334;"SA";4;0;0;2566;4;64;30;"E10"
"377";96;"VI";1;0;0;51128;1;96;50;"E10"
"378";98;"PR";1;0;0;51921;1;97;10;"E10"
"379";97;"PR";1;0;0;49639;1;98;20;"E10"
"380";335;"SA";4;0;0;16866;4;65;30;"E10"
"381";266;"SA";3;0;0;6772;3;76;80;"E10"
"382";99;"SA";1;1;1;2817;-2;99;75;"E10"
"383";267;"NU";3;0;0;9722;3;77;50;"E10"
"384";336;"VI";4;0;0;1571;4;66;240;"E10"
"385";337;"PR";4;1;1;988;-5;67;1;"E10"
"386";395;"SA";5;0;0;2160;5;55;90;"E10"
"387";338;"SA";4;0;0;3992;4;68;60;"E10"
"388";396;"SA";5;0;0;49229;5;56;60;"E10"
"389";397;"SA";5;0;0;54683;5;57;10;"E10"
"390";268;"SA";3;1;1;549;-4;78;90;"E10"
"391";398;"NU";5;0;0;4140;5;58;150;"E10"
"392";340;"SA";4;0;0;10337;4;69;60;"E10"
"393";339;"SA";4;0;0;7420;4;70;140;"E10"
"394";189;"PR";2;0;0;7365;2;89;80;"E10"
"395";399;"SA";5;0;0;51078;5;59;60;"E10"
"396";190;"SA";2;0;0;49628;2;90;30;"E10"
"397";100;"PR";1;0;0;2632;1;100;60;"E10"
"398";269;"SA";3;0;0;298044;3;79;40;"E10"
"399";400;"PR";5;0;0;50945;5;60;45;"E10"
"400";270;"PR";3;0;0;13655;3;80;75;"E10"
"401";191;"PR";3;0;0;1964;3;1;60;"E20"
"402";101;"PR";2;0;0;4644;2;1;60;"E20"
"403";1;"PR";1;1;1;1547;-2;1;90;"E20"
"404";341;"SA";5;0;0;9691;5;1;70;"E20"
"405";102;"SA";2;1;1;1735;-3;2;120;"E20"
"406";2;"SA";1;0;0;47820;1;2;90;"E20"
"407";103;"SA";2;0;0;55540;2;3;120;"E20"
"408";104;"LC";2;0;0;432;2;4;120;"E20"
"409";271;"PR";4;0;0;19675;4;1;60;"E20"
"410";105;"LC";2;0;0;61281;2;5;200;"E20"
"411";342;"PR";5;0;0;1048;5;2;60;"E20"
"412";192;"PR";3;0;0;2902;3;2;130;"E20"
"413";193;"LC";3;0;0;2118;3;3;70;"E20"
"414";272;"LC";4;0;0;51671;4;2;130;"E20"
"415";273;"LC";4;0;0;5591;4;3;90;"E20"
"416";343;"LC";5;0;0;45853;5;3;45;"E20"
"417";274;"SA";4;0;0;44564;4;4;60;"E20"
"418";3;"SA";1;0;0;52242;1;3;75;"E20"
"419";106;"NU";2;0;0;53704;2;6;75;"E20"
"420";107;"PR";2;0;0;44140;2;7;30;"E20"
"421";344;"LC";5;0;0;41227;5;4;120;"E20"
"422";108;"LC";2;0;0;49657;2;8;10;"E20"
"423";345;"SA";5;0;0;2881;5;5;150;"E20"
"424";194;"PR";3;0;0;50324;3;4;20;"E20"
"425";4;"LC";1;1;1;1958;-2;4;120;"E20"
"426";195;"SA";3;1;1;918;-4;5;150;"E20"
"427";5;"SA";1;0;0;41365;1;5;90;"E20"
"428";197;"SA";3;0;0;51935;3;6;120;"E20"
"429";346;"LC";5;0;0;51562;5;6;70;"E20"
"430";199;"SA";3;0;0;57542;3;7;80;"E20"
"431";196;"PR";3;0;0;53316;3;8;45;"E20"
"432";198;"SA";3;0;0;53586;3;9;60;"E20"
"433";6;"SA";1;0;0;1370;1;6;30;"E20"
"434";200;"SA";3;0;0;4117;3;10;60;"E20"
"435";201;"LC";3;1;1;7526;-4;11;270;"E20"
"436";347;"SA";5;0;0;60601;5;7;20;"E20"
"437";7;"SA";1;0;0;53067;1;7;290;"E20"
"438";202;"SA";3;0;0;50530;3;12;180;"E20"
"439";8;"SA";1;0;0;55709;1;8;60;"E20"
"440";110;"SA";2;0;0;50653;2;9;120;"E20"
"441";111;"SA";2;0;0;46886;2;10;120;"E20"
"442";112;"SA";2;0;0;54476;2;11;60;"E20"
"443";109;"SA";2;0;0;48945;2;12;110;"E20"
"444";114;"SA";2;0;0;53389;2;13;60;"E20"
"445";113;"SA";2;0;0;50269;2;14;60;"E20"
"446";203;"SA";3;0;0;60864;3;13;45;"E20"
"447";115;"PR";2;0;0;50371;2;15;90;"E20"
"448";348;"SA";5;0;0;12920;5;8;60;"E20"
"449";349;"SA";5;0;0;7128;5;9;15;"E20"
"450";9;"SA";1;1;1;6564;-2;9;360;"E20"
"451";10;"SA";1;0;0;14116;1;10;60;"E20"
"452";13;"SA";1;0;0;4551;1;11;60;"E20"
"453";14;"SA";1;1;1;1692;-2;12;90;"E20"
"454";350;"SA";5;0;0;9352;5;10;180;"E20"
"455";12;"SA";1;1;1;557;-2;13;75;"E20"
"456";204;"SA";3;0;0;2363;3;14;80;"E20"
"457";205;"SA";3;0;0;4677;3;15;60;"E20"
"458";352;"PR";5;0;0;8739;5;11;70;"E20"
"459";11;"SA";1;1;1;6371;-2;14;120;"E20"
"460";275;"SA";4;0;0;4729;4;5;90;"E20"
"461";276;"SA";4;1;1;2217;-5;6;60;"E20"
"462";277;"SA";4;0;0;3858;4;7;120;"E20"
"463";120;"SA";2;1;1;1299;-3;16;55;"E20"
"464";279;"SA";4;0;0;7458;4;8;300;"E20"
"465";280;"NU";4;0;0;5268;4;9;60;"E20"
"466";119;"SA";2;1;1;1896;-3;17;60;"E20"
"467";124;"SA";2;0;0;1665;2;18;30;"E20"
"468";121;"LC";2;0;0;2002;2;19;45;"E20"
"469";122;"SA";2;0;0;2660;2;20;50;"E20"
"470";351;"SA";5;0;0;9135;5;12;60;"E20"
"471";118;"SA";2;1;1;2218;-3;21;120;"E20"
"472";278;"PR";4;1;1;424;-5;10;150;"E20"
"473";116;"SA";2;0;0;3522;2;22;60;"E20"
"474";117;"SA";2;0;0;10079;2;23;140;"E20"
"475";123;"SA";2;0;0;2609;2;24;50;"E20"
"476";15;"SA";1;0;0;42596;1;15;240;"E20"
"477";125;"SA";2;0;0;57807;2;25;60;"E20"
"478";281;"PR";4;0;0;59819;4;11;70;"E20"
"479";282;"LC";4;0;0;31872;4;12;90;"E20"
"480";127;"PR";2;0;0;115175;2;26;80;"E20"
"481";206;"PR";3;0;0;110676;3;16;35;"E20"
"482";126;"PR";2;0;0;123443;2;27;180;"E20"
"483";353;"SA";5;0;0;7979;5;13;5;"E20"
"484";354;"PR";5;0;0;52533;5;14;30;"E20"
"485";16;"SA";1;0;0;12774;1;16;110;"E20"
"486";207;"SA";3;0;0;9086;3;17;50;"E20"
"487";128;"SA";2;1;1;3442;-3;28;120;"E20"
"488";17;"NU";1;1;1;858;-2;17;180;"E20"
"489";129;"NU";2;0;0;5598;2;29;120;"E20"
"490";283;"SA";4;0;0;12451;4;13;180;"E20"
"491";355;"LC";5;0;0;2384;5;15;150;"E20"
"492";130;"SA";2;1;1;2569;-3;30;90;"E20"
"493";356;"SA";5;0;0;3041;5;16;150;"E20"
"494";131;"PR";2;0;0;57151;2;31;215;"E20"
"495";18;"SA";1;0;0;1773;1;18;90;"E20"
"496";208;"SA";3;0;0;4611;3;18;90;"E20"
"497";209;"SA";3;0;0;1917;3;19;45;"E20"
"498";132;"SA";2;0;0;2021;2;32;20;"E20"
"499";19;"SA";1;0;0;97241;1;19;180;"E20"
"500";210;"SA";3;0;0;85842;3;20;180;"E20"
"501";284;"SA";4;0;0;103944;4;14;240;"E20"
"502";134;"SA";2;0;0;55968;2;33;60;"E20"
"503";133;"SA";2;0;0;58076;2;34;90;"E20"
"504";357;"SA";5;0;0;58928;5;17;60;"E20"
"505";285;"SA";4;0;0;48448;4;15;60;"E20"
"506";135;"SA";2;0;0;46256;2;35;60;"E20"
"507";20;"SA";1;0;0;53303;1;20;60;"E20"
"508";136;"LC";2;0;0;1743;2;36;30;"E20"
"509";286;"PR";4;0;0;45997;4;16;60;"E20"
"510";360;"LC";5;0;0;53003;5;18;10;"E20"
"511";358;"PR";5;0;0;46494;5;19;70;"E20"
"512";137;"PR";2;0;0;44739;2;37;150;"E20"
"513";359;"LC";5;0;0;53810;5;20;10;"E20"
"514";361;"SA";5;0;0;55387;5;21;10;"E20"
"515";21;"NU";1;0;0;19675;1;21;90;"E20"
"516";211;"NU";3;0;0;13571;3;21;40;"E20"
"517";362;"PR";5;0;0;48573;5;22;240;"E20"
"518";22;"PR";1;0;0;43851;1;22;60;"E20"
"519";213;"LC";3;0;0;41276;3;22;90;"E20"
"520";139;"PR";2;0;0;51779;2;38;60;"E20"
"521";140;"SA";2;0;0;51851;2;39;50;"E20"
"522";288;"SA";4;0;0;56048;4;17;60;"E20"
"523";287;"PR";4;0;0;55720;4;18;90;"E20"
"524";212;"SA";3;0;0;48103;3;23;40;"E20"
"525";138;"VI";2;0;0;44066;2;40;90;"E20"
"526";363;"VI";5;1;1;74;-6;23;10;"E20"
"527";214;"VI";3;1;1;1349;-4;24;25;"E20"
"528";215;"PR";3;0;0;52053;3;25;45;"E20"
"529";23;"SA";1;0;0;51415;1;23;90;"E20"
"530";24;"PR";1;0;0;6410;1;24;100;"E20"
"531";289;"LC";4;0;0;28829;4;19;110;"E20"
"532";25;"PR";1;0;0;7801;1;25;90;"E20"
"533";141;"NU";2;0;0;4255;2;41;150;"E20"
"534";26;"NU";1;1;1;535;-2;26;420;"E20"
"535";27;"LC";1;0;0;12806;1;27;180;"E20"
"536";216;"SA";3;0;0;5374;3;26;80;"E20"
"537";28;"SA";1;0;0;10935;1;28;30;"E20"
"538";29;"SA";1;0;0;47901;1;29;60;"E20"
"539";364;"PR";5;0;0;1225;5;24;1;"E20"
"540";217;"SA";3;0;0;7395;3;27;150;"E20"
"541";365;"SA";5;0;0;11668;5;25;120;"E20"
"542";290;"SA";4;0;0;6543;4;20;60;"E20"
"543";291;"SA";4;0;0;8017;4;21;150;"E20"
"544";292;"PR";4;0;0;4862;4;22;50;"E20"
"545";293;"PR";4;0;0;7186;4;23;165;"E20"
"546";294;"SA";4;0;0;27730;4;24;90;"E20"
"547";142;"LC";2;0;0;10382;2;42;50;"E20"
"548";218;"SA";3;0;0;2741;3;28;120;"E20"
"549";219;"SA";3;0;0;3525;3;29;90;"E20"
"550";143;"SA";2;0;0;8139;2;43;180;"E20"
"551";144;"SA";2;0;0;1993;2;44;90;"E20"
"552";145;"LC";2;0;0;12360;2;45;60;"E20"
"553";146;"SA";2;1;1;4144;-3;46;165;"E20"
"554";147;"LC";2;1;1;4258;-3;47;30;"E20"
"555";220;"PR";3;0;0;4062;3;30;60;"E20"
"556";30;"PR";1;0;0;13902;1;30;60;"E20"
"557";295;"LC";4;0;0;1978;4;25;60;"E20"
"558";366;"SA";5;0;0;7915;5;26;20;"E20"
"559";32;"SA";1;0;0;23560;1;31;90;"E20"
"560";31;"SA";1;0;0;18617;1;32;90;"E20"
"561";367;"PR";5;0;0;52584;5;27;15;"E20"
"562";33;"LC";1;1;1;1894;-2;33;150;"E20"
"563";221;"PR";3;0;0;47651;3;31;35;"E20"
"564";296;"SA";4;0;0;49906;4;26;90;"E20"
"565";222;"PR";3;0;0;52997;3;32;60;"E20"
"566";223;"PR";3;0;0;48774;3;33;40;"E20"
"567";224;"PR";3;0;0;8935;3;34;50;"E20"
"568";34;"LC";1;0;0;48552;1;34;80;"E20"
"569";148;"SA";2;0;0;9126;2;48;90;"E20"
"570";368;"PR";5;0;0;5947;5;28;5;"E20"
"571";369;"SA";5;0;0;55225;5;29;120;"E20"
"572";370;"SA";5;0;0;47948;5;30;140;"E20"
"573";225;"SA";3;0;0;6056;3;35;80;"E20"
"574";35;"SA";1;0;0;3448;1;35;105;"E20"
"575";297;"SA";4;0;0;8253;4;27;100;"E20"
"576";36;"LC";1;0;0;56362;1;36;60;"E20"
"577";298;"PR";4;1;1;883;-5;28;120;"E20"
"578";150;"SA";2;0;0;9380;2;49;120;"E20"
"579";149;"SA";2;1;1;3664;-3;50;235;"E20"
"580";151;"SA";2;0;0;75368;2;51;120;"E20"
"581";38;"PR";1;0;0;47368;1;37;80;"E20"
"582";371;"PR";5;0;0;43159;5;31;30;"E20"
"583";37;"PR";1;0;0;53691;1;38;60;"E20"
"584";39;"LC";1;0;0;12486;1;39;90;"E20"
"585";226;"PR";3;0;0;46578;3;36;65;"E20"
"586";372;"LC";5;0;0;54036;5;32;60;"E20"
"587";227;"LC";3;1;1;954;-4;37;120;"E20"
"588";40;"SA";1;0;0;6599;1;40;60;"E20"
"589";228;"SA";3;0;0;46543;3;38;100;"E20"
"590";152;"LC";2;1;1;3202;-3;52;1;"E20"
"591";41;"LC";1;1;1;4069;-2;41;120;"E20"
"592";42;"PR";1;1;1;5105;-2;42;60;"E20"
"593";299;"LC";4;0;0;3510;4;29;60;"E20"
"594";43;"SA";1;0;0;7952;1;43;207;"E20"
"595";300;"SA";4;0;0;48291;4;30;105;"E20"
"596";301;"SA";4;0;0;4255;4;31;75;"E20"
"597";44;"PR";1;0;0;8821;1;44;25;"E20"
"598";153;"PR";2;0;0;46788;2;53;230;"E20"
"599";302;"SA";4;0;0;42223;4;32;90;"E20"
"600";373;"SA";5;0;0;2163;5;33;60;"E20"
"601";154;"PR";2;0;0;50700;2;54;170;"E20"
"602";374;"PR";5;0;0;39773;5;34;105;"E20"
"603";155;"SA";2;0;0;51298;2;55;240;"E20"
"604";375;"PR";5;0;0;51514;5;35;170;"E20"
"605";229;"SA";3;0;0;4708;3;39;60;"E20"
"606";156;"PR";2;0;0;52052;2;56;80;"E20"
"607";45;"VI";1;0;0;15143;1;45;75;"E20"
"608";46;"SA";1;0;0;3999;1;46;90;"E20"
"609";47;"SA";1;0;0;3827;1;47;90;"E20"
"610";230;"PR";3;0;0;29836;3;40;30;"E20"
"611";303;"LC";4;0;0;46758;4;33;60;"E20"
"612";376;"PR";5;0;0;53457;5;36;75;"E20"
"613";304;"VI";4;1;1;2275;-5;34;120;"E20"
"614";231;"SA";3;0;0;5729;3;41;80;"E20"
"615";49;"SA";1;0;0;15357;1;48;60;"E20"
"616";306;"SA";4;0;0;7789;4;35;270;"E20"
"617";305;"PR";4;0;0;2755;4;36;25;"E20"
"618";377;"PR";5;0;0;6126;5;37;30;"E20"
"619";157;"SA";2;1;1;2694;-3;57;150;"E20"
"620";48;"SA";1;1;1;1079;-2;49;60;"E20"
"621";232;"PR";3;0;0;1404;3;42;120;"E20"
"622";307;"SA";4;0;0;53551;4;37;120;"E20"
"623";233;"SA";3;0;0;45389;3;43;40;"E20"
"624";378;"PR";5;0;0;49955;5;38;30;"E20"
"625";234;"LC";3;0;0;8573;3;44;60;"E20"
"626";235;"LC";3;1;1;1469;-4;45;120;"E20"
"627";379;"LC";5;0;0;47545;5;39;60;"E20"
"628";50;"LC";1;0;0;50767;1;50;80;"E20"
"629";158;"PR";2;1;1;433;-3;58;85;"E20"
"630";236;"VI";3;1;1;327;-4;46;90;"E20"
"631";308;"PR";4;0;0;47422;4;38;30;"E20"
"632";237;"PR";3;0;0;53985;3;47;70;"E20"
"633";159;"SA";2;1;1;7193;-3;59;55;"E20"
"634";51;"SA";1;0;0;6523;1;51;90;"E20"
"635";160;"PR";2;0;0;50611;2;60;60;"E20"
"636";309;"PR";4;0;0;54333;4;39;60;"E20"
"637";310;"PR";4;0;0;48771;4;40;120;"E20"
"638";161;"LC";2;0;0;56794;2;61;180;"E20"
"639";238;"SA";3;1;1;933;-4;48;60;"E20"
"640";162;"SA";2;0;0;16946;2;62;1;"E20"
"641";239;"SA";3;0;0;46164;3;49;180;"E20"
"642";52;"PR";1;0;0;10692;1;52;30;"E20"
"643";240;"PR";3;0;0;8341;3;50;60;"E20"
"644";53;"NU";1;0;0;52856;1;53;90;"E20"
"645";311;"PR";4;0;0;51876;4;41;60;"E20"
"646";241;"SA";3;0;0;45231;3;51;20;"E20"
"647";55;"LC";1;0;0;2637;1;54;60;"E20"
"648";54;"LC";1;1;1;2564;-2;55;60;"E20"
"649";312;"PR";4;0;0;205503;4;42;50;"E20"
"650";56;"LC";1;0;0;3722;1;56;150;"E20"
"651";313;"PR";4;1;1;27;-5;43;50;"E20"
"652";163;"PR";2;0;0;13894;2;63;120;"E20"
"653";164;"NU";2;1;1;2030;-3;64;90;"E20"
"654";314;"SA";4;0;0;4789;4;44;20;"E20"
"655";380;"LC";5;1;1;3448;-6;40;234;"E20"
"656";59;"SA";1;0;0;1206;1;57;60;"E20"
"657";57;"SA";1;0;0;14822;1;58;60;"E20"
"658";58;"SA";1;0;0;7366;1;59;60;"E20"
"659";165;"SA";2;0;0;44249;2;65;120;"E20"
"660";60;"LC";1;1;1;6220;-2;60;90;"E20"
"661";167;"SA";2;0;0;40626;2;66;60;"E20"
"662";64;"SA";1;0;0;49316;1;61;10;"E20"
"663";62;"SA";1;0;0;43677;1;62;150;"E20"
"664";61;"SA";1;0;0;54500;1;63;30;"E20"
"665";166;"SA";2;0;0;48830;2;67;40;"E20"
"666";65;"SA";1;0;0;54668;1;64;30;"E20"
"667";63;"SA";1;0;0;53871;1;65;75;"E20"
"668";381;"SA";5;0;0;43211;5;41;60;"E20"
"669";242;"LC";3;0;0;46287;3;52;40;"E20"
"670";315;"SA";4;0;0;13201;4;45;180;"E20"
"671";316;"NU";4;1;1;550;-5;46;60;"E20"
"672";66;"PR";1;0;0;6054;1;66;75;"E20"
"673";168;"SA";2;0;0;3084;2;68;60;"E20"
"674";67;"SA";1;0;0;3300;1;67;60;"E20"
"675";317;"LC";4;0;0;45462;4;47;45;"E20"
"676";243;"SA";3;1;1;712;-4;53;120;"E20"
"677";318;"SA";4;1;1;5025;-5;48;240;"E20"
"678";68;"SA";1;0;0;9888;1;68;120;"E20"
"679";69;"VI";1;0;0;48176;1;69;60;"E20"
"680";382;"PR";5;0;0;2078;5;42;30;"E20"
"681";319;"PR";4;0;0;8940;4;49;90;"E20"
"682";71;"PR";1;0;0;13407;1;70;520;"E20"
"683";70;"SA";1;0;0;19661;1;71;180;"E20"
"684";170;"SA";2;0;0;15045;2;69;120;"E20"
"685";244;"SA";3;0;0;11629;3;54;80;"E20"
"686";169;"LC";2;0;0;10028;2;70;135;"E20"
"687";171;"PR";2;1;1;161;-3;71;65;"E20"
"688";172;"NU";2;0;0;44135;2;72;60;"E20"
"689";321;"SA";4;0;0;43892;4;50;240;"E20"
"690";383;"SA";5;0;0;42341;5;43;240;"E20"
"691";73;"PR";1;0;0;46383;1;72;120;"E20"
"692";72;"SA";1;0;0;54416;1;73;195;"E20"
"693";320;"SA";4;0;0;47854;4;51;120;"E20"
"694";322;"SA";4;0;0;43918;4;52;90;"E20"
"695";245;"SA";3;0;0;4706;3;55;160;"E20"
"696";384;"SA";5;1;1;965;-6;44;240;"E20"
"697";323;"SA";4;0;0;1017;4;53;120;"E20"
"698";246;"LC";3;0;0;10298;3;56;100;"E20"
"699";247;"SA";3;0;0;59897;3;57;90;"E20"
"700";74;"SA";1;1;1;5158;-2;74;60;"E20"
"701";75;"SA";1;0;0;50727;1;75;75;"E20"
"702";174;"SA";2;0;0;41053;2;73;360;"E20"
"703";173;"SA";2;0;0;52571;2;74;55;"E20"
"704";175;"SA";2;0;0;50129;2;75;90;"E20"
"705";385;"SA";5;0;0;49296;5;45;60;"E20"
"706";248;"SA";3;0;0;5040;3;58;60;"E20"
"707";176;"SA";2;0;0;3885;2;76;90;"E20"
"708";177;"PR";2;0;0;1169;2;77;50;"E20"
"709";249;"SA";3;0;0;50944;3;59;75;"E20"
"710";76;"SA";1;0;0;5740;1;76;100;"E20"
"711";250;"SA";3;0;0;46355;3;60;60;"E20"
"712";77;"SA";1;0;0;53604;1;77;120;"E20"
"713";178;"NU";2;0;0;1395;2;78;20;"E20"
"714";324;"SA";4;0;0;51747;4;54;130;"E20"
"715";325;"PR";4;0;0;992;4;55;180;"E20"
"716";386;"SA";5;0;0;47431;5;46;90;"E20"
"717";179;"PR";2;0;0;44815;2;79;100;"E20"
"718";251;"PR";3;0;0;9962;3;61;60;"E20"
"719";180;"LC";2;0;0;52418;2;80;60;"E20"
"720";326;"SA";4;1;1;337;-5;56;1;"E20"
"721";78;"SA";1;0;0;1567;1;78;60;"E20"
"722";79;"SA";1;1;1;968;-2;79;100;"E20"
"723";181;"LC";2;1;1;1288;-3;81;120;"E20"
"724";252;"SA";3;0;0;364;3;62;55;"E20"
"725";387;"SA";5;0;0;53708;5;47;90;"E20"
"726";80;"SA";1;0;0;46666;1;80;90;"E20"
"727";81;"SA";1;1;1;3237;-2;81;60;"E20"
"728";388;"SA";5;0;0;2408;5;48;60;"E20"
"729";389;"SA";5;0;0;56767;5;49;90;"E20"
"730";253;"SA";3;0;0;48958;3;63;60;"E20"
"731";82;"VI";1;0;0;10454;1;82;30;"E20"
"732";390;"LC";5;0;0;3607;5;50;180;"E20"
"733";255;"PR";3;0;0;44129;3;64;150;"E20"
"734";254;"PR";3;0;0;58806;3;65;60;"E20"
"735";256;"PR";3;0;0;10077;3;66;90;"E20"
"736";257;"SA";3;0;0;5293;3;67;5;"E20"
"737";258;"SA";3;0;0;2886;3;68;120;"E20"
"738";83;"SA";1;0;0;7619;1;83;240;"E20"
"739";327;"SA";4;0;0;7133;4;57;120;"E20"
"740";84;"LC";1;0;0;50772;1;84;15;"E20"
"741";85;"PR";1;0;0;4455;1;85;70;"E20"
"742";86;"PR";1;0;0;44940;1;86;90;"E20"
"743";259;"SA";3;0;0;2985;3;69;110;"E20"
"744";260;"SA";3;1;1;934;-4;70;120;"E20"
"745";261;"SA";3;0;0;3868;3;71;90;"E20"
"746";87;"SA";1;0;0;4163;1;87;60;"E20"
"747";262;"SA";3;0;0;1309;3;72;120;"E20"
"748";88;"LC";1;0;0;52399;1;88;120;"E20"
"749";328;"LC";4;0;0;48624;4;58;120;"E20"
"750";329;"LC";4;0;0;50547;4;59;90;"E20"
"751";182;"LC";2;0;0;50412;2;82;60;"E20"
"752";183;"NU";2;0;0;5485;2;83;20;"E20"
"753";263;"SA";3;0;0;46707;3;73;60;"E20"
"754";184;"SA";2;0;0;59469;2;84;15;"E20"
"755";185;"SA";2;0;0;56787;2;85;35;"E20"
"756";331;"SA";4;0;0;52582;4;60;160;"E20"
"757";330;"SA";4;0;0;50791;4;61;120;"E20"
"758";264;"SA";3;0;0;52502;3;74;65;"E20"
"759";186;"PR";2;1;1;336;-3;86;120;"E20"
"760";187;"SA";2;0;0;53715;2;87;210;"E20"
"761";89;"PR";1;0;0;52315;1;89;70;"E20"
"762";90;"SA";1;0;0;4704;1;90;90;"E20"
"763";391;"LC";5;0;0;49113;5;51;75;"E20"
"764";393;"PR";5;0;0;57052;5;52;150;"E20"
"765";91;"PR";1;0;0;49756;1;91;120;"E20"
"766";392;"PR";5;0;0;44844;5;53;35;"E20"
"767";188;"VI";2;1;1;5671;-3;88;100;"E20"
"768";332;"PR";4;0;0;6578;4;62;120;"E20"
"769";265;"PR";3;0;0;34493;3;75;100;"E20"
"770";92;"SA";1;0;0;52792;1;92;60;"E20"
"771";333;"VI";4;0;0;43047;4;63;90;"E20"
"772";394;"PR";5;0;0;44984;5;54;75;"E20"
"773";93;"SA";1;0;0;10561;1;93;90;"E20"
"774";94;"NU";1;0;0;48834;1;94;160;"E20"
"775";95;"SA";1;0;0;1559;1;95;140;"E20"
"776";334;"SA";4;0;0;2399;4;64;30;"E20"
"777";96;"VI";1;0;0;46476;1;96;50;"E20"
"778";98;"PR";1;0;0;52872;1;97;10;"E20"
"779";97;"PR";1;0;0;57683;1;98;20;"E20"
"780";335;"SA";4;0;0;8432;4;65;30;"E20"
"781";266;"SA";3;0;0;12989;3;76;80;"E20"
"782";99;"SA";1;1;1;7354;-2;99;75;"E20"
"783";267;"NU";3;0;0;2851;3;77;50;"E20"
"784";336;"VI";4;0;0;5239;4;66;240;"E20"
"785";337;"PR";4;1;1;65;-5;67;1;"E20"
"786";395;"SA";5;1;1;1842;-6;55;90;"E20"
"787";338;"SA";4;0;0;2454;4;68;60;"E20"
"788";396;"SA";5;0;0;58845;5;56;60;"E20"
"789";397;"SA";5;0;0;49041;5;57;10;"E20"
"790";268;"SA";3;0;0;4383;3;78;90;"E20"
"791";398;"NU";5;0;0;11311;5;58;150;"E20"
"792";340;"SA";4;0;0;11511;4;69;60;"E20"
"793";339;"SA";4;0;0;7709;4;70;140;"E20"
"794";189;"PR";2;0;0;15889;2;89;80;"E20"
"795";399;"SA";5;0;0;58437;5;59;60;"E20"
"796";190;"SA";2;0;0;51699;2;90;30;"E20"
"797";100;"PR";1;1;1;3737;-2;100;60;"E20"
"798";269;"SA";3;0;0;303231;3;79;40;"E20"
"799";400;"PR";5;0;0;52777;5;60;45;"E20"
"800";270;"PR";3;0;0;9550;3;80;75;"E20"
"801";191;"PR";3;1;1;1171;-4;1;60;"E30"
"802";101;"PR";2;0;0;8515;2;1;60;"E30"
"803";1;"PR";1;0;0;7926;1;1;90;"E30"
"804";341;"SA";5;0;0;7999;5;1;70;"E30"
"805";102;"SA";2;0;0;1747;2;2;120;"E30"
"806";2;"SA";1;0;0;53485;1;2;90;"E30"
"807";103;"SA";2;0;0;52467;2;3;120;"E30"
"808";104;"LC";2;0;0;6415;2;4;120;"E30"
"809";271;"PR";4;0;0;10256;4;1;60;"E30"
"810";105;"LC";2;0;0;42591;2;5;200;"E30"
"811";342;"PR";5;0;0;4774;5;2;60;"E30"
"812";192;"PR";3;0;0;6192;3;2;130;"E30"
"813";193;"LC";3;1;1;542;-4;3;70;"E30"
"814";272;"LC";4;0;0;59944;4;2;130;"E30"
"815";273;"LC";4;0;0;7062;4;3;90;"E30"
"816";343;"LC";5;0;0;56534;5;3;45;"E30"
"817";274;"SA";4;0;0;51039;4;4;60;"E30"
"818";3;"SA";1;0;0;67122;1;3;75;"E30"
"819";106;"NU";2;0;0;61927;2;6;75;"E30"
"820";107;"PR";2;0;0;54893;2;7;30;"E30"
"821";344;"LC";5;0;0;39878;5;4;120;"E30"
"822";108;"LC";2;0;0;57327;2;8;10;"E30"
"823";345;"SA";5;1;1;4519;-6;5;150;"E30"
"824";194;"PR";3;0;0;53681;3;4;20;"E30"
"825";4;"LC";1;0;0;4902;1;4;120;"E30"
"826";195;"SA";3;0;0;10565;3;5;150;"E30"
"827";5;"SA";1;0;0;39219;1;5;90;"E30"
"828";197;"SA";3;0;0;52908;3;6;120;"E30"
"829";346;"LC";5;0;0;68757;5;6;70;"E30"
"830";199;"SA";3;0;0;36876;3;7;80;"E30"
"831";196;"PR";3;0;0;53548;3;8;45;"E30"
"832";198;"SA";3;0;0;50940;3;9;60;"E30"
"833";6;"SA";1;0;0;10810;1;6;30;"E30"
"834";200;"SA";3;0;0;2615;3;10;60;"E30"
"835";201;"LC";3;1;1;10515;-4;11;270;"E30"
"836";347;"SA";5;0;0;42988;5;7;20;"E30"
"837";7;"SA";1;0;0;48461;1;7;290;"E30"
"838";202;"SA";3;0;0;62418;3;12;180;"E30"
"839";8;"SA";1;0;0;53070;1;8;60;"E30"
"840";110;"SA";2;0;0;43746;2;9;120;"E30"
"841";111;"SA";2;0;0;49992;2;10;120;"E30"
"842";112;"SA";2;0;0;53116;2;11;60;"E30"
"843";109;"SA";2;0;0;52404;2;12;110;"E30"
"844";114;"SA";2;0;0;42078;2;13;60;"E30"
"845";113;"SA";2;0;0;43163;2;14;60;"E30"
"846";203;"SA";3;0;0;43727;3;13;45;"E30"
"847";115;"PR";2;0;0;53348;2;15;90;"E30"
"848";348;"SA";5;0;0;13455;5;8;60;"E30"
"849";349;"SA";5;0;0;9825;5;9;15;"E30"
"850";9;"SA";1;1;1;6497;-2;9;360;"E30"
"851";10;"SA";1;0;0;9631;1;10;60;"E30"
"852";13;"SA";1;0;0;11767;1;11;60;"E30"
"853";14;"SA";1;0;0;765;1;12;90;"E30"
"854";350;"SA";5;0;0;13276;5;10;180;"E30"
"855";12;"SA";1;1;1;3404;-2;13;75;"E30"
"856";204;"SA";3;1;1;2903;-4;14;80;"E30"
"857";205;"SA";3;0;0;4285;3;15;60;"E30"
"858";352;"PR";5;0;0;8516;5;11;70;"E30"
"859";11;"SA";1;0;0;14006;1;14;120;"E30"
"860";275;"SA";4;0;0;4887;4;5;90;"E30"
"861";276;"SA";4;0;0;13566;4;6;60;"E30"
"862";277;"SA";4;0;0;1668;4;7;120;"E30"
"863";120;"SA";2;0;0;7143;2;16;55;"E30"
"864";279;"SA";4;0;0;4406;4;8;300;"E30"
"865";280;"NU";4;0;0;13103;4;9;60;"E30"
"866";119;"SA";2;0;0;1211;2;17;60;"E30"
"867";124;"SA";2;0;0;7323;2;18;30;"E30"
"868";121;"LC";2;0;0;7265;2;19;45;"E30"
"869";122;"SA";2;1;1;2201;-3;20;50;"E30"
"870";351;"SA";5;0;0;1749;5;12;60;"E30"
"871";118;"SA";2;1;1;4206;-3;21;120;"E30"
"872";278;"PR";4;1;1;3132;-5;10;150;"E30"
"873";116;"SA";2;0;0;9593;2;22;60;"E30"
"874";117;"SA";2;0;0;7656;2;23;140;"E30"
"875";123;"SA";2;0;0;2086;2;24;50;"E30"
"876";15;"SA";1;0;0;70993;1;15;240;"E30"
"877";125;"SA";2;0;0;46816;2;25;60;"E30"
"878";281;"PR";4;0;0;62917;4;11;70;"E30"
"879";282;"LC";4;0;0;22147;4;12;90;"E30"
"880";127;"PR";2;0;0;125238;2;26;80;"E30"
"881";206;"PR";3;0;0;112643;3;16;35;"E30"
"882";126;"PR";2;0;0;109244;2;27;180;"E30"
"883";353;"SA";5;0;0;18054;5;13;5;"E30"
"884";354;"PR";5;0;0;56843;5;14;30;"E30"
"885";16;"SA";1;1;1;8710;-2;16;110;"E30"
"886";207;"SA";3;0;0;11973;3;17;50;"E30"
"887";128;"SA";2;1;1;795;-3;28;120;"E30"
"888";17;"NU";1;0;0;6112;1;17;180;"E30"
"889";129;"NU";2;0;0;7348;2;29;120;"E30"
"890";283;"SA";4;0;0;6414;4;13;180;"E30"
"891";355;"LC";5;1;1;385;-6;15;150;"E30"
"892";130;"SA";2;0;0;13216;2;30;90;"E30"
"893";356;"SA";5;1;1;3245;-6;16;150;"E30"
"894";131;"PR";2;0;0;52092;2;31;215;"E30"
"895";18;"SA";1;1;1;2250;-2;18;90;"E30"
"896";208;"SA";3;0;0;5344;3;18;90;"E30"
"897";209;"SA";3;0;0;13920;3;19;45;"E30"
"898";132;"SA";2;0;0;9202;2;32;20;"E30"
"899";19;"SA";1;0;0;91935;1;19;180;"E30"
"900";210;"SA";3;0;0;89965;3;20;180;"E30"
"901";284;"SA";4;0;0;99569;4;14;240;"E30"
"902";134;"SA";2;0;0;60311;2;33;60;"E30"
"903";133;"SA";2;0;0;40565;2;34;90;"E30"
"904";357;"SA";5;0;0;51892;5;17;60;"E30"
"905";285;"SA";4;0;0;49144;4;15;60;"E30"
"906";135;"SA";2;0;0;58680;2;35;60;"E30"
"907";20;"SA";1;0;0;64348;1;20;60;"E30"
"908";136;"LC";2;0;0;2039;2;36;30;"E30"
"909";286;"PR";4;0;0;44488;4;16;60;"E30"
"910";360;"LC";5;0;0;39380;5;18;10;"E30"
"911";358;"PR";5;0;0;49666;5;19;70;"E30"
"912";137;"PR";2;0;0;54335;2;37;150;"E30"
"913";359;"LC";5;0;0;52631;5;20;10;"E30"
"914";361;"SA";5;0;0;47828;5;21;10;"E30"
"915";21;"NU";1;0;0;16993;1;21;90;"E30"
"916";211;"NU";3;0;0;19311;3;21;40;"E30"
"917";362;"PR";5;0;0;47905;5;22;240;"E30"
"918";22;"PR";1;0;0;57748;1;22;60;"E30"
"919";213;"LC";3;0;0;42197;3;22;90;"E30"
"920";139;"PR";2;0;0;51993;2;38;60;"E30"
"921";140;"SA";2;0;0;56482;2;39;50;"E30"
"922";288;"SA";4;0;0;50253;4;17;60;"E30"
"923";287;"PR";4;0;0;61482;4;18;90;"E30"
"924";212;"SA";3;0;0;51974;3;23;40;"E30"
"925";138;"VI";2;0;0;67770;2;40;90;"E30"
"926";363;"VI";5;0;0;5510;5;23;10;"E30"
"927";214;"VI";3;0;0;11590;3;24;25;"E30"
"928";215;"PR";3;0;0;57804;3;25;45;"E30"
"929";23;"SA";1;0;0;38446;1;23;90;"E30"
"930";24;"PR";1;0;0;4032;1;24;100;"E30"
"931";289;"LC";4;0;0;28218;4;19;110;"E30"
"932";25;"PR";1;0;0;14616;1;25;90;"E30"
"933";141;"NU";2;1;1;3182;-3;41;150;"E30"
"934";26;"NU";1;1;1;6944;-2;26;420;"E30"
"935";27;"LC";1;1;1;1990;-2;27;180;"E30"
"936";216;"SA";3;0;0;17118;3;26;80;"E30"
"937";28;"SA";1;0;0;3512;1;28;30;"E30"
"938";29;"SA";1;0;0;63366;1;29;60;"E30"
"939";364;"PR";5;0;0;16014;5;24;1;"E30"
"940";217;"SA";3;1;1;1261;-4;27;150;"E30"
"941";365;"SA";5;0;0;7166;5;25;120;"E30"
"942";290;"SA";4;0;0;3919;4;20;60;"E30"
"943";291;"SA";4;1;1;3143;-5;21;150;"E30"
"944";292;"PR";4;0;0;4395;4;22;50;"E30"
"945";293;"PR";4;0;0;7960;4;23;165;"E30"
"946";294;"SA";4;0;0;31992;4;24;90;"E30"
"947";142;"LC";2;0;0;16658;2;42;50;"E30"
"948";218;"SA";3;0;0;2996;3;28;120;"E30"
"949";219;"SA";3;0;0;8275;3;29;90;"E30"
"950";143;"SA";2;1;1;7019;-3;43;180;"E30"
"951";144;"SA";2;1;1;909;-3;44;90;"E30"
"952";145;"LC";2;0;0;3070;2;45;60;"E30"
"953";146;"SA";2;1;1;955;-3;46;165;"E30"
"954";147;"LC";2;0;0;10073;2;47;30;"E30"
"955";220;"PR";3;0;0;2798;3;30;60;"E30"
"956";30;"PR";1;0;0;8493;1;30;60;"E30"
"957";295;"LC";4;0;0;6779;4;25;60;"E30"
"958";366;"SA";5;0;0;20373;5;26;20;"E30"
"959";32;"SA";1;0;0;17667;1;31;90;"E30"
"960";31;"SA";1;0;0;25458;1;32;90;"E30"
"961";367;"PR";5;0;0;43773;5;27;15;"E30"
"962";33;"LC";1;1;1;3059;-2;33;150;"E30"
"963";221;"PR";3;0;0;37704;3;31;35;"E30"
"964";296;"SA";4;0;0;40412;4;26;90;"E30"
"965";222;"PR";3;0;0;44824;3;32;60;"E30"
"966";223;"PR";3;0;0;55176;3;33;40;"E30"
"967";224;"PR";3;0;0;13261;3;34;50;"E30"
"968";34;"LC";1;0;0;35593;1;34;80;"E30"
"969";148;"SA";2;1;1;2679;-3;48;90;"E30"
"970";368;"PR";5;0;0;17694;5;28;5;"E30"
"971";369;"SA";5;0;0;62089;5;29;120;"E30"
"972";370;"SA";5;0;0;34058;5;30;140;"E30"
"973";225;"SA";3;1;1;831;-4;35;80;"E30"
"974";35;"SA";1;1;1;3139;-2;35;105;"E30"
"975";297;"SA";4;0;0;10922;4;27;100;"E30"
"976";36;"LC";1;0;0;52205;1;36;60;"E30"
"977";298;"PR";4;0;0;3501;4;28;120;"E30"
"978";150;"SA";2;0;0;9548;2;49;120;"E30"
"979";149;"SA";2;1;1;280;-3;50;235;"E30"
"980";151;"SA";2;0;0;59854;2;51;120;"E30"
"981";38;"PR";1;0;0;69859;1;37;80;"E30"
"982";371;"PR";5;0;0;60492;5;31;30;"E30"
"983";37;"PR";1;0;0;44212;1;38;60;"E30"
"984";39;"LC";1;0;0;1132;1;39;90;"E30"
"985";226;"PR";3;0;0;58292;3;36;65;"E30"
"986";372;"LC";5;0;0;54359;5;32;60;"E30"
"987";227;"LC";3;0;0;8721;3;37;120;"E30"
"988";40;"SA";1;0;0;2768;1;40;60;"E30"
"989";228;"SA";3;0;0;57256;3;38;100;"E30"
"990";152;"LC";2;0;0;3403;2;52;1;"E30"
"991";41;"LC";1;1;1;8214;-2;41;120;"E30"
"992";42;"PR";1;0;0;9146;1;42;60;"E30"
"993";299;"LC";4;0;0;3353;4;29;60;"E30"
"994";43;"SA";1;0;0;21121;1;43;207;"E30"
"995";300;"SA";4;0;0;61766;4;30;105;"E30"
"996";301;"SA";4;0;0;4274;4;31;75;"E30"
"997";44;"PR";1;0;0;1678;1;44;25;"E30"
"998";153;"PR";2;0;0;44540;2;53;230;"E30"
"999";302;"SA";4;0;0;56250;4;32;90;"E30"
"1000";373;"SA";5;0;0;8660;5;33;60;"E30"
"1001";154;"PR";2;0;0;57152;2;54;170;"E30"
"1002";374;"PR";5;0;0;49401;5;34;105;"E30"
"1003";155;"SA";2;0;0;36923;2;55;240;"E30"
"1004";375;"PR";5;0;0;51286;5;35;170;"E30"
"1005";229;"SA";3;0;0;14449;3;39;60;"E30"
"1006";156;"PR";2;0;0;47859;2;56;80;"E30"
"1007";45;"VI";1;0;0;20966;1;45;75;"E30"
"1008";46;"SA";1;0;0;16039;1;46;90;"E30"
"1009";47;"SA";1;1;1;3637;-2;47;90;"E30"
"1010";230;"PR";3;0;0;21772;3;40;30;"E30"
"1011";303;"LC";4;0;0;52273;4;33;60;"E30"
"1012";376;"PR";5;0;0;51124;5;36;75;"E30"
"1013";304;"VI";4;1;1;2191;-5;34;120;"E30"
"1014";231;"SA";3;0;0;10053;3;41;80;"E30"
"1015";49;"SA";1;0;0;25784;1;48;60;"E30"
"1016";306;"SA";4;1;1;3313;-5;35;270;"E30"
"1017";305;"PR";4;1;1;1438;-5;36;25;"E30"
"1018";377;"PR";5;0;0;7554;5;37;30;"E30"
"1019";157;"SA";2;0;0;10091;2;57;150;"E30"
"1020";48;"SA";1;1;1;1509;-2;49;60;"E30"
"1021";232;"PR";3;1;1;3510;-4;42;120;"E30"
"1022";307;"SA";4;0;0;44218;4;37;120;"E30"
"1023";233;"SA";3;0;0;51280;3;43;40;"E30"
"1024";378;"PR";5;0;0;45595;5;38;30;"E30"
"1025";234;"LC";3;0;0;19435;3;44;60;"E30"
"1026";235;"LC";3;1;1;83;-4;45;120;"E30"
"1027";379;"LC";5;0;0;41929;5;39;60;"E30"
"1028";50;"LC";1;0;0;49657;1;50;80;"E30"
"1029";158;"PR";2;1;1;9701;-3;58;85;"E30"
"1030";236;"VI";3;0;0;15114;3;46;90;"E30"
"1031";308;"PR";4;0;0;38722;4;38;30;"E30"
"1032";237;"PR";3;0;0;46322;3;47;70;"E30"
"1033";159;"SA";2;0;0;9758;2;59;55;"E30"
"1034";51;"SA";1;0;0;7294;1;51;90;"E30"
"1035";160;"PR";2;0;0;42230;2;60;60;"E30"
"1036";309;"PR";4;0;0;48069;4;39;60;"E30"
"1037";310;"PR";4;0;0;44187;4;40;120;"E30"
"1038";161;"LC";2;0;0;39792;2;61;180;"E30"
"1039";238;"SA";3;0;0;9498;3;48;60;"E30"
"1040";162;"SA";2;0;0;6723;2;62;1;"E30"
"1041";239;"SA";3;0;0;47375;3;49;180;"E30"
"1042";52;"PR";1;0;0;3555;1;52;30;"E30"
"1043";240;"PR";3;0;0;9384;3;50;60;"E30"
"1044";53;"NU";1;0;0;53789;1;53;90;"E30"
"1045";311;"PR";4;0;0;43530;4;41;60;"E30"
"1046";241;"SA";3;0;0;50527;3;51;20;"E30"
"1047";55;"LC";1;0;0;4038;1;54;60;"E30"
"1048";54;"LC";1;1;1;1636;-2;55;60;"E30"
"1049";312;"PR";4;0;0;201406;4;42;50;"E30"
"1050";56;"LC";1;0;0;12210;1;56;150;"E30"
"1051";313;"PR";4;0;0;14842;4;43;50;"E30"
"1052";163;"PR";2;1;1;1735;-3;63;120;"E30"
"1053";164;"NU";2;0;0;10124;2;64;90;"E30"
"1054";314;"SA";4;0;0;5101;4;44;20;"E30"
"1055";380;"LC";5;1;1;322;-6;40;234;"E30"
"1056";59;"SA";1;1;1;5179;-2;57;60;"E30"
"1057";57;"SA";1;0;0;14239;1;58;60;"E30"
"1058";58;"SA";1;1;1;3604;-2;59;60;"E30"
"1059";165;"SA";2;0;0;59718;2;65;120;"E30"
"1060";60;"LC";1;0;0;19905;1;60;90;"E30"
"1061";167;"SA";2;0;0;59899;2;66;60;"E30"
"1062";64;"SA";1;0;0;47197;1;61;10;"E30"
"1063";62;"SA";1;0;0;55021;1;62;150;"E30"
"1064";61;"SA";1;0;0;45224;1;63;30;"E30"
"1065";166;"SA";2;0;0;57745;2;67;40;"E30"
"1066";65;"SA";1;0;0;49029;1;64;30;"E30"
"1067";63;"SA";1;0;0;45409;1;65;75;"E30"
"1068";381;"SA";5;0;0;39524;5;41;60;"E30"
"1069";242;"LC";3;0;0;40389;3;52;40;"E30"
"1070";315;"SA";4;1;1;719;-5;45;180;"E30"
"1071";316;"NU";4;0;0;18872;4;46;60;"E30"
"1072";66;"PR";1;0;0;2323;1;66;75;"E30"
"1073";168;"SA";2;0;0;5626;2;68;60;"E30"
"1074";67;"SA";1;1;1;77;-2;67;60;"E30"
"1075";317;"LC";4;0;0;51551;4;47;45;"E30"
"1076";243;"SA";3;0;0;4903;3;53;120;"E30"
"1077";318;"SA";4;1;1;485;-5;48;240;"E30"
"1078";68;"SA";1;0;0;3764;1;68;120;"E30"
"1079";69;"VI";1;0;0;52416;1;69;60;"E30"
"1080";382;"PR";5;0;0;3981;5;42;30;"E30"
"1081";319;"PR";4;1;1;2018;-5;49;90;"E30"
"1082";71;"PR";1;0;0;21317;1;70;520;"E30"
"1083";70;"SA";1;0;0;29682;1;71;180;"E30"
"1084";170;"SA";2;0;0;19818;2;69;120;"E30"
"1085";244;"SA";3;0;0;13968;3;54;80;"E30"
"1086";169;"LC";2;1;1;3086;-3;70;135;"E30"
"1087";171;"PR";2;0;0;14345;2;71;65;"E30"
"1088";172;"NU";2;0;0;58081;2;72;60;"E30"
"1089";321;"SA";4;0;0;45784;4;50;240;"E30"
"1090";383;"SA";5;0;0;53466;5;43;240;"E30"
"1091";73;"PR";1;0;0;42724;1;72;120;"E30"
"1092";72;"SA";1;0;0;43549;1;73;195;"E30"
"1093";320;"SA";4;0;0;45745;4;51;120;"E30"
"1094";322;"SA";4;0;0;57765;4;52;90;"E30"
"1095";245;"SA";3;0;0;6919;3;55;160;"E30"
"1096";384;"SA";5;0;0;5393;5;44;240;"E30"
"1097";323;"SA";4;0;0;3121;4;53;120;"E30"
"1098";246;"LC";3;1;1;2974;-4;56;100;"E30"
"1099";247;"SA";3;0;0;59530;3;57;90;"E30"
"1100";74;"SA";1;0;0;8066;1;74;60;"E30"
"1101";75;"SA";1;0;0;43379;1;75;75;"E30"
"1102";174;"SA";2;0;0;41665;2;73;360;"E30"
"1103";173;"SA";2;0;0;43276;2;74;55;"E30"
"1104";175;"SA";2;0;0;30871;2;75;90;"E30"
"1105";385;"SA";5;0;0;58333;5;45;60;"E30"
"1106";248;"SA";3;0;0;240;3;58;60;"E30"
"1107";176;"SA";2;0;0;5096;2;76;90;"E30"
"1108";177;"PR";2;0;0;5135;2;77;50;"E30"
"1109";249;"SA";3;0;0;44620;3;59;75;"E30"
"1110";76;"SA";1;1;1;2396;-2;76;100;"E30"
"1111";250;"SA";3;0;0;41524;3;60;60;"E30"
"1112";77;"SA";1;0;0;51438;1;77;120;"E30"
"1113";178;"NU";2;0;0;438;2;78;20;"E30"
"1114";324;"SA";4;0;0;49562;4;54;130;"E30"
"1115";325;"PR";4;0;0;1950;4;55;180;"E30"
"1116";386;"SA";5;0;0;49123;5;46;90;"E30"
"1117";179;"PR";2;0;0;43458;2;79;100;"E30"
"1118";251;"PR";3;0;0;11033;3;61;60;"E30"
"1119";180;"LC";2;0;0;48951;2;80;60;"E30"
"1120";326;"SA";4;0;0;4311;4;56;1;"E30"
"1121";78;"SA";1;0;0;12004;1;78;60;"E30"
"1122";79;"SA";1;1;1;455;-2;79;100;"E30"
"1123";181;"LC";2;0;0;2988;2;81;120;"E30"
"1124";252;"SA";3;0;0;12327;3;62;55;"E30"
"1125";387;"SA";5;0;0;52487;5;47;90;"E30"
"1126";80;"SA";1;0;0;52829;1;80;90;"E30"
"1127";81;"SA";1;1;1;19542;-2;81;60;"E30"
"1128";388;"SA";5;1;1;1547;-6;48;60;"E30"
"1129";389;"SA";5;0;0;53357;5;49;90;"E30"
"1130";253;"SA";3;0;0;45956;3;63;60;"E30"
"1131";82;"VI";1;1;1;364;-2;82;30;"E30"
"1132";390;"LC";5;0;0;2915;5;50;180;"E30"
"1133";255;"PR";3;0;0;56134;3;64;150;"E30"
"1134";254;"PR";3;0;0;47666;3;65;60;"E30"
"1135";256;"PR";3;0;0;4538;3;66;90;"E30"
"1136";257;"SA";3;0;0;12190;3;67;5;"E30"
"1137";258;"SA";3;0;0;14456;3;68;120;"E30"
"1138";83;"SA";1;0;0;12547;1;83;240;"E30"
"1139";327;"SA";4;0;0;25033;4;57;120;"E30"
"1140";84;"LC";1;0;0;64954;1;84;15;"E30"
"1141";85;"PR";1;0;0;9097;1;85;70;"E30"
"1142";86;"PR";1;0;0;47533;1;86;90;"E30"
"1143";259;"SA";3;0;0;7407;3;69;110;"E30"
"1144";260;"SA";3;0;0;4682;3;70;120;"E30"
"1145";261;"SA";3;0;0;6028;3;71;90;"E30"
"1146";87;"SA";1;0;0;3134;1;87;60;"E30"
"1147";262;"SA";3;1;1;771;-4;72;120;"E30"
"1148";88;"LC";1;0;0;64972;1;88;120;"E30"
"1149";328;"LC";4;0;0;46746;4;58;120;"E30"
"1150";329;"LC";4;0;0;36672;4;59;90;"E30"
"1151";182;"LC";2;0;0;46479;2;82;60;"E30"
"1152";183;"NU";2;0;0;2517;2;83;20;"E30"
"1153";263;"SA";3;0;0;55238;3;73;60;"E30"
"1154";184;"SA";2;0;0;36124;2;84;15;"E30"
"1155";185;"SA";2;0;0;59708;2;85;35;"E30"
"1156";331;"SA";4;0;0;56861;4;60;160;"E30"
"1157";330;"SA";4;0;0;52637;4;61;120;"E30"
"1158";264;"SA";3;0;0;50131;3;74;65;"E30"
"1159";186;"PR";2;0;0;1945;2;86;120;"E30"
"1160";187;"SA";2;0;0;34009;2;87;210;"E30"
"1161";89;"PR";1;0;0;42709;1;89;70;"E30"
"1162";90;"SA";1;0;0;7586;1;90;90;"E30"
"1163";391;"LC";5;0;0;45803;5;51;75;"E30"
"1164";393;"PR";5;0;0;50691;5;52;150;"E30"
"1165";91;"PR";1;0;0;57024;1;91;120;"E30"
"1166";392;"PR";5;0;0;46712;5;53;35;"E30"
"1167";188;"VI";2;0;0;1192;2;88;100;"E30"
"1168";332;"PR";4;0;0;13907;4;62;120;"E30"
"1169";265;"PR";3;0;0;37951;3;75;100;"E30"
"1170";92;"SA";1;0;0;43962;1;92;60;"E30"
"1171";333;"VI";4;0;0;35449;4;63;90;"E30"
"1172";394;"PR";5;0;0;52288;5;54;75;"E30"
"1173";93;"SA";1;0;0;14195;1;93;90;"E30"
"1174";94;"NU";1;0;0;44450;1;94;160;"E30"
"1175";95;"SA";1;1;1;480;-2;95;140;"E30"
"1176";334;"SA";4;0;0;5095;4;64;30;"E30"
"1177";96;"VI";1;0;0;48560;1;96;50;"E30"
"1178";98;"PR";1;0;0;60980;1;97;10;"E30"
"1179";97;"PR";1;0;0;46109;1;98;20;"E30"
"1180";335;"SA";4;0;0;14206;4;65;30;"E30"
"1181";266;"SA";3;0;0;12424;3;76;80;"E30"
"1182";99;"SA";1;1;1;1123;-2;99;75;"E30"
"1183";267;"NU";3;0;0;15683;3;77;50;"E30"
"1184";336;"VI";4;1;1;555;-5;66;240;"E30"
"1185";337;"PR";4;0;0;4906;4;67;1;"E30"
"1186";395;"SA";5;0;0;2115;5;55;90;"E30"
"1187";338;"SA";4;1;1;511;-5;68;60;"E30"
"1188";396;"SA";5;0;0;61701;5;56;60;"E30"
"1189";397;"SA";5;0;0;43202;5;57;10;"E30"
"1190";268;"SA";3;0;0;14281;3;78;90;"E30"
"1191";398;"NU";5;0;0;19304;5;58;150;"E30"
"1192";340;"SA";4;0;0;4570;4;69;60;"E30"
"1193";339;"SA";4;0;0;20959;4;70;140;"E30"
"1194";189;"PR";2;0;0;15108;2;89;80;"E30"
"1195";399;"SA";5;0;0;52057;5;59;60;"E30"
"1196";190;"SA";2;0;0;60105;2;90;30;"E30"
"1197";100;"PR";1;1;1;2190;-2;100;60;"E30"
"1198";269;"SA";3;0;0;286977;3;79;40;"E30"
"1199";400;"PR";5;0;0;52995;5;60;45;"E30"
"1200";270;"PR";3;0;0;25472;3;80;75;"E30"
"1201";191;"PR";3;0;0;2151;3;1;60;"Markov"
"1202";101;"PR";2;0;0;2151;2;1;60;"Markov"
"1203";1;"PR";1;1;1;401;-2;1;90;"Markov"
"1204";341;"SA";5;0;0;2096;5;1;70;"Markov"
"1205";102;"SA";2;1;1;3423;-3;2;120;"Markov"
"1206";2;"SA";1;0;0;50000;1;2;90;"Markov"
"1207";103;"SA";2;0;0;53565;2;3;120;"Markov"
"1208";104;"LC";2;1;1;335;-3;4;120;"Markov"
"1209";271;"PR";4;0;0;24247;4;1;60;"Markov"
"1210";105;"LC";2;0;0;50000;2;5;200;"Markov"
"1211";342;"PR";5;1;1;618;-6;2;60;"Markov"
"1212";192;"PR";3;0;0;3777;3;2;130;"Markov"
"1213";193;"LC";3;0;0;1880;3;3;70;"Markov"
"1214";272;"LC";4;0;0;50000;4;2;130;"Markov"
"1215";273;"LC";4;0;0;2504;4;3;90;"Markov"
"1216";343;"LC";5;0;0;50000;5;3;45;"Markov"
"1217";274;"SA";4;0;0;50000;4;4;60;"Markov"
"1218";3;"SA";1;0;0;50000;1;3;75;"Markov"
"1219";106;"NU";2;0;0;50000;2;6;75;"Markov"
"1220";107;"PR";2;0;0;50000;2;7;30;"Markov"
"1221";344;"LC";5;0;0;50000;5;4;120;"Markov"
"1222";108;"LC";2;0;0;50000;2;8;10;"Markov"
"1223";345;"SA";5;1;1;245;-6;5;150;"Markov"
"1224";194;"PR";3;0;0;50000;3;4;20;"Markov"
"1225";4;"LC";1;1;1;2132;-2;4;120;"Markov"
"1226";195;"SA";3;0;0;3120;3;5;150;"Markov"
"1227";5;"SA";1;0;0;50000;1;5;90;"Markov"
"1228";197;"SA";3;0;0;50000;3;6;120;"Markov"
"1229";346;"LC";5;0;0;50000;5;6;70;"Markov"
"1230";199;"SA";3;0;0;50000;3;7;80;"Markov"
"1231";196;"PR";3;0;0;50000;3;8;45;"Markov"
"1232";198;"SA";3;0;0;50000;3;9;60;"Markov"
"1233";6;"SA";1;0;0;5705;1;6;30;"Markov"
"1234";200;"SA";3;0;0;5705;3;10;60;"Markov"
"1235";201;"LC";3;0;0;5705;3;11;270;"Markov"
"1236";347;"SA";5;0;0;50000;5;7;20;"Markov"
"1237";7;"SA";1;0;0;50000;1;7;290;"Markov"
"1238";202;"SA";3;0;0;50000;3;12;180;"Markov"
"1239";8;"SA";1;0;0;50000;1;8;60;"Markov"
"1240";110;"SA";2;0;0;50000;2;9;120;"Markov"
"1241";111;"SA";2;0;0;50000;2;10;120;"Markov"
"1242";112;"SA";2;0;0;50000;2;11;60;"Markov"
"1243";109;"SA";2;0;0;50000;2;12;110;"Markov"
"1244";114;"SA";2;0;0;50000;2;13;60;"Markov"
"1245";113;"SA";2;0;0;50000;2;14;60;"Markov"
"1246";203;"SA";3;0;0;50000;3;13;45;"Markov"
"1247";115;"PR";2;0;0;50000;2;15;90;"Markov"
"1248";348;"SA";5;0;0;6019;5;8;60;"Markov"
"1249";349;"SA";5;0;0;6019;5;9;15;"Markov"
"1250";9;"SA";1;1;1;653;-2;9;360;"Markov"
"1251";10;"SA";1;0;0;653;1;10;60;"Markov"
"1252";13;"SA";1;1;1;653;-2;11;60;"Markov"
"1253";14;"SA";1;1;1;653;-2;12;90;"Markov"
"1254";350;"SA";5;1;1;653;-6;10;180;"Markov"
"1255";12;"SA";1;1;1;653;-2;13;75;"Markov"
"1256";204;"SA";3;1;1;653;-4;14;80;"Markov"
"1257";205;"SA";3;1;1;653;-4;15;60;"Markov"
"1258";352;"PR";5;1;1;653;-6;11;70;"Markov"
"1259";11;"SA";1;1;1;653;-2;14;120;"Markov"
"1260";275;"SA";4;1;1;653;-5;5;90;"Markov"
"1261";276;"SA";4;1;1;653;-5;6;60;"Markov"
"1262";277;"SA";4;1;1;653;-5;7;120;"Markov"
"1263";120;"SA";2;0;0;653;2;16;55;"Markov"
"1264";279;"SA";4;1;1;653;-5;8;300;"Markov"
"1265";280;"NU";4;0;0;653;4;9;60;"Markov"
"1266";119;"SA";2;1;1;653;-3;17;60;"Markov"
"1267";124;"SA";2;1;1;653;-3;18;30;"Markov"
"1268";121;"LC";2;1;1;653;-3;19;45;"Markov"
"1269";122;"SA";2;1;1;653;-3;20;50;"Markov"
"1270";351;"SA";5;1;1;653;-6;12;60;"Markov"
"1271";118;"SA";2;1;1;653;-3;21;120;"Markov"
"1272";278;"PR";4;1;1;653;-5;10;150;"Markov"
"1273";116;"SA";2;1;1;653;-3;22;60;"Markov"
"1274";117;"SA";2;1;1;653;-3;23;140;"Markov"
"1275";123;"SA";2;1;1;653;-3;24;50;"Markov"
"1276";15;"SA";1;0;0;50000;1;15;240;"Markov"
"1277";125;"SA";2;0;0;50000;2;25;60;"Markov"
"1278";281;"PR";4;0;0;50000;4;11;70;"Markov"
"1279";282;"LC";4;0;0;29881;4;12;90;"Markov"
"1280";127;"PR";2;0;0;116703;2;26;80;"Markov"
"1281";206;"PR";3;0;0;116703;3;16;35;"Markov"
"1282";126;"PR";2;0;0;116703;2;27;180;"Markov"
"1283";353;"SA";5;1;1;158;-6;13;5;"Markov"
"1284";354;"PR";5;0;0;50000;5;14;30;"Markov"
"1285";16;"SA";1;1;1;368;-2;16;110;"Markov"
"1286";207;"SA";3;1;1;368;-4;17;50;"Markov"
"1287";128;"SA";2;1;1;176;-3;28;120;"Markov"
"1288";17;"NU";1;0;0;1094;1;17;180;"Markov"
"1289";129;"NU";2;1;1;1094;-3;29;120;"Markov"
"1290";283;"SA";4;0;0;2098;4;13;180;"Markov"
"1291";355;"LC";5;0;0;1518;5;15;150;"Markov"
"1292";130;"SA";2;1;1;1518;-3;30;90;"Markov"
"1293";356;"SA";5;0;0;321;5;16;150;"Markov"
"1294";131;"PR";2;0;0;50000;2;31;215;"Markov"
"1295";18;"SA";1;0;0;1276;1;18;90;"Markov"
"1296";208;"SA";3;1;1;1276;-4;18;90;"Markov"
"1297";209;"SA";3;1;1;1276;-4;19;45;"Markov"
"1298";132;"SA";2;1;1;1276;-3;32;20;"Markov"
"1299";19;"SA";1;0;0;94251;1;19;180;"Markov"
"1300";210;"SA";3;0;0;94251;3;20;180;"Markov"
"1301";284;"SA";4;0;0;94251;4;14;240;"Markov"
"1302";134;"SA";2;0;0;50000;2;33;60;"Markov"
"1303";133;"SA";2;0;0;50000;2;34;90;"Markov"
"1304";357;"SA";5;0;0;50000;5;17;60;"Markov"
"1305";285;"SA";4;0;0;50000;4;15;60;"Markov"
"1306";135;"SA";2;0;0;50000;2;35;60;"Markov"
"1307";20;"SA";1;0;0;50000;1;20;60;"Markov"
"1308";136;"LC";2;1;1;356;-3;36;30;"Markov"
"1309";286;"PR";4;0;0;50000;4;16;60;"Markov"
"1310";360;"LC";5;0;0;50000;5;18;10;"Markov"
"1311";358;"PR";5;0;0;50000;5;19;70;"Markov"
"1312";137;"PR";2;0;0;50000;2;37;150;"Markov"
"1313";359;"LC";5;0;0;50000;5;20;10;"Markov"
"1314";361;"SA";5;0;0;50000;5;21;10;"Markov"
"1315";21;"NU";1;0;0;21513;1;21;90;"Markov"
"1316";211;"NU";3;0;0;21513;3;21;40;"Markov"
"1317";362;"PR";5;0;0;50000;5;22;240;"Markov"
"1318";22;"PR";1;0;0;50000;1;22;60;"Markov"
"1319";213;"LC";3;0;0;50000;3;22;90;"Markov"
"1320";139;"PR";2;0;0;50000;2;38;60;"Markov"
"1321";140;"SA";2;0;0;50000;2;39;50;"Markov"
"1322";288;"SA";4;0;0;50000;4;17;60;"Markov"
"1323";287;"PR";4;0;0;50000;4;18;90;"Markov"
"1324";212;"SA";3;0;0;50000;3;23;40;"Markov"
"1325";138;"VI";2;0;0;50000;2;40;90;"Markov"
"1326";363;"VI";5;0;0;2582;5;23;10;"Markov"
"1327";214;"VI";3;0;0;2582;3;24;25;"Markov"
"1328";215;"PR";3;0;0;50000;3;25;45;"Markov"
"1329";23;"SA";1;0;0;50000;1;23;90;"Markov"
"1330";24;"PR";1;0;0;5879;1;24;100;"Markov"
"1331";289;"LC";4;0;0;33840;4;19;110;"Markov"
"1332";25;"PR";1;0;0;6057;1;25;90;"Markov"
"1333";141;"NU";2;1;1;384;-3;41;150;"Markov"
"1334";26;"NU";1;1;1;384;-2;26;420;"Markov"
"1335";27;"LC";1;0;0;2603;1;27;180;"Markov"
"1336";216;"SA";3;0;0;15930;3;26;80;"Markov"
"1337";28;"SA";1;1;1;354;-2;28;30;"Markov"
"1338";29;"SA";1;0;0;50000;1;29;60;"Markov"
"1339";364;"PR";5;0;0;1850;5;24;1;"Markov"
"1340";217;"SA";3;0;0;848;3;27;150;"Markov"
"1341";365;"SA";5;1;1;848;-6;25;120;"Markov"
"1342";290;"SA";4;1;1;848;-5;20;60;"Markov"
"1343";291;"SA";4;0;0;3346;4;21;150;"Markov"
"1344";292;"PR";4;0;0;2191;4;22;50;"Markov"
"1345";293;"PR";4;0;0;2191;4;23;165;"Markov"
"1346";294;"SA";4;0;0;28659;4;24;90;"Markov"
"1347";142;"LC";2;0;0;4987;2;42;50;"Markov"
"1348";218;"SA";3;0;0;3463;3;28;120;"Markov"
"1349";219;"SA";3;0;0;3463;3;29;90;"Markov"
"1350";143;"SA";2;1;1;3463;-3;43;180;"Markov"
"1351";144;"SA";2;1;1;316;-3;44;90;"Markov"
"1352";145;"LC";2;1;1;183;-3;45;60;"Markov"
"1353";146;"SA";2;1;1;183;-3;46;165;"Markov"
"1354";147;"LC";2;1;1;183;-3;47;30;"Markov"
"1355";220;"PR";3;0;0;183;3;30;60;"Markov"
"1356";30;"PR";1;0;0;8843;1;30;60;"Markov"
"1357";295;"LC";4;1;1;91;-5;25;60;"Markov"
"1358";366;"SA";5;0;0;9353;5;26;20;"Markov"
"1359";32;"SA";1;0;0;18615;1;31;90;"Markov"
"1360";31;"SA";1;0;0;18615;1;32;90;"Markov"
"1361";367;"PR";5;0;0;50000;5;27;15;"Markov"
"1362";33;"LC";1;0;0;3729;1;33;150;"Markov"
"1363";221;"PR";3;0;0;50000;3;31;35;"Markov"
"1364";296;"SA";4;0;0;50000;4;26;90;"Markov"
"1365";222;"PR";3;0;0;50000;3;32;60;"Markov"
"1366";223;"PR";3;0;0;50000;3;33;40;"Markov"
"1367";224;"PR";3;0;0;2383;3;34;50;"Markov"
"1368";34;"LC";1;0;0;50000;1;34;80;"Markov"
"1369";148;"SA";2;0;0;10728;2;48;90;"Markov"
"1370";368;"PR";5;0;0;16755;5;28;5;"Markov"
"1371";369;"SA";5;0;0;50000;5;29;120;"Markov"
"1372";370;"SA";5;0;0;50000;5;30;140;"Markov"
"1373";225;"SA";3;1;1;372;-4;35;80;"Markov"
"1374";35;"SA";1;1;1;372;-2;35;105;"Markov"
"1375";297;"SA";4;1;1;1691;-5;27;100;"Markov"
"1376";36;"LC";1;0;0;50000;1;36;60;"Markov"
"1377";298;"PR";4;1;1;263;-5;28;120;"Markov"
"1378";150;"SA";2;1;1;1759;-3;49;120;"Markov"
"1379";149;"SA";2;1;1;1759;-3;50;235;"Markov"
"1380";151;"SA";2;0;0;74149;2;51;120;"Markov"
"1381";38;"PR";1;0;0;50000;1;37;80;"Markov"
"1382";371;"PR";5;0;0;50000;5;31;30;"Markov"
"1383";37;"PR";1;0;0;50000;1;38;60;"Markov"
"1384";39;"LC";1;0;0;3396;1;39;90;"Markov"
"1385";226;"PR";3;0;0;50000;3;36;65;"Markov"
"1386";372;"LC";5;0;0;50000;5;32;60;"Markov"
"1387";227;"LC";3;0;0;3079;3;37;120;"Markov"
"1388";40;"SA";1;1;1;3341;-2;40;60;"Markov"
"1389";228;"SA";3;0;0;50000;3;38;100;"Markov"
"1390";152;"LC";2;0;0;1824;2;52;1;"Markov"
"1391";41;"LC";1;0;0;3057;1;41;120;"Markov"
"1392";42;"PR";1;1;1;3057;-2;42;60;"Markov"
"1393";299;"LC";4;1;1;249;-5;29;60;"Markov"
"1394";43;"SA";1;0;0;4155;1;43;207;"Markov"
"1395";300;"SA";4;0;0;50000;4;30;105;"Markov"
"1396";301;"SA";4;1;1;456;-5;31;75;"Markov"
"1397";44;"PR";1;1;1;1124;-2;44;25;"Markov"
"1398";153;"PR";2;0;0;50000;2;53;230;"Markov"
"1399";302;"SA";4;0;0;50000;4;32;90;"Markov"
"1400";373;"SA";5;0;0;1681;5;33;60;"Markov"
"1401";154;"PR";2;0;0;50000;2;54;170;"Markov"
"1402";374;"PR";5;0;0;50000;5;34;105;"Markov"
"1403";155;"SA";2;0;0;50000;2;55;240;"Markov"
"1404";375;"PR";5;0;0;50000;5;35;170;"Markov"
"1405";229;"SA";3;1;1;445;-4;39;60;"Markov"
"1406";156;"PR";2;0;0;50000;2;56;80;"Markov"
"1407";45;"VI";1;0;0;9433;1;45;75;"Markov"
"1408";46;"SA";1;1;1;91;-2;46;90;"Markov"
"1409";47;"SA";1;1;1;91;-2;47;90;"Markov"
"1410";230;"PR";3;0;0;34999;3;40;30;"Markov"
"1411";303;"LC";4;0;0;50000;4;33;60;"Markov"
"1412";376;"PR";5;0;0;50000;5;36;75;"Markov"
"1413";304;"VI";4;1;1;1440;-5;34;120;"Markov"
"1414";231;"SA";3;0;0;1440;3;41;80;"Markov"
"1415";49;"SA";1;0;0;1440;1;48;60;"Markov"
"1416";306;"SA";4;0;0;1440;4;35;270;"Markov"
"1417";305;"PR";4;0;0;1440;4;36;25;"Markov"
"1418";377;"PR";5;0;0;1440;5;37;30;"Markov"
"1419";157;"SA";2;0;0;1440;2;57;150;"Markov"
"1420";48;"SA";1;0;0;1440;1;49;60;"Markov"
"1421";232;"PR";3;0;0;1440;3;42;120;"Markov"
"1422";307;"SA";4;0;0;50000;4;37;120;"Markov"
"1423";233;"SA";3;0;0;50000;3;43;40;"Markov"
"1424";378;"PR";5;0;0;50000;5;38;30;"Markov"
"1425";234;"LC";3;0;0;2274;3;44;60;"Markov"
"1426";235;"LC";3;1;1;389;-4;45;120;"Markov"
"1427";379;"LC";5;0;0;50000;5;39;60;"Markov"
"1428";50;"LC";1;0;0;50000;1;50;80;"Markov"
"1429";158;"PR";2;0;0;2500;2;58;85;"Markov"
"1430";236;"VI";3;0;0;132;3;46;90;"Markov"
"1431";308;"PR";4;0;0;50000;4;38;30;"Markov"
"1432";237;"PR";3;0;0;50000;3;47;70;"Markov"
"1433";159;"SA";2;0;0;2653;2;59;55;"Markov"
"1434";51;"SA";1;1;1;2653;-2;51;90;"Markov"
"1435";160;"PR";2;0;0;50000;2;60;60;"Markov"
"1436";309;"PR";4;0;0;50000;4;39;60;"Markov"
"1437";310;"PR";4;0;0;50000;4;40;120;"Markov"
"1438";161;"LC";2;0;0;50000;2;61;180;"Markov"
"1439";238;"SA";3;0;0;6097;3;48;60;"Markov"
"1440";162;"SA";2;0;0;6017;2;62;1;"Markov"
"1441";239;"SA";3;0;0;50000;3;49;180;"Markov"
"1442";52;"PR";1;0;0;4283;1;52;30;"Markov"
"1443";240;"PR";3;0;0;4283;3;50;60;"Markov"
"1444";53;"NU";1;0;0;50000;1;53;90;"Markov"
"1445";311;"PR";4;0;0;50000;4;41;60;"Markov"
"1446";241;"SA";3;0;0;50000;3;51;20;"Markov"
"1447";55;"LC";1;0;0;1125;1;54;60;"Markov"
"1448";54;"LC";1;1;1;1125;-2;55;60;"Markov"
"1449";312;"PR";4;0;0;205070;4;42;50;"Markov"
"1450";56;"LC";1;1;1;75;-2;56;150;"Markov"
"1451";313;"PR";4;0;0;1467;4;43;50;"Markov"
"1452";163;"PR";2;1;1;1467;-3;63;120;"Markov"
"1453";164;"NU";2;1;1;1859;-3;64;90;"Markov"
"1454";314;"SA";4;0;0;2240;4;44;20;"Markov"
"1455";380;"LC";5;0;0;4208;5;40;234;"Markov"
"1456";59;"SA";1;0;0;5008;1;57;60;"Markov"
"1457";57;"SA";1;0;0;5008;1;58;60;"Markov"
"1458";58;"SA";1;0;0;5008;1;59;60;"Markov"
"1459";165;"SA";2;0;0;50000;2;65;120;"Markov"
"1460";60;"LC";1;1;1;5069;-2;60;90;"Markov"
"1461";167;"SA";2;0;0;50000;2;66;60;"Markov"
"1462";64;"SA";1;0;0;50000;1;61;10;"Markov"
"1463";62;"SA";1;0;0;50000;1;62;150;"Markov"
"1464";61;"SA";1;0;0;50000;1;63;30;"Markov"
"1465";166;"SA";2;0;0;50000;2;67;40;"Markov"
"1466";65;"SA";1;0;0;50000;1;64;30;"Markov"
"1467";63;"SA";1;0;0;50000;1;65;75;"Markov"
"1468";381;"SA";5;0;0;50000;5;41;60;"Markov"
"1469";242;"LC";3;0;0;50000;3;52;40;"Markov"
"1470";315;"SA";4;0;0;2642;4;45;180;"Markov"
"1471";316;"NU";4;0;0;10683;4;46;60;"Markov"
"1472";66;"PR";1;1;1;370;-2;66;75;"Markov"
"1473";168;"SA";2;1;1;835;-3;68;60;"Markov"
"1474";67;"SA";1;1;1;187;-2;67;60;"Markov"
"1475";317;"LC";4;0;0;50000;4;47;45;"Markov"
"1476";243;"SA";3;1;1;1067;-4;53;120;"Markov"
"1477";318;"SA";4;1;1;1067;-5;48;240;"Markov"
"1478";68;"SA";1;1;1;218;-2;68;120;"Markov"
"1479";69;"VI";1;0;0;50000;1;69;60;"Markov"
"1480";382;"PR";5;0;0;2844;5;42;30;"Markov"
"1481";319;"PR";4;0;0;1986;4;49;90;"Markov"
"1482";71;"PR";1;0;0;17877;1;70;520;"Markov"
"1483";70;"SA";1;0;0;17877;1;71;180;"Markov"
"1484";170;"SA";2;0;0;17877;2;69;120;"Markov"
"1485";244;"SA";3;0;0;17877;3;54;80;"Markov"
"1486";169;"LC";2;0;0;17877;2;70;135;"Markov"
"1487";171;"PR";2;0;0;7683;2;71;65;"Markov"
"1488";172;"NU";2;0;0;50000;2;72;60;"Markov"
"1489";321;"SA";4;0;0;50000;4;50;240;"Markov"
"1490";383;"SA";5;0;0;50000;5;43;240;"Markov"
"1491";73;"PR";1;0;0;50000;1;72;120;"Markov"
"1492";72;"SA";1;0;0;50000;1;73;195;"Markov"
"1493";320;"SA";4;0;0;50000;4;51;120;"Markov"
"1494";322;"SA";4;0;0;50000;4;52;90;"Markov"
"1495";245;"SA";3;1;1;358;-4;55;160;"Markov"
"1496";384;"SA";5;1;1;358;-6;44;240;"Markov"
"1497";323;"SA";4;1;1;358;-5;53;120;"Markov"
"1498";246;"LC";3;0;0;3904;3;56;100;"Markov"
"1499";247;"SA";3;0;0;50000;3;57;90;"Markov"
"1500";74;"SA";1;1;1;262;-2;74;60;"Markov"
"1501";75;"SA";1;0;0;50000;1;75;75;"Markov"
"1502";174;"SA";2;0;0;50000;2;73;360;"Markov"
"1503";173;"SA";2;0;0;50000;2;74;55;"Markov"
"1504";175;"SA";2;0;0;50000;2;75;90;"Markov"
"1505";385;"SA";5;0;0;50000;5;45;60;"Markov"
"1506";248;"SA";3;1;1;1661;-4;58;60;"Markov"
"1507";176;"SA";2;0;0;943;2;76;90;"Markov"
"1508";177;"PR";2;1;1;115;-3;77;50;"Markov"
"1509";249;"SA";3;0;0;50000;3;59;75;"Markov"
"1510";76;"SA";1;0;0;206;1;76;100;"Markov"
"1511";250;"SA";3;0;0;50000;3;60;60;"Markov"
"1512";77;"SA";1;0;0;50000;1;77;120;"Markov"
"1513";178;"NU";2;0;0;241;2;78;20;"Markov"
"1514";324;"SA";4;0;0;50000;4;54;130;"Markov"
"1515";325;"PR";4;0;0;4656;4;55;180;"Markov"
"1516";386;"SA";5;0;0;50000;5;46;90;"Markov"
"1517";179;"PR";2;0;0;50000;2;79;100;"Markov"
"1518";251;"PR";3;0;0;5021;3;61;60;"Markov"
"1519";180;"LC";2;0;0;50000;2;80;60;"Markov"
"1520";326;"SA";4;1;1;985;-5;56;1;"Markov"
"1521";78;"SA";1;1;1;985;-2;78;60;"Markov"
"1522";79;"SA";1;0;0;985;1;79;100;"Markov"
"1523";181;"LC";2;0;0;985;2;81;120;"Markov"
"1524";252;"SA";3;0;0;985;3;62;55;"Markov"
"1525";387;"SA";5;0;0;50000;5;47;90;"Markov"
"1526";80;"SA";1;0;0;50000;1;80;90;"Markov"
"1527";81;"SA";1;0;0;13843;1;81;60;"Markov"
"1528";388;"SA";5;0;0;1961;5;48;60;"Markov"
"1529";389;"SA";5;0;0;50000;5;49;90;"Markov"
"1530";253;"SA";3;0;0;50000;3;63;60;"Markov"
"1531";82;"VI";1;0;0;9841;1;82;30;"Markov"
"1532";390;"LC";5;0;0;4119;5;50;180;"Markov"
"1533";255;"PR";3;0;0;50000;3;64;150;"Markov"
"1534";254;"PR";3;0;0;50000;3;65;60;"Markov"
"1535";256;"PR";3;1;1;856;-4;66;90;"Markov"
"1536";257;"SA";3;1;1;1413;-4;67;5;"Markov"
"1537";258;"SA";3;0;0;2113;3;68;120;"Markov"
"1538";83;"SA";1;0;0;2113;1;83;240;"Markov"
"1539";327;"SA";4;0;0;15884;4;57;120;"Markov"
"1540";84;"LC";1;0;0;50000;1;84;15;"Markov"
"1541";85;"PR";1;1;1;129;-2;85;70;"Markov"
"1542";86;"PR";1;0;0;50000;1;86;90;"Markov"
"1543";259;"SA";3;1;1;178;-4;69;110;"Markov"
"1544";260;"SA";3;1;1;181;-4;70;120;"Markov"
"1545";261;"SA";3;0;0;5894;3;71;90;"Markov"
"1546";87;"SA";1;1;1;1697;-2;87;60;"Markov"
"1547";262;"SA";3;1;1;1697;-4;72;120;"Markov"
"1548";88;"LC";1;0;0;50000;1;88;120;"Markov"
"1549";328;"LC";4;0;0;50000;4;58;120;"Markov"
"1550";329;"LC";4;0;0;50000;4;59;90;"Markov"
"1551";182;"LC";2;0;0;50000;2;82;60;"Markov"
"1552";183;"NU";2;0;0;438;2;83;20;"Markov"
"1553";263;"SA";3;0;0;50000;3;73;60;"Markov"
"1554";184;"SA";2;0;0;50000;2;84;15;"Markov"
"1555";185;"SA";2;0;0;50000;2;85;35;"Markov"
"1556";331;"SA";4;0;0;50000;4;60;160;"Markov"
"1557";330;"SA";4;0;0;50000;4;61;120;"Markov"
"1558";264;"SA";3;0;0;50000;3;74;65;"Markov"
"1559";186;"PR";2;1;1;165;-3;86;120;"Markov"
"1560";187;"SA";2;0;0;50000;2;87;210;"Markov"
"1561";89;"PR";1;0;0;50000;1;89;70;"Markov"
"1562";90;"SA";1;1;1;70;-2;90;90;"Markov"
"1563";391;"LC";5;0;0;50000;5;51;75;"Markov"
"1564";393;"PR";5;0;0;50000;5;52;150;"Markov"
"1565";91;"PR";1;0;0;50000;1;91;120;"Markov"
"1566";392;"PR";5;0;0;50000;5;53;35;"Markov"
"1567";188;"VI";2;1;1;72;-3;88;100;"Markov"
"1568";332;"PR";4;0;0;1484;4;62;120;"Markov"
"1569";265;"PR";3;0;0;50000;3;75;100;"Markov"
"1570";92;"SA";1;0;0;50000;1;92;60;"Markov"
"1571";333;"VI";4;0;0;50000;4;63;90;"Markov"
"1572";394;"PR";5;0;0;50000;5;54;75;"Markov"
"1573";93;"SA";1;1;1;2321;-2;93;90;"Markov"
"1574";94;"NU";1;0;0;50000;1;94;160;"Markov"
"1575";95;"SA";1;1;1;391;-2;95;140;"Markov"
"1576";334;"SA";4;1;1;723;-5;64;30;"Markov"
"1577";96;"VI";1;0;0;50000;1;96;50;"Markov"
"1578";98;"PR";1;0;0;50000;1;97;10;"Markov"
"1579";97;"PR";1;0;0;50000;1;98;20;"Markov"
"1580";335;"SA";4;0;0;13926;4;65;30;"Markov"
"1581";266;"SA";3;0;0;4673;3;76;80;"Markov"
"1582";99;"SA";1;1;1;75;-2;99;75;"Markov"
"1583";267;"NU";3;0;0;7858;3;77;50;"Markov"
"1584";336;"VI";4;1;1;421;-5;66;240;"Markov"
"1585";337;"PR";4;0;0;2736;4;67;1;"Markov"
"1586";395;"SA";5;1;1;142;-6;55;90;"Markov"
"1587";338;"SA";4;1;1;142;-5;68;60;"Markov"
"1588";396;"SA";5;0;0;50000;5;56;60;"Markov"
"1589";397;"SA";5;0;0;50000;5;57;10;"Markov"
"1590";268;"SA";3;1;1;973;-4;78;90;"Markov"
"1591";398;"NU";5;0;0;6799;5;58;150;"Markov"
"1592";340;"SA";4;0;0;6799;4;69;60;"Markov"
"1593";339;"SA";4;0;0;6799;4;70;140;"Markov"
"1594";189;"PR";2;0;0;6799;2;89;80;"Markov"
"1595";399;"SA";5;0;0;50000;5;59;60;"Markov"
"1596";190;"SA";2;0;0;50000;2;90;30;"Markov"
"1597";100;"PR";1;0;0;4868;1;100;60;"Markov"
"1598";269;"SA";3;0;0;296667;3;79;40;"Markov"
"1599";400;"PR";5;0;0;50000;5;60;45;"Markov"
"1600";270;"PR";3;0;0;14089;3;80;75;"Markov"
