"","razonSocial","nomComuna","place","direccion","idCust","weekday","serviceTime","COD","Name","penalty","p","p05","p10","p15","p20","p25","p50","p100"
"1","A.F.P. PROVIDA S.A.","Providencia",2,"P. DE VALDIVIA 100 PISO 5",191,3,60,"PR","191_PR_3",28800,10800,9577.33123888315,7797.3713145423,6164.2358893565,5850.23139021923,4353.32110644807,93.4612862984086,209.158929282219
"2","A.F.P. PROVIDA S.A.","Providencia",2,"PEDRO DE VALDIVIA 100  PISO 3",101,2,60,"PR","101_PR_2",28800,10800,9577.33123888315,7797.3713145423,6164.2358893565,5850.23139021923,4353.32110644807,93.4612862984086,209.158929282219
"3","A.F.P. SANTA MARIA S.A.","Providencia",2,"SUECIA  211  P. 13",1,1,90,"PR","1_PR_1",28800,10800,9618.82168773705,7956.07904432598,6532.5423315446,6407.3157545574,4797.10509449821,200.148911462862,266.635342403833
"4","A.F.P. SUMMA-BANSANDER S.A.","Santiago",1,"AGUSTINAS 540 PISO 3",341,5,70,"SA","341_SA_5",28800,10800,9757.01396450214,8153.2293415221,6878.34422179641,6863.42506902654,5206.54667944102,1087.65439207426,285.940576904792
"5","ABASTIBLE SA","Santiago",1,"VICU—A MACKENNA 55 OF.303",102,2,120,"SA","102_SA_2",28800,10800,9827.88727128685,8303.97285307519,7114.22388902299,6949.06857941928,5317.56249056048,1120.16998377886,295.869911786249
"6","ACTION LINE CHILE S.A.","Santiago",1,"MAC IVER 440 PISO 6",2,1,90,"SA","2_SA_1",28800,10800,9837.26189472168,8338.98645300445,7137.25729998425,7316.461897456,5408.69257231764,1226.71401477557,315.10143336625
"7","ADMINISTRADORA CMR FALABELLA LTDA","Santiago",1,"STA ELENA 1422",103,2,120,"SA","103_SA_2",28800,10800,9897.19720225619,8492.77812733467,7303.02193090825,7370.92453879582,5547.42167665585,1380.00651333022,361.955557303179
"8","AES GENER S.A.","Las Condes",3,"SANCHEZ FONTECILLA 310 P 3",104,2,120,"LC","104_LC_2",28800,10800,9946.84817303703,8531.07950584119,7634.7118466916,7385.12296570028,5589.68265705033,1568.55215397176,375.580877255847
"9","AG. DE ADUANA R. FUENZALIDA Y CIA. LTDA.","Providencia",2,"LA CONCEPCION 322 PISO 5 OF.504",271,4,60,"PR","271_PR_4",28800,10800,9952.57906111825,8552.26815863576,7893.51781195816,7659.37286098118,5748.72710954242,1593.25319321099,400.451028649684
"10","AHK BUSINESS CENTER","Las Condes",3,"BOSQUE NORTE 0440 OF.601 (1-2-5)",105,2,200,"LC","105_LC_2",28800,10800,9970.0135534958,8588.32383926925,7940.46499348454,7740.60098504493,5965.54013539153,1626.51048084871,459.932924324874
"11","ALGAS MARINAS S.A. ALGAMAR","Providencia",2,"FIDEL OTEIZA 1956  P 14",342,5,60,"PR","342_PR_5",28800,10800,10015.1534104708,8593.67585275627,7995.09269907608,7813.27890601991,6040.36136981015,1635.47607540956,467.731979416372
"12","ALIMENTOS MARINOS S.A.","Providencia",2,"MAR DEL PLATA 2111",192,3,130,"PR","192_PR_3",28800,10800,10022.1768701327,8615.21757145111,8013.66724374213,7903.6199184761,6205.73171443921,1742.55950793363,576.263617748118
"13","ALIMENTOS MULTIEXPORT S.A.","Las Condes",3,"ISIDORA GOYENECHEA  3621  P 17 TORRE B",193,3,70,"LC","193_LC_3",28800,10800,10046.1929199268,8644.83738663756,8025.20471497615,7944.05679289801,6344.03745173259,1860.92857702665,597.174908412197
"14","ALMACENES PARIS COMERCIAL S.A.","Las Condes",3,"AV KENNEDY 5225 P 4 PQUE ARAUC",272,4,130,"LC","272_LC_4",28800,10800,10046.4920807044,8845.72650710467,8035.1575840683,7947.13123732859,6377.15391392944,1890.8734833558,1001.88703547297
"15","AMCHAM CHILE","Las Condes",3,"AV. KENNEDY 5735 OF.201 TORRE PONIENTE",273,4,90,"LC","273_LC_4",28800,10800,10066.9419731315,8896.23746857485,8102.94437544768,8017.08118611345,6424.12909601996,1961.89017615447,1027.83369803147
"16","ARAUCO SALUD S.A.","Las Condes",3,"KENNEDY 5757 TORRE ORIENTE OF-702",343,5,45,"LC","343_LC_5",28800,10800,10069.0376368996,9017.88923268121,8321.01250959305,8040.9393588307,6673.54377248343,2328.42652889584,1080.54447515952
"17","ARAWAK S.A. SERVICIOS PERSONALES","Santiago",1,"PORVENIR 464",274,4,60,"SA","274_SA_4",28800,10800,10070.2584577005,9037.4636148014,8371.84046597032,8053.62348853581,6718.18985981872,2578.59526052128,1135.90934388496
"18","ARTEL S.A.I.C.","Santiago",1,"MATIAS COUSI—O 54 PISO 2",3,1,75,"SA","3_SA_1",28800,10800,10120.2841801069,9122.14274019722,8424.89132860028,8118.66291344819,6761.54301757639,2592.24208294714,1240.09401277592
"19","ASEA BROWN BOVERI S.A.","—uÒoa",5,"VICU—A MACKENNA 1602 RECEPCION.",106,2,75,"NU","106_NU_2",28800,10800,10137.2914401426,9124.13529375015,8444.95520311744,8142.55492161444,6767.75942891011,2660.57762317991,1454.69459131413
"20","ASESORES EN VIAJE S.A.","Providencia",2,"Las Bellotas # 225",107,2,30,"PR","107_PR_2",28800,10800,10152.7960714412,9232.34658977497,8474.06983860143,8160.79938452839,6773.81385670251,2881.30944497835,1476.55176417015
"21","ASOC.FUNC.MUNICIP.DE LAS CONDES","Las Condes",3,"APOQUINDO 3076 SUBTERRANEO",344,5,120,"LC","344_LC_5",28800,10800,10153.3244441392,9269.94667811281,8554.92040633852,8206.05297411024,6819.55935135437,2932.77588403237,1642.63710017345
"22","ASOC.FUNC.MUNICIP.DE LAS CONDES","Las Condes",3,"AV. APOQUINDO 3076 INTERIOR  SUBTE",108,2,10,"LC","108_LC_2",28800,10800,10153.3244441392,9269.94667811281,8554.92040633852,8206.05297411024,6819.55935135437,2932.77588403237,1642.63710017345
"23","ASOCIADOS UNDURRAGA IMPRESORES LTDA.","Santiago",1,"ANDES 3561",345,5,150,"SA","345_SA_5",28800,10800,10166.5495807034,9288.36209982634,8582.18506639471,8223.05014489785,6828.68285446556,3017.88936100516,1752.08067844256
"24","AUTOMOVIL CLUB DE CHILE","Providencia",2,"ANDRES BELLO 1863 PISO 2",194,3,20,"PR","194_PR_3",28800,10800,10166.7903477025,9330.34681702297,8647.12302113365,8234.09591114411,6830.58425059569,3185.12472024346,1752.43034262521
"25","BAEZA Y COMPA—IA LTDA.","Las Condes",3,"APOQUINDO 3001 PISO 12 OFIC. 1203",4,1,120,"LC","4_LC_1",28800,10800,10178.0484567113,9361.94605606685,8663.44812824703,8254.92748705102,6885.82283965769,3194.29672831448,1831.77848862393
"26","BANCO CONOSUR","Santiago",1,"ALAMEDA 1980 P.4",195,3,150,"SA","195_SA_3",28800,10800,10194.7973011376,9386.2826735961,8705.38309792917,8261.95386303099,6915.25304945326,3244.64742403357,1838.40536796642
"27","BANCO DE CHILE","Santiago",1,"AGUSTINAS 733 PISO 1 BCA.ORIVADA",5,1,90,"SA","5_SA_1",28800,10800,10214.3694046786,9411.71681156545,8724.50332607614,8264.86042644657,6968.90687512723,3323.01769266733,1858.06766844778
"28","BANCO DE CHILE","Santiago",1,"AGUSTINAS 951, P. 5 SALA PROC.",197,3,120,"SA","197_SA_3",28800,10800,10214.3694046786,9411.71681156545,8724.50332607614,8264.86042644657,6968.90687512723,3323.01769266733,1858.06766844778
"29","BANCO DE CHILE","Las Condes",3,"LAS CONDES 10247 OF ESTORIL EDUARD",346,5,70,"LC","346_LC_5",28800,10800,10214.3694046786,9411.71681156545,8724.50332607614,8264.86042644657,6968.90687512723,3323.01769266733,1858.06766844778
"30","BANCO DE CHILE","Santiago",1,"HUERFANOS 980 P.2 COMERCIO EXTERIOR-3",199,3,80,"SA","199_SA_3",28800,10800,10214.3694046786,9411.71681156545,8724.50332607614,8264.86042644657,6968.90687512723,3323.01769266733,1858.06766844778
"31","BANCO DE CHILE","Providencia",2,"PROVIDENCIA 2178 ( STA. ISABEL )",196,3,45,"PR","196_PR_3",28800,10800,10214.3694046786,9411.71681156545,8724.50332607614,8264.86042644657,6968.90687512723,3323.01769266733,1858.06766844778
"32","BANCO DE CHILE","Santiago",1,"ESTADO 387 P.2",198,3,60,"SA","198_SA_3",28800,10800,10214.3694046786,9411.71681156545,8724.50332607614,8264.86042644657,6968.90687512723,3323.01769266733,1858.06766844778
"33","BANCO DE CREDITO E INVERSIONES","Santiago",1,"BANDERA 236 19-A PISO 3 CC.12282",6,1,30,"SA","6_SA_1",28800,10800,10217.2820410012,9427.14479513528,8771.13963994833,8281.12416239242,6988.03711729352,3381.87094525888,1932.6935035156
"34","BANCO DE CREDITO E INVERSIONES","Santiago",1,"SAN DIEGO 2043",200,3,60,"SA","200_SA_3",28800,10800,10217.2820410012,9427.14479513528,8771.13963994833,8281.12416239242,6988.03711729352,3381.87094525888,1932.6935035156
"35","BANCO DE CREDITO E INVERSIONES","Las Condes",3,"APOQUINDO 5710",201,3,270,"LC","201_LC_3",28800,10800,10217.2820410012,9427.14479513528,8771.13963994833,8281.12416239242,6988.03711729352,3381.87094525888,1932.6935035156
"36","BANCO DEL DESARROLLO","Santiago",1,"ALAMEDA 929 P5",347,5,20,"SA","347_SA_5",28800,10800,10228.0220271032,9445.50854837679,8772.58597400348,8318.85237630472,7092.88855094455,3414.23264463776,1961.73891325271
"37","BANCO DEL ESTADO DE CHILE","Santiago",1,"ALAMEDA 1111 P 8 SUBGCIA REGULARIZ.CRED.",7,1,290,"SA","7_SA_1",28800,10800,10231.2699596555,9452.53007292717,8812.06549990831,8438.28336285487,7150.14420018622,3448.76142444898,2120.481865505
"38","BANCO DEL ESTADO DE CHILE","Santiago",1,"ALAMEDA 1111 P.3 COMERCIO EXT",202,3,180,"SA","202_SA_3",28800,10800,10231.2699596555,9452.53007292717,8812.06549990831,8438.28336285487,7150.14420018622,3448.76142444898,2120.481865505
"39","BANCO DEL ESTADO DE CHILE","Santiago",1,"HUERFANOS 1202 P.3 OF.310",8,1,60,"SA","8_SA_1",28800,10800,10231.2699596555,9452.53007292717,8812.06549990831,8438.28336285487,7150.14420018622,3448.76142444898,2120.481865505
"40","BANCO DEL ESTADO DE CHILE","Santiago",1,"MORANDE 25 PISO 3",110,2,120,"SA","110_SA_2",28800,10800,10231.2699596555,9452.53007292717,8812.06549990831,8438.28336285487,7150.14420018622,3448.76142444898,2120.481865505
"41","BANCO DEL ESTADO DE CHILE","Santiago",1,"ALAMEDA 1111 P.6 GCIA. GRAL.FINANZAS",111,2,120,"SA","111_SA_2",28800,10800,10231.2699596555,9452.53007292717,8812.06549990831,8438.28336285487,7150.14420018622,3448.76142444898,2120.481865505
"42","BANCO DEL ESTADO DE CHILE","Santiago",1,"NUEVA YORK 33 P 17",112,2,60,"SA","112_SA_2",28800,10800,10231.2699596555,9452.53007292717,8812.06549990831,8438.28336285487,7150.14420018622,3448.76142444898,2120.481865505
"43","BANCO DEL ESTADO DE CHILE","Santiago",1,"BANDERA 861   1P",109,2,110,"SA","109_SA_2",28800,10800,10231.2699596555,9452.53007292717,8812.06549990831,8438.28336285487,7150.14420018622,3448.76142444898,2120.481865505
"44","BANCO DEL ESTADO DE CHILE","Santiago",1,"ALAMEDA 1111 P 3 COMERCIO EXTE",114,2,60,"SA","114_SA_2",28800,10800,10231.2699596555,9452.53007292717,8812.06549990831,8438.28336285487,7150.14420018622,3448.76142444898,2120.481865505
"45","BANCO DEL ESTADO DE CHILE","Santiago",1,"MORANDE 25 FISCALIA P.5 OF 503",113,2,60,"SA","113_SA_2",28800,10800,10231.2699596555,9452.53007292717,8812.06549990831,8438.28336285487,7150.14420018622,3448.76142444898,2120.481865505
"46","BANCO DEL ESTADO DE CHILE","Santiago",1,"ALAMEDA 1111 P.2 MODULO 6",203,3,45,"SA","203_SA_3",28800,10800,10231.2699596555,9452.53007292717,8812.06549990831,8438.28336285487,7150.14420018622,3448.76142444898,2120.481865505
"47","BANCO IND.Y DE COMERCIO EXTERIOR","Providencia",2,"ISIDORA GOYENECHEA 3132 P 1",115,2,90,"PR","115_PR_2",28800,10800,10262.5651662737,9503.16206184169,8955.94230561862,8454.5227894809,7281.47256773996,3453.30333918615,2193.07327914377
"48","BANCO INTERNACIONAL","Santiago",1,"MONEDA 818 P.4 CENTRO COPIADO",348,5,60,"SA","348_SA_5",28800,10800,10265.2125661499,9516.16319388548,8988.99353975201,8481.74708939563,7339.99315490086,3582.21963001468,2235.65326820922
"49","BANCO INTERNACIONAL","Santiago",1,"MONEDA 818 PISO 2 GCIA GRAL.",349,5,15,"SA","349_SA_5",28800,10800,10265.2125661499,9516.16319388548,8988.99353975201,8481.74708939563,7339.99315490086,3582.21963001468,2235.65326820922
"50","BANCO SANTANDER CHILE","Santiago",1,"MONEDA 975  PISO 5",9,1,360,"SA","9_SA_1",28800,10800,10306.7320115707,9525.62131248995,9071.37055777682,8637.23737911221,7385.79348364126,3614.655147208,2428.67362781656
"51","BANCO SANTANDER CHILE","Santiago",1,"AGUSTINAS 920 P.4",10,1,60,"SA","10_SA_1",28800,10800,10306.7320115707,9525.62131248995,9071.37055777682,8637.23737911221,7385.79348364126,3614.655147208,2428.67362781656
"52","BANCO SANTANDER CHILE","Santiago",1,"MATIAS COUSI?O 199 P-9",13,1,60,"SA","13_SA_1",28800,10800,10306.7320115707,9525.62131248995,9071.37055777682,8637.23737911221,7385.79348364126,3614.655147208,2428.67362781656
"53","BANCO SANTANDER CHILE","Santiago",1,"BANDERA 140 P.2",14,1,90,"SA","14_SA_1",28800,10800,10306.7320115707,9525.62131248995,9071.37055777682,8637.23737911221,7385.79348364126,3614.655147208,2428.67362781656
"54","BANCO SANTANDER CHILE","Santiago",1,"MONEDA 971 PISO 1 DPTO SOLUCIONES",350,5,180,"SA","350_SA_5",28800,10800,10306.7320115707,9525.62131248995,9071.37055777682,8637.23737911221,7385.79348364126,3614.655147208,2428.67362781656
"55","BANCO SANTANDER CHILE","Santiago",1,"AGUSTINAS 1389 P.2",12,1,75,"SA","12_SA_1",28800,10800,10306.7320115707,9525.62131248995,9071.37055777682,8637.23737911221,7385.79348364126,3614.655147208,2428.67362781656
"56","BANCO SANTANDER CHILE","Santiago",1,"IRENE MORALES 10 PLAZA ITALIA",204,3,80,"SA","204_SA_3",28800,10800,10306.7320115707,9525.62131248995,9071.37055777682,8637.23737911221,7385.79348364126,3614.655147208,2428.67362781656
"57","BANCO SANTANDER CHILE","Santiago",1,"BANDERA 206 P 8",205,3,60,"SA","205_SA_3",28800,10800,10306.7320115707,9525.62131248995,9071.37055777682,8637.23737911221,7385.79348364126,3614.655147208,2428.67362781656
"58","BANCO SANTANDER CHILE","Providencia",2,"AV FCO BILBAO 2082 SUBT",352,5,70,"PR","352_PR_5",28800,10800,10306.7320115707,9525.62131248995,9071.37055777682,8637.23737911221,7385.79348364126,3614.655147208,2428.67362781656
"59","BANCO SANTANDER CHILE","Santiago",1,"AHUMADA 170  1ER SUBTE.",11,1,120,"SA","11_SA_1",28800,10800,10306.7320115707,9525.62131248995,9071.37055777682,8637.23737911221,7385.79348364126,3614.655147208,2428.67362781656
"60","BANCO SANTANDER CHILE","Santiago",1,"HUERFANOS 1157",275,4,90,"SA","275_SA_4",28800,10800,10306.7320115707,9525.62131248995,9071.37055777682,8637.23737911221,7385.79348364126,3614.655147208,2428.67362781656
"61","BANCO SANTANDER CHILE","Santiago",1,"HUERFANOS 1269",276,4,60,"SA","276_SA_4",28800,10800,10306.7320115707,9525.62131248995,9071.37055777682,8637.23737911221,7385.79348364126,3614.655147208,2428.67362781656
"62","BANCO SANTANDER CHILE","Santiago",1,"CURICO 38 PISO 2.",277,4,120,"SA","277_SA_4",28800,10800,10306.7320115707,9525.62131248995,9071.37055777682,8637.23737911221,7385.79348364126,3614.655147208,2428.67362781656
"63","BANCO SANTANDER CHILE","Santiago",1,"HUERFANOS 1081",120,2,55,"SA","120_SA_2",28800,10800,10306.7320115707,9525.62131248995,9071.37055777682,8637.23737911221,7385.79348364126,3614.655147208,2428.67362781656
"64","BANCO SANTANDER CHILE","Santiago",1,"MONEDA 975 P5",279,4,300,"SA","279_SA_4",28800,10800,10306.7320115707,9525.62131248995,9071.37055777682,8637.23737911221,7385.79348364126,3614.655147208,2428.67362781656
"65","BANCO SANTANDER CHILE","—uÒoa",5,"IRARRAZAVAL 2709 PISO1 INTERIO",280,4,60,"NU","280_NU_4",28800,10800,10306.7320115707,9525.62131248995,9071.37055777682,8637.23737911221,7385.79348364126,3614.655147208,2428.67362781656
"66","BANCO SANTANDER CHILE","Santiago",1,"AHUMADA 52 SUBTERRANEO",119,2,60,"SA","119_SA_2",28800,10800,10306.7320115707,9525.62131248995,9071.37055777682,8637.23737911221,7385.79348364126,3614.655147208,2428.67362781656
"67","BANCO SANTANDER CHILE","Santiago",1,"AGUSTINAS 920 P.2",124,2,30,"SA","124_SA_2",28800,10800,10306.7320115707,9525.62131248995,9071.37055777682,8637.23737911221,7385.79348364126,3614.655147208,2428.67362781656
"68","BANCO SANTANDER CHILE","Las Condes",3,"EL RODEO 12850 LOCAL 33",121,2,45,"LC","121_LC_2",28800,10800,10306.7320115707,9525.62131248995,9071.37055777682,8637.23737911221,7385.79348364126,3614.655147208,2428.67362781656
"69","BANCO SANTANDER CHILE","Santiago",1,"AHUMADA 170 PISO 3",122,2,50,"SA","122_SA_2",28800,10800,10306.7320115707,9525.62131248995,9071.37055777682,8637.23737911221,7385.79348364126,3614.655147208,2428.67362781656
"70","BANCO SANTANDER CHILE","Santiago",1,"BANDERA 172 (12) PISO 5",351,5,60,"SA","351_SA_5",28800,10800,10306.7320115707,9525.62131248995,9071.37055777682,8637.23737911221,7385.79348364126,3614.655147208,2428.67362781656
"71","BANCO SANTANDER CHILE","Santiago",1,"ALAMEDA 1449 P.6",118,2,120,"SA","118_SA_2",28800,10800,10306.7320115707,9525.62131248995,9071.37055777682,8637.23737911221,7385.79348364126,3614.655147208,2428.67362781656
"72","BANCO SANTANDER CHILE","Providencia",2,"AV. PROVIDENCIA 2051",278,4,150,"PR","278_PR_4",28800,10800,10306.7320115707,9525.62131248995,9071.37055777682,8637.23737911221,7385.79348364126,3614.655147208,2428.67362781656
"73","BANCO SANTANDER CHILE","Santiago",1,"AGUSTINAS 1025 P 4",116,2,60,"SA","116_SA_2",28800,10800,10306.7320115707,9525.62131248995,9071.37055777682,8637.23737911221,7385.79348364126,3614.655147208,2428.67362781656
"74","BANCO SANTANDER CHILE","Santiago",1,"Agustinas 1025 piso 5 Crillon",117,2,140,"SA","117_SA_2",28800,10800,10306.7320115707,9525.62131248995,9071.37055777682,8637.23737911221,7385.79348364126,3614.655147208,2428.67362781656
"75","BANCO SANTANDER CHILE","Santiago",1,"BANDERA 140 P 18 ADMISION DE R",123,2,50,"SA","123_SA_2",28800,10800,10306.7320115707,9525.62131248995,9071.37055777682,8637.23737911221,7385.79348364126,3614.655147208,2428.67362781656
"76","BANCOESTADO CORREDORES DE SEGUROS LTDA.","Santiago",1,"MONEDA 1140 PISO 2",15,1,240,"SA","15_SA_1",28800,10800,10319.4919384732,9542.3841257586,9086.91143589393,8676.23389304058,7441.18251003484,3723.32806974587,2452.00015471801
"77","BANKBOSTON, N.A.","Santiago",1,"NVA.YORK 33 ..SUCURSAL",125,2,60,"SA","125_SA_2",28800,10800,10324.143245576,9564.56673095773,9101.3600208769,8705.76925683085,7461.55375042831,3814.21012601249,2510.98192335386
"78","BANKBOSTON, N.A.","Providencia",2,"ENRIQUE FOSTER SUR 20..P-6",281,4,70,"PR","281_PR_4",28800,10800,10324.143245576,9564.56673095773,9101.3600208769,8705.76925683085,7461.55375042831,3814.21012601249,2510.98192335386
"79","BAYERISCHE HAUSBAN INMOBILIARIA LTDA.","Las Condes",3,"AV APOQUINDO 3721 PISO 21",282,4,90,"LC","282_LC_4",28800,10800,10326.5671938753,9570.89780572385,9151.67792147483,8796.25179809508,7521.23237326503,3915.12180499713,2533.38529903214
"80","BELLSOUTH INVERSIONES S.A.","Providencia",2,"MANUEL MONTT 1404 PISO 3.",127,2,80,"PR","127_PR_2",28800,10800,10328.9445646125,9579.41664744843,9245.54363240196,8796.35854586863,7524.90398923208,3932.0453654578,3066.87331207244
"81","BELLSOUTH INVERSIONES S.A.","Providencia",2,"MANUEL MONTT 1404 PISO 4",206,3,35,"PR","206_PR_3",28800,10800,10328.9445646125,9579.41664744843,9245.54363240196,8796.35854586863,7524.90398923208,3932.0453654578,3066.87331207244
"82","BELLSOUTH INVERSIONES S.A.","Providencia",2,"MANUEL MONTT 1404 PISO 4",126,2,180,"PR","126_PR_2",28800,10800,10328.9445646125,9579.41664744843,9245.54363240196,8796.35854586863,7524.90398923208,3932.0453654578,3066.87331207244
"83","BESTPHARMA S.A","Santiago",1,"ERASMO ESCALA 1875 PISO 2",353,5,5,"SA","353_SA_5",28800,10800,10334.7423086892,9584.03003967336,9260.69839057727,8847.41643089246,7704.82011969518,3948.59986576765,3133.44567311
"84","BIOMET CHILE S.A.","Providencia",2,"POCURO 2255",354,5,30,"PR","354_PR_5",28800,10800,10350.5189512139,9586.79625727772,9340.71024321672,8859.93661362207,7721.3599790463,4130.98468020382,3200.55323630205
"85","BOLSA DE C.DE STGO.BOLSA DE VAL.","Santiago",1,"LA BOLSA 64 P.1",16,1,110,"SA","16_SA_1",28800,10800,10356.8670496229,9601.20700618684,9354.49220214941,8875.53523616406,7733.94445352493,4155.82782306562,3532.80755468214
"86","BOLSA DE C.DE STGO.BOLSA DE VAL.","Santiago",1,"LA BOLSA 64 P.3 OF.227 SERVICIOS",207,3,50,"SA","207_SA_3",28800,10800,10356.8670496229,9601.20700618684,9354.49220214941,8875.53523616406,7733.94445352493,4155.82782306562,3532.80755468214
"87","C.M.P.C. PAPELES S.A.","Santiago",1,"AGUSTINAS 1357 ENTREPISO",128,2,120,"SA","128_SA_2",28800,10800,10361.2063639558,9603.3707586101,9371.9662600215,8882.63690725279,7792.70650603438,4236.83188718935,3820.4223022989
"88","CADE IDP.SERV.DE INGENIERIA LTDA","—uÒoa",5,"VILLASECA 21 PISO 8",17,1,180,"NU","17_NU_1",28800,10800,10372.1640119301,9612.19218958475,9419.6146441627,8893.13387247284,7832.6729046965,4253.50839350041,3861.33018604729
"89","CADE IDP.SERV.DE INGENIERIA LTDA","—uÒoa",5,"JOSE DOMINGO CA—AS 2640",129,2,120,"NU","129_NU_2",28800,10800,10372.1640119301,9612.19218958475,9419.6146441627,8893.13387247284,7832.6729046965,4253.50839350041,3861.33018604729
"90","CAJA DE C.A.F.GABRIELA MISTRAL","Santiago",1,"AV. VICU—A MACKENNA 165 UNIDAD SUBSIDIOS",283,4,180,"SA","283_SA_4",28800,10800,10382.3425907293,9612.82397790074,9420.06429591684,8928.08961635875,7874.12490842199,4430.44077171057,4027.18349762904
"91","CAJA DE COMPENSAC.DE LOS ANDES","Las Condes",3,"ROSARIO SUR 85",355,5,150,"LC","355_LC_5",28800,10800,10403.3929575734,9625.97806099441,9435.98917897083,8943.27906907708,7884.58487095052,4454.69137251105,4151.82662183541
"92","CAJA DE COMPENSAC.DE LOS ANDES","Santiago",1,"HUERFANOS 1133 PISO 2",130,2,90,"SA","130_SA_2",28800,10800,10403.3929575734,9625.97806099441,9435.98917897083,8943.27906907708,7884.58487095052,4454.69137251105,4151.82662183541
"93","CAMARA DE COMERCIO DE SANTIAGO","Santiago",1,"MONJITAS 392 PISO 3",356,5,150,"SA","356_SA_5",28800,10800,10406.2087386238,9626.73171711552,9441.48483648555,8998.2054655809,7937.55846237226,4493.86371590346,4199.45806659005
"94","CAMPVS MATER S.A.","Providencia",2,"AV. PROVIDENCIA 1760 P.14",131,2,215,"PR","131_PR_2",28800,10800,10413.3740562013,9673.36954733584,9491.13974746285,9055.86909711744,7979.12710762932,4531.80057665724,4419.06629986908
"95","CARABINEROS DE CHILE","Santiago",1,"AMUNATEGUI  519 SUB DIR.TRANSITO P9",18,1,90,"SA","18_SA_1",28800,10800,10431.858256997,9683.84088596901,9491.53784284096,9085.9556666574,7989.34225443433,4553.49892328743,4432.23068881739
"96","CARABINEROS DE CHILE","Santiago",1,"ALAMEDA 1196 P 6 DPTO 2",208,3,90,"SA","208_SA_3",28800,10800,10431.858256997,9683.84088596901,9491.53784284096,9085.9556666574,7989.34225443433,4553.49892328743,4432.23068881739
"97","CARABINEROS DE CHILE","Santiago",1,"AMUNATEGUI 519 P 11",209,3,45,"SA","209_SA_3",28800,10800,10431.858256997,9683.84088596901,9491.53784284096,9085.9556666574,7989.34225443433,4553.49892328743,4432.23068881739
"98","CARABINEROS DE CHILE","Santiago",1,"AV BERNARDO OHIGGINS 1196 P 10 ADM CAJA",132,2,20,"SA","132_SA_2",28800,10800,10431.858256997,9683.84088596901,9491.53784284096,9085.9556666574,7989.34225443433,4553.49892328743,4432.23068881739
"99","CASA DE ESTUDIOS P.DE VALDIVIA","Santiago",1,"AGUSTINAS 1943 PISO 1",19,1,180,"SA","19_SA_1",28800,10800,10433.2369270904,9685.6939107175,9531.58185497071,9145.27406232002,7997.80782199423,4743.08918200499,4484.13480034479
"100","CASA DE ESTUDIOS P.DE VALDIVIA","Santiago",1,"AGUSTINAS 1943 PISO 1",210,3,180,"SA","210_SA_3",28800,10800,10433.2369270904,9685.6939107175,9531.58185497071,9145.27406232002,7997.80782199423,4743.08918200499,4484.13480034479
"101","CASA DE ESTUDIOS P.DE VALDIVIA","Santiago",1,"AGUSTINAS 1943",284,4,240,"SA","284_SA_4",28800,10800,10433.2369270904,9685.6939107175,9531.58185497071,9145.27406232002,7997.80782199423,4743.08918200499,4484.13480034479
"102","CHILECTRA S.A.","Santiago",1,"SANTA ROSA 76 PISO 4",134,2,60,"SA","134_SA_2",28800,10800,10433.3014495843,9687.38486412503,9559.74315429743,9155.90210845329,8034.1895012666,4877.14121839733,4663.3476142037
"103","CHILECTRA S.A.","Santiago",1,"VICTORIA 612 PISO 2",133,2,90,"SA","133_SA_2",28800,10800,10433.3014495843,9687.38486412503,9559.74315429743,9155.90210845329,8034.1895012666,4877.14121839733,4663.3476142037
"104","CHILECTRA S.A.","Santiago",1,"VICTORIA 612 PISO 2",357,5,60,"SA","357_SA_5",28800,10800,10433.3014495843,9687.38486412503,9559.74315429743,9155.90210845329,8034.1895012666,4877.14121839733,4663.3476142037
"105","CIA. AMERICANA DE MULTISERVICIOS LTDA.","Santiago",1,"TARAPACA 934 PISO 2",285,4,60,"SA","285_SA_4",28800,10800,10437.8542760703,9726.47760422268,9571.96235555628,9157.10356653232,8055.21998697404,4998.10588238597,4835.49504146452
"106","CIA. CERVECERIAS UNIDAS S.A.","Santiago",1,"BANDERA 84 P9",135,2,60,"SA","135_SA_2",28800,10800,10442.5019824538,9738.48081039054,9585.0704138691,9169.43238880715,8078.81029661568,5076.39683505371,5025.61302193936
"107","CIA. CERVECERIAS UNIDAS S.A.","Santiago",1,"BANDERA 84 PISO 8  DEPTO.TESORERIA",20,1,60,"SA","20_SA_1",28800,10800,10442.5019824538,9738.48081039054,9585.0704138691,9169.43238880715,8078.81029661568,5076.39683505371,5025.61302193936
"108","CIA. CHILENA DE PERFORACIONES LTDA.","Las Condes",3,"BENJAMIN 2935  PISO 8  OF.802",136,2,30,"LC","136_LC_2",28800,10800,10448.017969024,9807.33103140228,9622.59992433444,9206.00840230155,8083.37943943287,5096.48356155381,5255.6598599937
"109","CIA. MINERA DISPUTADA LAS CONDES LTDA.","Providencia",2,"PEDRO DE VALDIVIA 291 PISO 13",286,4,60,"PR","286_PR_4",28800,10800,10450.7427581297,9807.74866537197,9645.68353257431,9215.11210430605,8158.32008743995,5334.37971046887,5316.22134946005
"110","CIA. MINERA DISPUTADA LAS CONDES LTDA.","Las Condes",3,"LOS BRONCES PROYECTO SAN FRANC",360,5,10,"LC","360_LC_5",28800,10800,10450.7427581297,9807.74866537197,9645.68353257431,9215.11210430605,8158.32008743995,5334.37971046887,5316.22134946005
"111","CIA. MINERA DISPUTADA LAS CONDES LTDA.","Providencia",2,"P.DE VALDIVIA 291 PISO 1",358,5,70,"PR","358_PR_5",28800,10800,10450.7427581297,9807.74866537197,9645.68353257431,9215.11210430605,8158.32008743995,5334.37971046887,5316.22134946005
"112","CIA. MINERA DISPUTADA LAS CONDES LTDA.","Providencia",2,"AV. PEDRO DE VALDIVIA 291, 1 SUBTERRANEO",137,2,150,"PR","137_PR_2",28800,10800,10450.7427581297,9807.74866537197,9645.68353257431,9215.11210430605,8158.32008743995,5334.37971046887,5316.22134946005
"113","CIA. MINERA DISPUTADA LAS CONDES LTDA.","Las Condes",3,"LOS BRONCES,GERENCIA PLANTAS,S",359,5,10,"LC","359_LC_5",28800,10800,10450.7427581297,9807.74866537197,9645.68353257431,9215.11210430605,8158.32008743995,5334.37971046887,5316.22134946005
"114","CIA. MINERA DISPUTADA LAS CONDES LTDA.","Santiago",1,"PEDRO DE VALDIVIA 291 1 SUB",361,5,10,"SA","361_SA_5",28800,10800,10450.7427581297,9807.74866537197,9645.68353257431,9215.11210430605,8158.32008743995,5334.37971046887,5316.22134946005
"115","CIA.ELECTROMETALURGICA S.A.","—uÒoa",5,"AV. V.MACKENNA 1570 GCIA.. GEN",21,1,90,"NU","21_NU_1",28800,10800,10457.6052035741,9849.35811180391,9657.73693996856,9247.93079339743,8159.29245262346,5544.99828435795,5396.01810486553
"116","CIA.ELECTROMETALURGICA S.A.","—uÒoa",5,"AVDA VICU?A MACKENNA 1570 G COMERCIAL",211,3,40,"NU","211_NU_3",28800,10800,10457.6052035741,9849.35811180391,9657.73693996856,9247.93079339743,8159.29245262346,5544.99828435795,5396.01810486553
"117","CIENTOCHENTA GRADOS S.A.","Providencia",2,"NVA.LOS LEONES 07 PISO 10",362,5,240,"PR","362_PR_5",28800,10800,10479.8753888739,9853.94221076722,9663.6433349863,9259.71470069795,8163.4634858205,5759.93054304239,5460.09129547614
"118","CITIBANK N.A.","Providencia",2,"AV PROVIDENCIA 655",22,1,60,"PR","22_PR_1",28800,10800,10489.4326816248,9865.32950718789,9669.50652359582,9381.36019446314,8163.51399288083,6047.20574359504,5489.96233231773
"119","CITIBANK N.A.","Las Condes",3,"AV EL  BOSQUE  0500  P. 3",213,3,90,"LC","213_LC_3",28800,10800,10489.4326816248,9865.32950718789,9669.50652359582,9381.36019446314,8163.51399288083,6047.20574359504,5489.96233231773
"120","CITIBANK N.A.","Providencia",2,"PROVIDENCIA 2653  P 2",139,2,60,"PR","139_PR_2",28800,10800,10489.4326816248,9865.32950718789,9669.50652359582,9381.36019446314,8163.51399288083,6047.20574359504,5489.96233231773
"121","CITIBANK N.A.","Santiago",1,"HUERFANOS 770",140,2,50,"SA","140_SA_2",28800,10800,10489.4326816248,9865.32950718789,9669.50652359582,9381.36019446314,8163.51399288083,6047.20574359504,5489.96233231773
"122","CITIBANK N.A.","Santiago",1,"TEATINOS 180 P1",288,4,60,"SA","288_SA_4",28800,10800,10489.4326816248,9865.32950718789,9669.50652359582,9381.36019446314,8163.51399288083,6047.20574359504,5489.96233231773
"123","CITIBANK N.A.","Providencia",2,"ORREGOLUCO 58",287,4,90,"PR","287_PR_4",28800,10800,10489.4326816248,9865.32950718789,9669.50652359582,9381.36019446314,8163.51399288083,6047.20574359504,5489.96233231773
"124","CITIBANK N.A.","Santiago",1,"AHUMADA 40",212,3,40,"SA","212_SA_3",28800,10800,10489.4326816248,9865.32950718789,9669.50652359582,9381.36019446314,8163.51399288083,6047.20574359504,5489.96233231773
"125","CITIBANK N.A.","Vitacura",4,"O BRIEN 2235",138,2,90,"VI","138_VI_2",28800,10800,10489.4326816248,9865.32950718789,9669.50652359582,9381.36019446314,8163.51399288083,6047.20574359504,5489.96233231773
"126","CLINICA ALEMANA DE SANTIAGO S.A.","Vitacura",4,"CONCILIO VATICANO 6017",363,5,10,"VI","363_VI_5",28800,10800,10492.1492659003,9872.51045421371,9671.59638053143,9384.76842312187,8191.00787144029,6069.78347245606,5518.93483922386
"127","CLINICA ALEMANA DE SANTIAGO S.A.","Vitacura",4,"AV.  VITACURA 5951 CENTRO COPI",214,3,25,"VI","214_VI_3",28800,10800,10492.1492659003,9872.51045421371,9671.59638053143,9384.76842312187,8191.00787144029,6069.78347245606,5518.93483922386
"128","CLINITEST LTDA","Providencia",2,"RICARDO LYON 1899",215,3,45,"PR","215_PR_3",28800,10800,10498.3980492009,9876.29884012217,9680.20211436396,9385.70818910638,8237.64310326474,6165.06599638271,5561.89882131699
"129","CMPC CELULOSA S.A.","Santiago",1,"AGUSTINAS 1357  P2",23,1,90,"SA","23_SA_1",28800,10800,10501.1580697741,9948.89113897443,9733.99742232544,9391.99665061132,8255.09620658681,6205.99239985758,5683.6091128205
"130","COASIN CHILE S.A.","Providencia",2,"AV. HOLANDA 1292",24,1,100,"PR","24_PR_1",28800,10800,10503.1792923558,9996.79494608448,9742.48716810405,9410.59213593289,8256.3428797697,6233.48270081766,5759.87562551083
"131","COCA COLA DE CHILE S.A.","Las Condes",3,"AV. KENNEDY 5757 P.11",289,4,110,"LC","289_LC_4",28800,10800,10503.3474174465,9997.01024631934,9755.55161812608,9419.73272258373,8291.11330290258,6340.31939643984,5965.061256455
"132","COGAN GRUPO NORTE S.A.","Providencia",2,"MARCHANT PEREIRA 1030",25,1,90,"PR","25_PR_1",28800,10800,10509.8238824552,10001.0820670791,9803.61956160851,9474.75740426767,8348.74547055812,6425.94327292019,6140.50624032902
"133","COLEGIO CALASANZ","—uÒoa",5,"MONTENEGRO 661",141,2,150,"NU","141_NU_2",28800,10800,10521.2277105717,10012.8385317241,9839.12596308495,9485.27558093853,8396.56237132368,6558.23742581495,6281.50435825982
"134","COLEGIO CALASANZ","—uÒoa",5,"MONTENEGRO 661",26,1,420,"NU","26_NU_1",28800,10800,10521.2277105717,10012.8385317241,9839.12596308495,9485.27558093853,8396.56237132368,6558.23742581495,6281.50435825982
"135","COLEGIO DEL SAGRADO CORAZON","Las Condes",3,"SANTA MAGDALENA SOFIA 277",27,1,180,"LC","27_LC_1",28800,10800,10525.5489061027,10013.5883931794,9859.87312038886,9499.61426374494,8432.87824347469,6563.21752455585,6304.73375325424
"136","COMANDANCIA EN JEFE","Santiago",1,"ZENTENO 45 P.5 ALA NORTE AYUDANTIA",216,3,80,"SA","216_SA_3",28800,10800,10532.5570047215,10016.5857818264,9889.30009095095,9573.11792952699,8471.37973662918,6676.86793845488,6353.3450459961
"137","COMERCIAL CYP S.A.","Santiago",1,"ESTADO 10 OF. 1701",28,1,30,"SA","28_SA_1",28800,10800,10532.953278049,10025.9737189435,9896.95564477133,9605.27865234441,8516.24020967653,6695.5675172182,6518.08578728238
"138","COMERCIAL ECCSA S.A.","Santiago",1,"HUERFANOS 979  OF.401",29,1,60,"SA","29_SA_1",28800,10800,10534.8118920849,10035.6154100524,9899.41135367849,9629.55332633951,8522.39319648276,6697.96294787797,6538.2520349008
"139","COMERCIALIZADORA INTEGRAL LTDA.","Providencia",2,"ISIDORITA 143",364,5,1,"PR","364_PR_5",28800,10800,10543.8500404075,10048.1591747411,9917.68575895559,9646.04298051288,8608.30981648103,6769.92893818176,6604.08001354645
"140","COMERCIALIZADORA S.A.","Santiago",1,"ALAMEDA 757 P5",217,3,150,"SA","217_SA_3",28800,10800,10544.8308859003,10055.4725307788,9976.90426853214,9651.84705603349,8649.88684643686,6774.30590993435,7040.37202886892
"141","COMERCIALIZADORA S.A.","Santiago",1,"PUENTE 696 P.2 DPTO.CREDITO",365,5,120,"SA","365_SA_5",28800,10800,10544.8308859003,10055.4725307788,9976.90426853214,9651.84705603349,8649.88684643686,6774.30590993435,7040.37202886892
"142","COMERCIALIZADORA S.A.","Santiago",1,"PUENTE 640 DEPTO CREDITO P1",290,4,60,"SA","290_SA_4",28800,10800,10544.8308859003,10055.4725307788,9976.90426853214,9651.84705603349,8649.88684643686,6774.30590993435,7040.37202886892
"143","COMISION NACIONAL DE RIEGO","Santiago",1,"VALENTIN LETELIER 1350 P.1",291,4,150,"SA","291_SA_4",28800,10800,10546.0337086906,10067.533716623,10021.0635703729,9667.9906154415,8704.27489228727,6893.2893685517,7154.01351552835
"144","COMISION NACIONAL DEL MEDIO AMBIENTE","Providencia",2,"OBISPO DONOSO 6 PISO 6",292,4,50,"PR","292_PR_4",28800,10800,10560.215256472,10069.6988095046,10021.1751999856,9671.78998617059,8786.5383427439,6957.37362321695,7187.55167026722
"145","COMISION NACIONAL DEL MEDIO AMBIENTE","Providencia",2,"OBISPO DONOSO 6 PISO 1",293,4,165,"PR","293_PR_4",28800,10800,10560.215256472,10069.6988095046,10021.1751999856,9671.78998617059,8786.5383427439,6957.37362321695,7187.55167026722
"146","CONFECCIONES GERARD LTDA.","Santiago",1,"NATANIEL COX 1528",294,4,90,"SA","294_SA_4",28800,10800,10567.2506094044,10083.8847076228,10022.8958441654,9692.34937921286,8801.97909321378,6990.3047043391,7261.22537920852
"147","CONSEJO LOCAL DE DEPORTES LAS CONDES","Las Condes",3,"CERRO COLORADO 5435",142,2,50,"LC","142_LC_2",28800,10800,10569.2781624989,10088.3881787749,10029.8929674883,9707.42889566055,8806.97914458227,7066.43952807977,7270.84467481135
"148","CONSERVADOR DE BIENES RAICES","Santiago",1,"MORANDE 440 P.2",218,3,120,"SA","218_SA_3",28800,10800,10578.4981600177,10109.0103010903,10092.627247734,9718.41106063197,8816.49473288982,7161.46962322798,7417.79918389848
"149","CONSERVADOR DE BIENES RAICES","Santiago",1,"MORANDE 440 P.4",219,3,90,"SA","219_SA_3",28800,10800,10578.4981600177,10109.0103010903,10092.627247734,9718.41106063197,8816.49473288982,7161.46962322798,7417.79918389848
"150","CONSERVADOR DE BIENES RAICES","Santiago",1,"MORANDE 440  P.2",143,2,180,"SA","143_SA_2",28800,10800,10578.4981600177,10109.0103010903,10092.627247734,9718.41106063197,8816.49473288982,7161.46962322798,7417.79918389848
"151","CONSORCIO ARA-INGENDESA LTDA.","Santiago",1,"SAN ISIDRO 65",144,2,90,"SA","144_SA_2",28800,10800,10579.7522760469,10122.5231312343,10101.5541615375,9738.13283773034,8816.90598082188,7187.98209423971,7437.77433374921
"152","CONSORCIO NAC.SEG.S.A.CIA.SEG.V.","Las Condes",3,"CALLAO 2928 PISO 1",145,2,60,"LC","145_LC_2",28800,10800,10595.0925060552,10124.0019943428,10122.4242030422,9742.54927606776,8820.4246665807,7198.17541752283,7539.72913359126
"153","CONSORCIO NAC.SEG.S.A.CIA.SEG.V.","Santiago",1,"BANDERA 248 LC.1",146,2,165,"SA","146_SA_2",28800,10800,10595.0925060552,10124.0019943428,10122.4242030422,9742.54927606776,8820.4246665807,7198.17541752283,7539.72913359126
"154","CONSORCIO NAC.SEG.S.A.CIA.SEG.V.","Las Condes",3,"AV.EL BOSQUE SUR 180 P6 RRHH",147,2,30,"LC","147_LC_2",28800,10800,10595.0925060552,10124.0019943428,10122.4242030422,9742.54927606776,8820.4246665807,7198.17541752283,7539.72913359126
"155","CONSORCIO NAC.SEG.S.A.CIA.SEG.V.","Providencia",2,"EL BOSQUE 180 PISO 6",220,3,60,"PR","220_PR_3",28800,10800,10595.0925060552,10124.0019943428,10122.4242030422,9742.54927606776,8820.4246665807,7198.17541752283,7539.72913359126
"156","CONSTRA.ASOC.B Y C LTDA.","Providencia",2,"LAS URBINA 53 OF 141",30,1,60,"PR","30_PR_1",28800,10800,10596.9271840757,10152.7557376909,10137.9517873531,9762.92433524689,8832.32797071302,7224.31860129184,7552.15377762251
"157","CONSTRUCTORA CABO DE HORNOS LTDA.","Las Condes",3,"LINEO 6557",295,4,60,"LC","295_LC_4",28800,10800,10603.2916381017,10158.8686989107,10145.7624059138,9764.38130278663,8846.72023694997,7231.61595276765,7754.92044304858
"158","CONSTRUCTORA COPEVA S. A.","Santiago",1,"PHILLIPS 84 OF 49",366,5,20,"SA","366_SA_5",28800,10800,10604.6595051264,10165.4714939562,10148.5677744298,9782.20036889566,8869.30762026496,7414.14892046174,7850.72604793609
"159","CORPBANCA","Santiago",1,"HUERFANOS 1072   P8",32,1,90,"SA","32_SA_1",28800,10800,10611.3677023909,10167.9027323146,10149.4023680515,9791.07025166675,8913.99946050931,7501.45789514384,7868.53344548675
"160","CORPBANCA","Santiago",1,"ALAMEDA 2206 PISO 1",31,1,90,"SA","31_SA_1",28800,10800,10611.3677023909,10167.9027323146,10149.4023680515,9791.07025166675,8913.99946050931,7501.45789514384,7868.53344548675
"161","CORPORACION DE AYUDA AL PACIENTE MENTAL","Providencia",2,"MELCHOR CONCHA 9 BARRIO BELLAVISTA",367,5,15,"PR","367_PR_5",28800,10800,10613.3215204883,10208.6457543323,10196.3813216084,9804.0986149071,8941.58599896827,7508.05030150014,7927.22465377904
"162","COZ Y CIA. LTDA.","Las Condes",3,"AV LAS CONDES 11380 OF. 101",33,1,150,"LC","33_LC_1",28800,10800,10615.5496831268,10235.9088154539,10257.0074825178,9831.39591257415,8951.83004298989,7517.11044086854,7945.93914499485
"163","CTRO. DE ANALISIS Y ASES DE MERCADO  LTD","Providencia",2,"CARLOS ANTUNEZ  1843 DEPTO  105  BLOCK22",221,3,35,"PR","221_PR_3",28800,10800,10627.797757896,10243.1440220128,10257.3909643489,9836.1613065778,8986.91832494879,7646.6726519865,7957.90921811137
"164","DEFENSA CIVIL DE CHILE","Santiago",1,"VERGARA 135",296,4,90,"SA","296_SA_4",28800,10800,10631.7323660306,10259.4679002762,10286.8346077022,9838.36110280035,9048.60663744461,7763.40812768872,8061.51401170791
"165","DELOITTE & TOUCHE","Providencia",2,"PROVIDENCIA 1760 PISO 9",222,3,60,"PR","222_PR_3",28800,10800,10637.1596959767,10260.9224607979,10289.9481638054,9866.70087057976,9105.99637439847,7810.74354351219,8096.6093880577
"166","DELOITTE & TOUCHE OUTSOURCING S.A.","Providencia",2,"AV PROVIDENCIA 1760 PISO 6",223,3,40,"PR","223_PR_3",28800,10800,10641.6556768125,10291.1392351228,10292.334953092,9891.76111601758,9115.31494339553,7860.07681108382,8119.80643077236
"167","DELTOUR","Providencia",2,"MONSE?OR FELIX CABRERA 62",224,3,50,"PR","224_PR_3",28800,10800,10646.5338985614,10301.2457765322,10295.6150110568,9904.11384460202,9180.25014385813,7892.95234439598,8206.96865004821
"168","DERCO AUTOS S.A.","Las Condes",3,"AV KENNEDY 5601 1ER SUBTE",34,1,80,"LC","34_LC_1",28800,10800,10648.590877394,10315.1984703042,10310.5797761736,9906.42119681753,9206.94667239822,8018.46222688547,8221.085658237
"169","DIARIO EL SUR S.A.","Santiago",1,"CATEDRAL 1009   OF 306",148,2,90,"SA","148_SA_2",28800,10800,10651.9203111938,10315.3126646439,10310.638269372,9912.42521651696,9333.09652261091,8111.13124321351,8281.20646773077
"170","DILACO LTDA","Providencia",2,"PEREZ VALENZUELA  N? 1138 P 4",368,5,5,"PR","368_PR_5",28800,10800,10654.9391927022,10330.2985090148,10320.1076194665,9917.85654039106,9350.60290620451,8150.79789390843,8319.0355524806
"171","DIRECCION DEL TRABAJO","Santiago",1,"AGUSTINAS 1253 P.6 OF.601 PRES",369,5,120,"SA","369_SA_5",28800,10800,10659.2943325142,10347.8675091452,10325.4073471695,9923.24450639238,9355.77352965986,8244.32602055878,8319.38392494622
"172","DIRECCION DEL TRABAJO","Santiago",1,"AGUSTINAS 1253 PISO 6 OFIC. PA",370,5,140,"SA","370_SA_5",28800,10800,10659.2943325142,10347.8675091452,10325.4073471695,9923.24450639238,9355.77352965986,8244.32602055878,8319.38392494622
"173","DIRECCION NACIONAL GENDARMERIA DE CHILE","Santiago",1,"ROSAS 1274 PISO 3",225,3,80,"SA","225_SA_3",28800,10800,10663.4623827554,10358.7495942433,10354.4872123228,9944.03733616051,9362.41472732255,8282.23898349075,8590.03071296673
"174","DIRECCION NACIONAL GENDARMERIA DE CHILE","Santiago",1,"ROSAS 1274 PISO 1 (CONTAB Y PR",35,1,105,"SA","35_SA_1",28800,10800,10663.4623827554,10358.7495942433,10354.4872123228,9944.03733616051,9362.41472732255,8282.23898349075,8590.03071296673
"175","DISTRIBUIDORA AUTOMOTRIZ SANTIAGO S.A.","Santiago",1,"COQUIMBO 345",297,4,100,"SA","297_SA_4",28800,10800,10697.4080511902,10376.0929826591,10365.9224432627,9954.00006392813,9399.14594756822,8389.56622785044,8721.81470103506
"176","ECHEVERRIA,IZQUIERDO,ING. Y CONST. S.A.","Las Condes",3,"BENJAMIN 2944 PISO 2.",36,1,60,"LC","36_LC_1",28800,10800,10707.7815349592,10382.5298251919,10380.9647150825,9978.6598199744,9407.17810474094,8420.12426761957,8826.98325010343
"177","ECOLAB S.A.","Providencia",2,"PEDRO DE VALDIVIA 3801",298,4,120,"PR","298_PR_4",28800,10800,10709.8819836714,10383.3002881162,10418.2143267693,10029.4203866693,9461.88498195197,8436.27951370876,8866.48541384242
"178","EJERCITO DE CHILE DIRECCION DE LOGISTICA","Santiago",1,"ZENTENO 45 P 8",150,2,120,"SA","150_SA_2",28800,10800,10728.7366588572,10410.8037750685,10473.294546088,10036.6855938501,9486.03197236127,8515.80540918254,8949.89947529835
"179","EJERCITO DE CHILE DIRECCION DE LOGISTICA","Santiago",1,"ZENTENO 45 P.8 AYUDANTIA PERS.",149,2,235,"SA","149_SA_2",28800,10800,10728.7366588572,10410.8037750685,10473.294546088,10036.6855938501,9486.03197236127,8515.80540918254,8949.89947529835
"180","EJERCITO DE SALVACION","Santiago",1,"AV.ESPA—A 46-PISO 2",151,2,120,"SA","151_SA_2",28800,10800,10730.9057915979,10411.9048848,10486.9173136545,10054.4370983934,9487.78629288876,8604.98507641378,9045.41313053141
"181","EMBAJADA DE ITALIA","Providencia",2,"CLEMENTE FABRES 1050",38,1,80,"PR","38_PR_1",28800,10800,10736.0886408199,10428.8371385485,10499.7986436663,10093.2399548039,9492.02143028158,8695.42932882152,9058.07151679482
"182","EMBAJADA DE ITALIA","Providencia",2,"CLEMENTE FABRES 1050",371,5,30,"PR","371_PR_5",28800,10800,10736.0886408199,10428.8371385485,10499.7986436663,10093.2399548039,9492.02143028158,8695.42932882152,9058.07151679482
"183","EMBAJADA DE ITALIA","Providencia",2,"CLEMENTE FABRES 1050",37,1,60,"PR","37_PR_1",28800,10800,10736.0886408199,10428.8371385485,10499.7986436663,10093.2399548039,9492.02143028158,8695.42932882152,9058.07151679482
"184","EMBAJADA DE RUSIA","Las Condes",3,"COLON 4152",39,1,90,"LC","39_LC_1",28800,10800,10737.6906512856,10440.5352760698,10503.8039319964,10121.4807083024,9523.22273364035,8955.53394391184,9196.22377153771
"185","EMP.CONST.AVELLANEDA LTDA.","Providencia",2,"AV. LUIS TAYER OJEDA 0191 P 16",226,3,65,"PR","226_PR_3",28800,10800,10740.2269500682,10441.2522924288,10506.3247588937,10152.2702329691,9550.77970917513,8989.5655023186,9221.09868526296
"186","EMP.PARA EL DEPORTE Y LA SALUD LTDA","Las Condes",3,"AVDA LAS CONDES 13635",372,5,60,"LC","372_LC_5",28800,10800,10741.49792245,10458.6665280971,10516.7310086006,10174.1222371779,9552.62939169749,9006.369736801,9242.50138124736
"187","EMPRESA NACIONAL DE EXPLOSIVOS","Las Condes",3,"RENATO SANCHEZ 3859",227,3,120,"LC","227_LC_3",28800,10800,10743.5643248605,10461.029100244,10538.7886519276,10221.8265942017,9557.11410108827,9200.73052300463,9335.76810211406
"188","EMPRESAS C.M.P.C. S.A.","Santiago",1,"AGUSTINAS  1343 P.9",40,1,60,"SA","40_SA_1",28800,10800,10744.4068025088,10482.5591197343,10556.7875162247,10231.781378686,9564.31017080439,9340.07229375161,9361.51829757131
"189","EMPRESAS JUAN YARUR S.A.C.","Santiago",1,"MONEDA 920 OF.801",228,3,100,"SA","228_SA_3",28800,10800,10757.7892169817,10483.6151486094,10571.1818735457,10256.6329973722,9614.03028171723,9367.36794477844,9450.53745300704
"190","ENRIQUE OSIAC BROSKY","Las Condes",3,"LAS CONDESAS 2436",152,2,1,"LC","152_LC_2",28800,10800,10758.3029763989,10492.3753553316,10591.2037021724,10259.9362878119,9623.83374194802,9377.43817126978,9834.51742428802
"191","ENTEL PCS TELECOMUNICACIONES S.A.","Las Condes",3,"AV. ANDRES BELLO 2711 PISO 14",41,1,120,"LC","41_LC_1",28800,10800,10763.2375186901,10503.095286787,10632.7681664646,10296.0631330795,9633.01176627415,9503.38241229247,10007.8550835105
"192","ENTEL PCS TELECOMUNICACIONES S.A.","Providencia",2,"AV. ANDRES BELLO 2777 P11",42,1,60,"PR","42_PR_1",28800,10800,10763.2375186901,10503.095286787,10632.7681664646,10296.0631330795,9633.01176627415,9503.38241229247,10007.8550835105
"193","ESCUELA MILITAR","Las Condes",3,"LOS MILITARES 4500 1 COMPA?IA",299,4,60,"LC","299_LC_4",28800,10800,10763.2814952458,10528.2388093208,10673.9303008592,10317.5663198021,9644.36888368688,9519.58217473793,10143.895459063
"194","ESEDEI INGENIEROS S.A.","Santiago",1,"COYANCURA 2283 P7",43,1,207,"SA","43_SA_1",28800,10800,10765.7440451842,10535.0395444626,10674.0709058018,10398.5806184319,9660.54321333793,9704.92144706677,10192.4585425542
"195","ESTUDIO RAUL DE LA FUENTE M. Y CIA. LTDA","Santiago",1,"Agustinas 1235 of.32 Raul de la Fuente M",300,4,105,"SA","300_SA_4",28800,10800,10766.3257787568,10541.938956057,10711.1535183648,10440.0036660873,9678.33256255382,9744.10734309782,10223.5388305774
"196","EVASA S.A.","Santiago",1,"TEATINOS 449 PISO 3",301,4,75,"SA","301_SA_4",28800,10800,10767.8417956918,10543.4853782245,10724.5830334418,10447.0454458568,9694.73787257878,9746.41814150527,10275.3402252343
"197","EXAMENES DE LABORATORIOS S.A.","Providencia",2,"11 DE SEPTIEMBRE 1920 P4",44,1,25,"PR","44_PR_1",28800,10800,10771.137977048,10555.4989760263,10750.6760177219,10458.3494529002,9705.0180531404,9922.90145014449,10306.520447684
"198","EXTRACTOS NATURALES GELYMAR S.A.","Providencia",2,"AV. STA. MARIA 2050 P.3",153,2,230,"PR","153_PR_2",28800,10800,10780.8269571662,10596.6810639809,10792.7099668267,10494.0794243705,9731.84074915096,9955.78177807157,10313.3424284512
"199","FACH COMANDO LOGISTICO","Santiago",1,"ALAMEDA 1170 PISO 3",302,4,90,"SA","302_SA_4",28800,10800,10781.7062554744,10613.580793415,10810.3495669466,10495.0563961896,9761.08268243314,9997.86529062999,10360.0051474557
"200","FALABELLA Y CIA. CORREDORA DE SEGUROS LT","Santiago",1,"AHUMADA 179  PISO 9  CORREDORA",373,5,60,"SA","373_SA_5",28800,10800,10785.8359806134,10632.762302341,10822.1583552792,10516.4865403368,9785.71410265926,10148.7067747403,10388.691367358
"201","FED. INTERN. DE TRAB. DE LA IND. METALUR","Providencia",2,"PROV.2019 42-B P4",154,2,170,"PR","154_PR_2",28800,10800,10786.8678245791,10638.3831775978,10862.3054841413,10534.7578454135,9859.35825180305,10428.4137065199,10391.1731249252
"202","FED. INTERN. DE TRAB. DE LA IND. METALUR","Providencia",2,"PROV.2019 42-B P4",374,5,105,"PR","374_PR_5",28800,10800,10786.8678245791,10638.3831775978,10862.3054841413,10534.7578454135,9859.35825180305,10428.4137065199,10391.1731249252
"203","FED.NAC.DE TRABAJADORES DEL COBRE","Santiago",1,"GENERAL BUSTAMANTE 627 PISO 2",155,2,240,"SA","155_SA_2",28800,10800,10787.9344367973,10647.5948475873,10866.1124724766,10572.8232294793,9877.41769608835,10445.52424761,10413.4833867773
"204","FOCUS GROUP CONSULTORES LTDA.","Providencia",2,"ISIDORO GOYENECHEA 3621 P9 OF 902",375,5,170,"PR","375_PR_5",28800,10800,10817.3042232142,10651.7129400455,10870.3154732178,10573.7824230835,9881.72370636072,10486.6483066267,10459.6731580127
"205","FORWARD COMPUTACION LTDA","Santiago",1,"ALAMEDA 108 L 119",229,3,60,"SA","229_SA_3",28800,10800,10819.3833963069,10655.3273902812,10900.8469761136,10590.0895079335,9892.08807280308,10561.5422235198,10491.3194321884
"206","FUNDACION ALCAZAR","Providencia",2,"GUARDIA VIEJA 255 OF. 704",156,2,80,"PR","156_PR_2",28800,10800,10823.3048854343,10656.7570294897,10912.7064876451,10617.5666825046,9901.09304384248,10641.5184012419,10506.7080052046
"207","FUNDACION EDUCACIONAL TABANCURA","Vitacura",4,"LAS HUALTATAS 10030",45,1,75,"VI","45_VI_1",28800,10800,10825.3501981273,10657.6467701811,10917.0661517095,10625.6255683922,9907.236123727,10662.7895641177,10606.7912634685
"208","FUNDACION NACIONAL PARA LA SUPERACION DE","Santiago",1,"LONDRES 69",46,1,90,"SA","46_SA_1",28800,10800,10842.4379846506,10677.0826204322,10918.0697725998,10632.2560088945,9936.41616575254,10717.356707709,10639.8345458293
"209","FUNDACION NACIONAL PARA LA SUPERACION DE","Santiago",1,"LONDRES   69",47,1,90,"SA","47_SA_1",28800,10800,10842.4379846506,10677.0826204322,10918.0697725998,10632.2560088945,9936.41616575254,10717.356707709,10639.8345458293
"210","FUNDACION VIDA","Providencia",2,"RICCARDO MATTE PEREZ 0156",230,3,30,"PR","230_PR_3",28800,10800,10847.7400514581,10715.8990797301,10982.8309500445,10660.333603286,9972.13828750908,10748.6937406317,10658.9286470675
"211","GASTON FUENZALIDA PROPIEDADES LTDA","Las Condes",3,"REYES LAVALLE 3330",303,4,60,"LC","303_LC_4",28800,10800,10848.3953540659,10723.4360194892,11021.9772157754,10676.9851304934,9972.17028357459,10797.1804235177,10714.1738794193
"212","GOLDER ASSOCIATES S.A.","Providencia",2,"AV. 11 DE SEPTIEMBRE 2353 PISO16",376,5,75,"PR","376_PR_5",28800,10800,10853.9956070881,10736.5311774346,11032.7682820013,10719.6441853385,9978.41605991555,10984.8441467213,10798.9415809881
"213","GRAFHIKA COPY CENTER LTDA.","Vitacura",4,"ANDRES   BELLO 2879  P. 1",304,4,120,"VI","304_VI_4",28800,10800,10854.5994149831,10748.5786703645,11036.430978541,10723.7960785017,9989.9133729386,11000.3704599847,10836.6154217118
"214","GRAFHIKA COPY CENTER LTDA.","Santiago",1,"DOMEYKO 2338",231,3,80,"SA","231_SA_3",28800,10800,10854.5994149831,10748.5786703645,11036.430978541,10723.7960785017,9989.9133729386,11000.3704599847,10836.6154217118
"215","GRAFHIKA COPY CENTER LTDA.","Santiago",1,"TENDERINI 78",49,1,60,"SA","49_SA_1",28800,10800,10854.5994149831,10748.5786703645,11036.430978541,10723.7960785017,9989.9133729386,11000.3704599847,10836.6154217118
"216","GRAFHIKA COPY CENTER LTDA.","Santiago",1,"TENDERINI 78",306,4,270,"SA","306_SA_4",28800,10800,10854.5994149831,10748.5786703645,11036.430978541,10723.7960785017,9989.9133729386,11000.3704599847,10836.6154217118
"217","GRAFHIKA COPY CENTER LTDA.","Providencia",2,"GUARDIA VIEJA 240",305,4,25,"PR","305_PR_4",28800,10800,10854.5994149831,10748.5786703645,11036.430978541,10723.7960785017,9989.9133729386,11000.3704599847,10836.6154217118
"218","GRAFHIKA COPY CENTER LTDA.","Providencia",2,"GUARDIA VIEJA 240",377,5,30,"PR","377_PR_5",28800,10800,10854.5994149831,10748.5786703645,11036.430978541,10723.7960785017,9989.9133729386,11000.3704599847,10836.6154217118
"219","GRAFHIKA COPY CENTER LTDA.","Santiago",1,"STO.  DOMINGO  1862",157,2,150,"SA","157_SA_2",28800,10800,10854.5994149831,10748.5786703645,11036.430978541,10723.7960785017,9989.9133729386,11000.3704599847,10836.6154217118
"220","GRAFHIKA COPY CENTER LTDA.","Santiago",1,"DOMEYKO 2338",48,1,60,"SA","48_SA_1",28800,10800,10854.5994149831,10748.5786703645,11036.430978541,10723.7960785017,9989.9133729386,11000.3704599847,10836.6154217118
"221","GRAFHIKA COPY CENTER LTDA.","Providencia",2,"GUARDIA VIEJA 240",232,3,120,"PR","232_PR_3",28800,10800,10854.5994149831,10748.5786703645,11036.430978541,10723.7960785017,9989.9133729386,11000.3704599847,10836.6154217118
"222","GRAFICA LETRILANDIA LTDA.","Santiago",1,"PORTUGAL 658",307,4,120,"SA","307_SA_4",28800,10800,10857.4720424848,10755.1874468017,11062.9856436335,10727.2657159938,10023.3848881821,11022.5011371886,10866.5582324268
"223","GUERRERO DITEAUX RAUL","Santiago",1,"AV. VICUNA MACKENNA 856",233,3,40,"SA","233_SA_3",28800,10800,10870.7492713634,10757.8538122271,11067.2844538279,10769.9242432954,10027.509466429,11024.297304155,11027.2332993627
"224","HEIDRICK Y STRUGGLES DE CHILE LTDA.","Providencia",2,"AV ANDRES BELLO 2777  PISO 9 OF.903",378,5,30,"PR","378_PR_5",28800,10800,10873.5200679238,10784.1933267903,11078.611250173,10792.0217559078,10079.59634724,11040.1935537777,11041.0609868228
"225","HOCHTIEF CHILENA LTDA.","Las Condes",3,"AVDA EL BOSQUE NORTE 0440 P9 OF902",234,3,60,"LC","234_LC_3",28800,10800,10875.6833611397,10830.2817122003,11079.3536898968,10819.5421619043,10113.6447733299,11056.5092810866,11101.3004376399
"226","HONORATO, RUSSI A CIA. LTDA.","Las Condes",3,"ROGER DE FLOR 2736 PISO 6",235,3,120,"LC","235_LC_3",28800,10800,10886.902035097,10874.2890055818,11119.4879979512,10936.7110908178,10226.0363699244,11139.753119829,11126.8639203344
"227","HOTEL CORP.OF CHILE HYATT REGENCY","Las Condes",3,"ALONSO DE CORDOVA 4601 CENTRO NEGOCIOS",379,5,60,"LC","379_LC_5",28800,10800,10903.0670827538,10881.3115950597,11124.9244861631,10948.6251456485,10377.013758555,11143.6437586117,11130.3563595881
"228","HOTELES DE CHILE S.A.","Las Condes",3,"AVDA. KENNEDY 5741 P.1 RECEPCION",50,1,80,"LC","50_LC_1",28800,10800,10911.245354588,10885.0789675181,11141.164801902,10963.1581679593,10380.9877977565,11151.8494113426,11198.314967684
"229","HQI TRANSELEC CHILE S.A.","Providencia",2,"APOQUINDO 3721 PISO 6",158,2,85,"PR","158_PR_2",28800,10800,10914.2686844757,10889.6203790162,11151.1687930505,10994.3435985906,10405.0304343539,11172.1583098972,11259.5703744063
"230","I. MUNICIPALIDAD DE VITACURA","Vitacura",4,"SANCHO DE LA HOZ 3470 DIREC.DE OPERACI",236,3,90,"VI","236_VI_3",28800,10800,10915.2933277908,10893.3459625107,11197.8032933665,10997.4858723916,10420.3792690866,11223.4368202697,11818.3917023212
"231","I.MUNICIPALIDAD DE PROVIDENCIA","Providencia",2,"P DE VALDIVIA 963  DEPTO CATASTRO",308,4,30,"PR","308_PR_4",28800,10800,10916.5739202811,10934.6776942348,11211.6035681149,11003.0320631584,10547.4743770826,11329.0530114041,12389.4587717799
"232","I.MUNICIPALIDAD DE PROVIDENCIA","Providencia",2,"PEDRO DE VALDIVIA 963.DIREC.PROTEC CIVIL",237,3,70,"PR","237_PR_3",28800,10800,10916.5739202811,10934.6776942348,11211.6035681149,11003.0320631584,10547.4743770826,11329.0530114041,12389.4587717799
"233","I.MUNICIPALIDAD DE SANTIAGO","Santiago",1,"BALMACEDA  1114  3P",159,2,55,"SA","159_SA_2",28800,10800,10920.6823476967,10938.1827343179,11227.4087289538,11004.0358791761,10609.3151610209,11341.8887417479,12417.588389246
"234","I.MUNICIPALIDAD DE SANTIAGO","Santiago",1,"STO DOMINGO 916 PISO 7 OF.703 CENT.FOTO",51,1,90,"SA","51_SA_1",28800,10800,10920.6823476967,10938.1827343179,11227.4087289538,11004.0358791761,10609.3151610209,11341.8887417479,12417.588389246
"235","IMAX S. A.","Providencia",2,"PADRE MARIANO 277 P 3",160,2,60,"PR","160_PR_2",28800,10800,10927.1102516121,10939.675831096,11266.1466890332,11005.877566279,10621.5559984541,11386.0015786271,12658.9983044101
"236","IMPRESORA Y COMERCIAL TIEMPO FUTURO SA","Providencia",2,"ALMIRANTE PASTENE 259",309,4,60,"PR","309_PR_4",28800,10800,10931.6096034741,10965.7998452121,11287.8606026918,11019.2239828627,10658.5232690398,11435.1812340628,12726.8581374296
"237","IMPRESORA Y COMERCIAL TIEMPO FUTURO SA","Providencia",2,"ALMIRANTE PASTENE 259",310,4,120,"PR","310_PR_4",28800,10800,10931.6096034741,10965.7998452121,11287.8606026918,11019.2239828627,10658.5232690398,11435.1812340628,12726.8581374296
"238","INACAP","Las Condes",3,"AV. APOQUINDO 7282 P-3 SALA DE PROF.",161,2,180,"LC","161_LC_2",28800,10800,10932.5604329676,10994.804935381,11297.7338255994,11030.6456262763,10675.7261602987,11447.868014872,12739.0020381199
"239","INDUSTRIA TEXTIL MONARCH S.A.","Santiago",1,"VICUNA MACKENNA 1215 PISO 3",238,3,60,"SA","238_SA_3",28800,10800,10934.7342739759,10996.9794567604,11316.436007884,11033.8588421403,10677.4371470435,11488.3182719431,12750.471372966
"240","ING SALUD ISAPRE","Santiago",1,"MIRAFLORES 222 E/P",162,2,1,"SA","162_SA_2",28800,10800,10936.770545617,11006.3057841688,11317.7121704835,11090.2391977905,10718.6623643074,11514.5979537632,12803.8805179131
"241","ING SALUD S.A.","Santiago",1,"MORANDE 325 SUBTERRANEO",239,3,180,"SA","239_SA_3",28800,10800,10937.8525583081,11015.5917438101,11326.8544750782,11193.7444247313,10720.6956044507,11529.4630328132,13050.3032424877
"242","ING SEGUROS DE VIDA S.A.","Providencia",2,"COYANCURA 2283",52,1,30,"PR","52_PR_1",28800,10800,10938.5058650421,11026.3353073849,11334.476867593,11209.9367833839,10746.8776827176,11593.9103148859,13050.4007114263
"243","ING SEGUROS DE VIDA S.A.","Providencia",2,"COYANCURA 2283",240,3,60,"PR","240_PR_3",28800,10800,10938.5058650421,11026.3353073849,11334.476867593,11209.9367833839,10746.8776827176,11593.9103148859,13050.4007114263
"244","INGENIERIA ELECTRICA VOLTA LTDA.","—uÒoa",5,"JOSE MANUEL INFANTE 2670",53,1,90,"NU","53_NU_1",28800,10800,10944.6348481982,11061.429124391,11335.6291022813,11275.3279591088,10779.2697176491,11612.2585420832,13073.8841494294
"245","INGENIERIA Y CONST. KODAMA LTDA.","Providencia",2,"AVDA ELIODORO YA?EZ 1198",311,4,60,"PR","311_PR_4",28800,10800,10952.270542245,11075.9161829257,11337.400723449,11323.4650915468,10798.9571391396,11814.2384341639,13184.051015266
"246","INMOBIL. E INVERSIONES RUCA S.A.","Santiago",1,"MAC IVER 225 OF 302",241,3,20,"SA","241_SA_3",28800,10800,10954.5273340726,11087.5404503827,11348.0203617559,11334.8911411242,10834.554803935,11886.8644315327,13198.3266466673
"247","INMOBILIARIA NORTE VERDE S.A.","Las Condes",3,"ENRIQUE FOSTER SUR 20 PISO 14",55,1,60,"LC","55_LC_1",28800,10800,10974.5475803384,11104.7758671882,11373.8204372036,11336.2245591721,10836.9097489434,11971.7705182646,13500.5641369736
"248","INMOBILIARIA NORTE VERDE S.A.","Las Condes",3,"ENRIQUE FOSTER SUR 20 PISO 14",54,1,60,"LC","54_LC_1",28800,10800,10974.5475803384,11104.7758671882,11373.8204372036,11336.2245591721,10836.9097489434,11971.7705182646,13500.5641369736
"249","INSTITUTO DE ESTUDIOS GRAFICOS DE CHILE","Providencia",2,"CANADA 253  OF A  2257706",312,4,50,"PR","312_PR_4",28800,10800,10977.387771934,11109.3290360785,11383.395619534,11349.8700750031,10898.3114029028,12154.9823587927,13747.7497708921
"250","INSTITUTO HEBREO S.A.","Las Condes",3,"AV.LAS CONDES 13450",56,1,150,"LC","56_LC_1",28800,10800,10982.9456047648,11122.2524024454,11384.6613118575,11391.6329417329,10938.5796180975,12167.6526469086,14026.2460323859
"251","INSTITUTO NACIONAL DE DEPORTES","Providencia",2,"FIDEL OTEIZA 1956 P.3",313,4,50,"PR","313_PR_4",28800,10800,10984.2982231032,11122.3002139393,11404.8982989067,11394.8997019258,11015.672810732,12183.7078292875,14061.2168212529
"252","INSTITUTO NACIONAL DE DEPORTES","Providencia",2,"FIDEL OTEIZA 1956  P.8",163,2,120,"PR","163_PR_2",28800,10800,10984.2982231032,11122.3002139393,11404.8982989067,11394.8997019258,11015.672810732,12183.7078292875,14061.2168212529
"253","INTERPLUS S.A.","—uÒoa",5,"JOSE P.ALESSANDRI 1800",164,2,90,"NU","164_NU_2",28800,10800,10984.6476768338,11127.3986691603,11473.7700194398,11410.2957258784,11064.4621759086,12421.4131214881,14295.1389641953
"254","INVERSIONES Y SERVICIOS S.A.","Santiago",1,"HUERFANOS 979 P 7",314,4,20,"SA","314_SA_4",28800,10800,10989.5618489312,11137.8926161951,11492.8775222354,11423.2428998665,11067.5809962264,12471.300804541,14379.4595056181
"255","ISAPRE COLMENA GOLDEN CROSS S.A.","Las Condes",3,"APOQUINDO 5009 DPTO DE OPERACIONES",380,5,234,"LC","380_LC_5",28800,10800,11005.404259476,11148.429985509,11495.5032655117,11427.7379784206,11136.0614501726,12508.4338283214,14626.2804789705
"256","ISAPRE CONSALUD S.A.","Santiago",1,"ALAMEDA 1511 P.7",59,1,60,"SA","59_SA_1",28800,10800,11014.7160570926,11154.0821942194,11505.8616421344,11441.3968373464,11268.0127793532,12543.511846862,14839.7381910541
"257","ISAPRE CONSALUD S.A.","Santiago",1,"SAN MARTIN 30 PISO 1",57,1,60,"SA","57_SA_1",28800,10800,11014.7160570926,11154.0821942194,11505.8616421344,11441.3968373464,11268.0127793532,12543.511846862,14839.7381910541
"258","ISAPRE CONSALUD S.A.","Santiago",1,"ALAMEDA 1511 P.7",58,1,60,"SA","58_SA_1",28800,10800,11014.7160570926,11154.0821942194,11505.8616421344,11441.3968373464,11268.0127793532,12543.511846862,14839.7381910541
"259","ISAPRE PROMEPART","Santiago",1,"MERCED 280 PISO 3",165,2,120,"SA","165_SA_2",28800,10800,11018.4970650748,11156.2302600699,11526.3678629904,11492.0969473745,11282.0241125582,12572.8755196879,14854.1073557078
"260","ISE LAS AMERICAS CIA DE SEG DE VIDA S.A.","Las Condes",3,"AV. EL BOSQUE NORTE 0177 OF. 602",60,1,90,"LC","60_LC_1",28800,10800,11024.045454092,11157.9784942632,11534.2237920044,11500.6154979765,11286.0608596514,12618.4126957142,14875.1417323967
"261","JOHNSON`S S.A.","Santiago",1,"—UBLE   1055  P. 2",167,2,60,"SA","167_SA_2",28800,10800,11036.54362757,11164.6627770554,11535.2182485819,11521.2592558701,11302.545353035,12814.3867375172,14997.7533385979
"262","JOHNSON`S S.A.","Santiago",1,"AGUSTINAS 978",64,1,10,"SA","64_SA_1",28800,10800,11036.54362757,11164.6627770554,11535.2182485819,11521.2592558701,11302.545353035,12814.3867375172,14997.7533385979
"263","JOHNSON`S S.A.","Santiago",1,"AHUMADA 55 PISO 2",62,1,150,"SA","62_SA_1",28800,10800,11036.54362757,11164.6627770554,11535.2182485819,11521.2592558701,11302.545353035,12814.3867375172,14997.7533385979
"264","JOHNSON`S S.A.","Santiago",1,"NUBLE 1034 PISO 2",61,1,30,"SA","61_SA_1",28800,10800,11036.54362757,11164.6627770554,11535.2182485819,11521.2592558701,11302.545353035,12814.3867375172,14997.7533385979
"265","JOHNSON`S S.A.","Santiago",1,"AVDA. KENNEDY 5413 L-123",166,2,40,"SA","166_SA_2",28800,10800,11036.54362757,11164.6627770554,11535.2182485819,11521.2592558701,11302.545353035,12814.3867375172,14997.7533385979
"266","JOHNSON`S S.A.","Santiago",1,"—UBLE 1008 REC HUMANOS",65,1,30,"SA","65_SA_1",28800,10800,11036.54362757,11164.6627770554,11535.2182485819,11521.2592558701,11302.545353035,12814.3867375172,14997.7533385979
"267","JOHNSON`S S.A.","Santiago",1,"MATIAS COUSI—O  64 E P OF 1",63,1,75,"SA","63_SA_1",28800,10800,11036.54362757,11164.6627770554,11535.2182485819,11521.2592558701,11302.545353035,12814.3867375172,14997.7533385979
"268","JOHNSON`S S.A.","Santiago",1,"SAN DIEGO 1856 PISO 2 AUDITORIA",381,5,60,"SA","381_SA_5",28800,10800,11036.54362757,11164.6627770554,11535.2182485819,11521.2592558701,11302.545353035,12814.3867375172,14997.7533385979
"269","KOCH INGENIERIA (CHILE) LTDA.","Las Condes",3,"EL BOSQUE NORTE 0440 OF.1202",242,3,40,"LC","242_LC_3",28800,10800,11038.115309287,11178.53549208,11574.891140713,11552.7283131728,11359.4724669041,12848.6537805872,15122.1002855744
"270","KPMG JERIA Y ASOC. AUDIT. CONSULT. LTDA.","Santiago",1,"MONJITAS 527 PISO 13 OF 1304",315,4,180,"SA","315_SA_4",28800,10800,11039.3259542983,11178.8583090758,11614.8412877184,11572.5809091367,11373.2779979251,12850.4017425984,15928.7707947415
"271","LABORATORIO CHILE S.A.","—uÒoa",5,"AV MARATON 1315",316,4,60,"NU","316_NU_4",28800,10800,11042.6269845802,11186.5283045603,11625.4346016386,11576.0055654091,11376.8728592509,12862.302634745,16041.4323581578
"272","LABORATORIO RECALCINE","Providencia",2,"PEDRO DE VALDIVIA 428",66,1,75,"PR","66_PR_1",28800,10800,11051.1716494837,11187.7326964833,11634.9348726923,11631.3293470845,11395.6469763852,12907.2183086714,16156.1061011064
"273","LABORATORIO RIDER S.A.","Santiago",1,"PLACER 1354  PISO 2",168,2,60,"SA","168_SA_2",28800,10800,11054.0274089505,11220.5657699171,11639.1465826183,11719.0857117142,11503.2355266821,13061.6068760486,16202.4713370301
"274","LAS AGUILAS LTDA.","Santiago",1,"BANDERA 84 P2 OF 215",67,1,60,"SA","67_SA_1",28800,10800,11058.6522811763,11229.2050828162,11653.917119598,11753.8485345501,11516.6225882517,13069.2058047388,16257.9367268053
"275","LE MANS ISE CIA.DE SEG.GENERALES S.A.","Las Condes",3,"ENCOMENDEROS 138",317,4,45,"LC","317_LC_4",28800,10800,11075.9944290366,11237.5208582832,11657.6260514929,11787.3980350686,11593.1476747794,13077.869217658,16305.2212087627
"276","LEXIS NEXIS CHILE LTDA","Santiago",1,"MIRAFLORES 383 P.12",243,3,120,"SA","243_SA_3",28800,10800,11083.0262154096,11242.9885468562,11659.6517073381,11806.2217208444,11637.5423421166,13106.9511702711,16381.4953538995
"277","LEXIS NEXIS CHILE LTDA","Santiago",1,"MIRAFLORES  383 PISO 12",318,4,240,"SA","318_SA_4",28800,10800,11083.0262154096,11242.9885468562,11659.6517073381,11806.2217208444,11637.5423421166,13106.9511702711,16381.4953538995
"278","LIBRERIA GONZALEZ Y ASPE LTDA","Santiago",1,"LIRA 192 LOCAL G",68,1,120,"SA","68_SA_1",28800,10800,11096.3671436605,11244.90226981,11666.2066464875,11810.4878666734,11706.434841426,13157.965662247,16417.2114865986
"279","LOPEZ MARTINEZ MARIA EUGENIA","Vitacura",4,"VITACURA 8400 LOCAL   D",69,1,60,"VI","69_VI_1",28800,10800,11097.5535530748,11269.7148938721,11673.4753359058,11879.2844650944,11720.8931429079,13181.7699501828,16441.8675527656
"280","MANQUEHUE NET S.A.","Providencia",2,"11 DE SEPTIEMBRE 2260 LOC 51",382,5,30,"PR","382_PR_5",28800,10800,11098.8499505291,11272.4398431669,11709.6700394222,11897.7634262769,11729.6863595486,13205.764791664,16608.1349892267
"281","MARIANA THOMSEN Y CIA.LTDA.","Providencia",2,"MANUEL MONTT 2000",319,4,90,"PR","319_PR_4",28800,10800,11109.2853900389,11274.7378329191,11724.3792605098,11926.9921416285,11794.0723351617,13267.3716869002,16626.2831366965
"282","MAX HUBER REPROTECNICA LTDA.","Providencia",2,"GENERAL DEL CANTO 276",71,1,520,"PR","71_PR_1",28800,10800,11113.2607573045,11307.443644231,11762.3325061097,11932.3597691683,11858.3212902051,13285.490107157,16744.2446465669
"283","MAX HUBER REPROTECNICA LTDA.","Santiago",1,"MIRAFLORES 109",70,1,180,"SA","70_SA_1",28800,10800,11113.2607573045,11307.443644231,11762.3325061097,11932.3597691683,11858.3212902051,13285.490107157,16744.2446465669
"284","MAX HUBER REPROTECNICA LTDA.","Santiago",1,"MIRAFLORES 109",170,2,120,"SA","170_SA_2",28800,10800,11113.2607573045,11307.443644231,11762.3325061097,11932.3597691683,11858.3212902051,13285.490107157,16744.2446465669
"285","MAX HUBER REPROTECNICA LTDA.","Santiago",1,"MONEDA 1045",244,3,80,"SA","244_SA_3",28800,10800,11113.2607573045,11307.443644231,11762.3325061097,11932.3597691683,11858.3212902051,13285.490107157,16744.2446465669
"286","MAX HUBER REPROTECNICA LTDA.","Las Condes",3,"APOQUINDO 4900-LOCAL 82",169,2,135,"LC","169_LC_2",28800,10800,11113.2607573045,11307.443644231,11762.3325061097,11932.3597691683,11858.3212902051,13285.490107157,16744.2446465669
"287","MINERA LAS CENIZAS S.A.","Providencia",2,"CORONEL 2354",171,2,65,"PR","171_PR_2",28800,10800,11113.5368630708,11314.7294316579,11764.2060438174,11945.8035836129,11859.5849097955,13322.6459636671,16809.8315376149
"288","MINIST DE DEFENSA SUBSEC INVEST","—uÒoa",5,"AV JOSE PEDRO ALESSANDRI 1800",172,2,60,"NU","172_NU_2",28800,10800,11117.266452243,11323.9254847785,11770.2734086271,11969.9861460962,11872.7589402209,13373.6543327841,17055.733375578
"289","MINISTERIO DEL INTERIOR","Santiago",1,"PALACIO DE LA MONEDA OF.110",321,4,240,"SA","321_SA_4",28800,10800,11145.6005634649,11347.9210891288,11784.6480333003,11991.355885622,11943.8080783031,13494.1708080488,17070.0711734536
"290","MINISTERIO DEL INTERIOR","Santiago",1,"AGUSTINAS  1235  P. 4",383,5,240,"SA","383_SA_5",28800,10800,11145.6005634649,11347.9210891288,11784.6480333003,11991.355885622,11943.8080783031,13494.1708080488,17070.0711734536
"291","MINISTERIO DEL INTERIOR","Providencia",2,"TORRES BOONEN 511 PISO 1",73,1,120,"PR","73_PR_1",28800,10800,11145.6005634649,11347.9210891288,11784.6480333003,11991.355885622,11943.8080783031,13494.1708080488,17070.0711734536
"292","MINISTERIO DEL INTERIOR","Santiago",1,"AGUSTINAS 1235 P.8",72,1,195,"SA","72_SA_1",28800,10800,11145.6005634649,11347.9210891288,11784.6480333003,11991.355885622,11943.8080783031,13494.1708080488,17070.0711734536
"293","MINISTERIO DEL INTERIOR","Santiago",1,"PALACIO DE MONEDA GAB. SR MINISTRO",320,4,120,"SA","320_SA_4",28800,10800,11145.6005634649,11347.9210891288,11784.6480333003,11991.355885622,11943.8080783031,13494.1708080488,17070.0711734536
"294","MINISTERIO DEL INTERIOR","Santiago",1,"AGUSTINAS 1235 PISO 3 OF.DERECHOS HUMANO",322,4,90,"SA","322_SA_4",28800,10800,11145.6005634649,11347.9210891288,11784.6480333003,11991.355885622,11943.8080783031,13494.1708080488,17070.0711734536
"295","MINISTERIO SECRETARIA GRAL. DE GOBIERNO","Santiago",1,"TEATINOS 20 OF.47",245,3,160,"SA","245_SA_3",28800,10800,11146.6216430682,11348.3724268165,11786.3168080625,12058.6129174589,11996.2369562475,13569.2162328496,17366.0986962803
"296","MINISTERIO SECRETARIA GRAL. DE GOBIERNO","Santiago",1,"ALAMEDA 886 PISO 2 ALA NORTE",384,5,240,"SA","384_SA_5",28800,10800,11146.6216430682,11348.3724268165,11786.3168080625,12058.6129174589,11996.2369562475,13569.2162328496,17366.0986962803
"297","MINISTERIO SECRETARIA GRAL. DE GOBIERNO","Santiago",1,"PALACIO MONEDA  P 4 DUPLICACION",323,4,120,"SA","323_SA_4",28800,10800,11146.6216430682,11348.3724268165,11786.3168080625,12058.6129174589,11996.2369562475,13569.2162328496,17366.0986962803
"298","MITSUI TRADING AND SERVICE LTDA.","Las Condes",3,"AV ANDRES BELLO 2711 P 11",246,3,100,"LC","246_LC_3",28800,10800,11148.1569478427,11370.9978135849,11788.1283812224,12062.8121854307,12003.8452691077,13572.7503441904,17419.1726449744
"299","MMRR.EE.DIR.RELAC.ECONOM.INTERNC","Santiago",1,"TEATINOS 20 P.9 PRO CHILE OF. 91",247,3,90,"SA","247_SA_3",28800,10800,11149.1038913963,11392.1406509899,11788.1510803706,12104.4051630633,12004.8150337922,13623.21118241,17436.3691783631
"300","MONTRONE PLA S.A.","Santiago",1,"SANTA R0SA 2055 P 3 RRHH",74,1,60,"SA","74_SA_1",28800,10800,11152.0284645659,11395.667770851,11808.1492120489,12247.5127679955,12105.1207094854,13790.7767708288,17454.6966658791
"301","MOP DIRECCION GENERAL","Santiago",1,"MORANDE 59 P10  DIR.ARQUITEC.OF.1015",75,1,75,"SA","75_SA_1",28800,10800,11153.1944153302,11402.6611546581,11810.9199686742,12253.90653143,12164.8194764594,13873.1329743318,17564.1057848573
"302","MOP DIRECCION GENERAL","Santiago",1,"MORANDE 59 P 7 OF. DE PARTES",174,2,360,"SA","174_SA_2",28800,10800,11153.1944153302,11402.6611546581,11810.9199686742,12253.90653143,12164.8194764594,13873.1329743318,17564.1057848573
"303","MOP DIRECCION GENERAL","Santiago",1,"MORANDE 59 P 10 EDIF.PUBLICA OF.1001",173,2,55,"SA","173_SA_2",28800,10800,11153.1944153302,11402.6611546581,11810.9199686742,12253.90653143,12164.8194764594,13873.1329743318,17564.1057848573
"304","MOP DIRECCION GENERAL","Santiago",1,"BOMBERO SALAS 1351 P 7",175,2,90,"SA","175_SA_2",28800,10800,11153.1944153302,11402.6611546581,11810.9199686742,12253.90653143,12164.8194764594,13873.1329743318,17564.1057848573
"305","MOP DIRECCION GENERAL","Santiago",1,"MORANDE 59  P4  (FISCALIA)",385,5,60,"SA","385_SA_5",28800,10800,11153.1944153302,11402.6611546581,11810.9199686742,12253.90653143,12164.8194764594,13873.1329743318,17564.1057848573
"306","MULTINEGOCIOS S.A.","Santiago",1,"AGUSTINAS 785 P.9",248,3,60,"SA","248_SA_3",28800,10800,11159.6096472802,11411.8397910384,11813.5787961349,12264.7575487638,12173.500203179,14007.5642829061,17650.835946925
"307","MUTUAL DE SEGURIDAD C CH. C","Santiago",1,"ALAMEDA 4848  HOLL",176,2,90,"SA","176_SA_2",28800,10800,11161.3705361814,11415.471140356,11818.3544015425,12286.0683423075,12175.8371515282,14059.4075039234,17668.8396749628
"308","MUTUALIDAD DEL EJERCITO Y AVIACION","Providencia",2,"AV. 11 DE SEPTIEMBRE 2336 P.2",177,2,50,"PR","177_PR_2",28800,10800,11169.3043372375,11428.9478120897,11835.059874721,12333.4695861448,12179.449507113,14120.27928406,17712.1709207235
"309","NCR CHILE LTDA.","Santiago",1,"MIRAFLORES 383 P.17",249,3,75,"SA","249_SA_3",28800,10800,11170.0531444664,11471.1304660257,11841.5588583681,12350.8405778159,12194.0876448789,14141.6377978268,17898.9135826094
"310","NETCO LTDA.","Santiago",1,"EJERCITO LIBERTADOR 146 SALA MULTIUSO",76,1,100,"SA","76_SA_1",28800,10800,11170.4949085436,11473.0930100132,11849.7136405265,12419.4563374837,12327.4256060055,14151.6395383793,17916.5307821066
"311","NOTARIA PATRICIO RABY BENAVENTE","Santiago",1,"MONEDA 920 P 2 OF 205",250,3,60,"SA","250_SA_3",28800,10800,11176.8924207718,11488.583026579,11850.4706565605,12473.2827543769,12338.1817487063,14245.651156695,18267.0967697316
"312","NOTARIA PATRICIO RABY BENAVENTE","Santiago",1,"MONEDA 920 P 2 OF 205",77,1,120,"SA","77_SA_1",28800,10800,11176.8924207718,11488.583026579,11850.4706565605,12473.2827543769,12338.1817487063,14245.651156695,18267.0967697316
"313","NOVARTIS CHILE S.A.","—uÒoa",5,"FRANCISCO MENESES 1980",178,2,20,"NU","178_NU_2",28800,10800,11181.7938492097,11491.6712527711,11908.6229424714,12522.4692940243,12353.711277733,14265.1634190538,18541.6996987317
"314","OLIMPIA  SCHNEIDER MOENNE-LOCCOZ","Santiago",1,"HUERFANOS 1055 LOCAL 328",324,4,130,"SA","324_SA_4",28800,10800,11195.2955560879,11522.2820674814,11921.468686771,12528.8500700203,12425.7169301898,14266.1824450502,18558.9463521759
"315","PARIS CORREDORES DE SEGUROS LTDA.","Providencia",2,"RICARDO LYON 222 P9 OF 901",325,4,180,"PR","325_PR_4",28800,10800,11196.7628832861,11524.8263211978,11959.245720641,12565.3358081283,12429.654493008,14313.8912129689,18692.0334822548
"316","PATINO SABAG EDUARDO","Santiago",1,"COMPA?IA 1390 OF. 909",386,5,90,"SA","386_SA_5",28800,10800,11206.073499583,11537.0111896114,11985.4239057218,12571.9916393066,12461.1880355859,14374.5703325036,18725.4219532601
"317","PATRONATO NAC. DE LA INFANCIA","Providencia",2,"PEDRO DE VALDIVIA 844",179,2,100,"PR","179_PR_2",28800,10800,11210.0721051963,11579.8709351735,12068.2185680379,12624.8473356754,12480.0223868246,14425.3293690482,18948.6154403215
"318","PCS-CORP","Providencia",2,"11 DE SEPTIEMBRE 2155 OF. 903, TORRE A",251,3,60,"PR","251_PR_3",28800,10800,11223.1030456646,11596.9466974908,12090.3279329554,12633.3290291192,12486.5561843758,14477.2198890987,18993.2033527651
"319","PIRELLI NEUMATICOS","Las Condes",3,"AV. NVA TAJAMAR 555  OF 302",180,2,60,"LC","180_LC_2",28800,10800,11225.6560173306,11612.1082308443,12166.463788051,12639.3067823168,12509.5619164059,14529.2055615293,18995.4555701933
"320","PONTIFICIA UNIVERSIDAD CATOLICA","Santiago",1,"LIRA 41 DPTO 5    (130)",326,4,1,"SA","326_SA_4",28800,10800,11227.5688297096,11618.5700062199,12229.1673660713,12655.2063188729,12566.5979840934,14536.9535528501,19050.0074038266
"321","PONTIFICIA UNIVERSIDAD CATOLICA","Santiago",1,"EL COMENDADOR 1946 ADM.CAMPUS LO CONTADO",78,1,60,"SA","78_SA_1",28800,10800,11227.5688297096,11618.5700062199,12229.1673660713,12655.2063188729,12566.5979840934,14536.9535528501,19050.0074038266
"322","PONTIFICIA UNIVERSIDAD CATOLICA","Santiago",1,"MARCOLETA 345 P 2 B. SANGRE (320)",79,1,100,"SA","79_SA_1",28800,10800,11227.5688297096,11618.5700062199,12229.1673660713,12655.2063188729,12566.5979840934,14536.9535528501,19050.0074038266
"323","PONTIFICIA UNIVERSIDAD CATOLICA","Las Condes",3,"MALL ALTO LAS CONDES LOCAL 1106",181,2,120,"LC","181_LC_2",28800,10800,11227.5688297096,11618.5700062199,12229.1673660713,12655.2063188729,12566.5979840934,14536.9535528501,19050.0074038266
"324","PONTIFICIA UNIVERSIDAD CATOLICA","Santiago",1,"MARCOLETA 352  SALUD PUBLICA P1(670)",252,3,55,"SA","252_SA_3",28800,10800,11227.5688297096,11618.5700062199,12229.1673660713,12655.2063188729,12566.5979840934,14536.9535528501,19050.0074038266
"325","PORTA SYSTEMS CHILE","Santiago",1,"LIVINGSTONE 72",387,5,90,"SA","387_SA_5",28800,10800,11231.4062105635,11626.8443241013,12230.8395773398,12691.2518718722,12614.54461438,14681.5496927606,19109.5137130809
"326","PRECISION HISPANA","Santiago",1,"EJERCITO 521 PISO 2",80,1,90,"SA","80_SA_1",28800,10800,11235.5144136865,11651.7493289542,12233.6249285116,12708.3540894381,12631.68664635,14843.611381638,19199.6143120081
"327","PREFECTURA CARABINEROS SANTIAGO CENTRO","Santiago",1,"STO DOMINGO 714 1 COMIS STGO",81,1,60,"SA","81_SA_1",28800,10800,11236.664954059,11676.9401565216,12236.0593516106,12734.1155323002,12643.9922169308,15078.8297098447,19374.6431775585
"328","PRESIDENCIA DE LA REPUBLICA","Santiago",1,"NUEVA YORK 9 PISO 17",388,5,60,"SA","388_SA_5",28800,10800,11237.3610092871,11684.5050582879,12255.0590354533,12744.2048010975,12652.080089241,15183.0460239856,19690.8292558654
"329","PROCESOS INTEGRALES VIVACOOP S.A.","Santiago",1,"AHUMADA 341 PISO 6",389,5,90,"SA","389_SA_5",28800,10800,11240.4001806142,11691.2182410352,12263.8080657165,12754.2638824686,12817.8698653761,15247.7849910762,20189.8850460088
"330","PROCESOS INTEGRALES VIVACOOP S.A.","Santiago",1,"AHUMADA 341 PISO 6",253,3,60,"SA","253_SA_3",28800,10800,11240.4001806142,11691.2182410352,12263.8080657165,12754.2638824686,12817.8698653761,15247.7849910762,20189.8850460088
"331","PROSPECTA S.A.","Vitacura",4,"VITACURA 2736 P-18",82,1,30,"VI","82_VI_1",28800,10800,11247.6391638047,11694.0260019736,12265.2030821367,12759.1690519464,12831.620933111,15254.4694366621,20452.4296403628
"332","PUBLICITARIA SUTIL Y ASOCIADOS S.A","Las Condes",3,"SAN SEBASTIAN 2909 OF 101",390,5,180,"LC","390_LC_5",28800,10800,11248.6610001015,11699.8035192468,12365.5134746923,12781.2273513267,12834.2118846549,15329.3732031159,20512.8749274505
"333","RED DE TELEVISION CHILEVISION S. A.","Providencia",2,"INES MATTE URREJOLA 0825",255,3,150,"PR","255_PR_3",28800,10800,11251.0081685948,11701.2071124963,12401.1493277164,12784.3042048307,12875.0528985048,15348.9371886339,20625.0099268881
"334","RED DE TELEVISION CHILEVISION S. A.","Providencia",2,"INES MATTE URREJOLA 0825",254,3,60,"PR","254_PR_3",28800,10800,11251.0081685948,11701.2071124963,12401.1493277164,12784.3042048307,12875.0528985048,15348.9371886339,20625.0099268881
"335","RENE WIEGAND KOCH Y CIA LTDA","Providencia",2,"PIO NONO 1  PISO 4 FAC.DERECHO",256,3,90,"PR","256_PR_3",28800,10800,11251.8561057259,11744.8143466624,12424.2322754142,12813.5729719394,12878.7426059472,15364.1872661862,20814.202630882
"336","ROENSA S.A.","Santiago",1,"NATANIEL COX 1481",257,3,5,"SA","257_SA_3",28800,10800,11267.3327413999,11809.2078793937,12467.0893073751,12814.7850348954,12886.9407398861,15419.8341257183,20891.2165703863
"337","RUIZ RUIZ ANGEL GASPAR","Santiago",1,"MIRAFLORES 211",258,3,120,"SA","258_SA_3",28800,10800,11277.0949445107,11811.3308641258,12496.5189220596,12836.2525296954,12925.1039686579,15428.916117433,21010.6948502701
"338","RUIZ RUIZ ANGEL GASPAR","Santiago",1,"MIRAFLORES 211",83,1,240,"SA","83_SA_1",28800,10800,11277.0949445107,11811.3308641258,12496.5189220596,12836.2525296954,12925.1039686579,15428.916117433,21010.6948502701
"339","S.A.C.I. FALABELLA","Santiago",1,"ROSAS 1665 P.2 GCIA. ADM. Y FINANZAS",327,4,120,"SA","327_SA_4",28800,10800,11293.0497837039,11859.3272190471,12506.8516459603,12857.3072306069,13002.9923795372,15471.0784701214,21185.44756817
"340","SAC  CHILE S.A.","Las Condes",3,"SAN SEBASTIAN 2839",84,1,15,"LC","84_LC_1",28800,10800,11294.5303091042,11859.6415093167,12516.7223207396,12900.4523897591,13060.2948824287,15607.5561015776,21334.7404406862
"341","SALCOBRAND S.A.","Providencia",2,"COYANCURA  2283  OF. 1502",85,1,70,"PR","85_PR_1",28800,10800,11296.9428344719,11884.8000044505,12535.0700878995,12980.4016994412,13071.5740577059,15659.1707495425,21385.7963325277
"342","SALVI HERMANOS LTDA.","Providencia",2,"MANUEL MONTT 844",86,1,90,"PR","86_PR_1",28800,10800,11304.1019196249,11890.4382777124,12550.5809375572,13073.4487178087,13178.438909301,15777.6604984422,21435.8608689067
"343","SANHUEZA VALLADARES CARLOS","Santiago",1,"HUERFANOS 1294 OF 21",259,3,110,"SA","259_SA_3",28800,10800,11308.7579986046,11897.7153788108,12551.6150498421,13090.9246282199,13199.287436562,15804.8422686856,21574.2959506225
"344","SANTANDER GESTION DE RECAUD. Y COB. LTDA","Santiago",1,"MONEDA 856 PISO 5 OF. 502",260,3,120,"SA","260_SA_3",28800,10800,11309.9143188422,11900.0306492636,12562.2500086809,13145.3979276644,13308.943997406,15895.2743175978,22030.3571113181
"345","SEC.REG.M.DE BIENES NAC.P.S.TIT.","Santiago",1,"JUAN ANTONIO RIOS 6 P.5 DECRET",261,3,90,"SA","261_SA_3",28800,10800,11312.1152148289,11908.8750728226,12618.8265212419,13210.0550682019,13361.6657439577,15952.4354666583,22323.1630855214
"346","SEC.REG.MINST.DE TRASP.Y TELECOM","Santiago",1,"AMUNATEGUI 139 PISO 9",87,1,60,"SA","87_SA_1",28800,10800,11313.5854617367,11922.4860147088,12630.5962104851,13219.1531350673,13527.7296128183,16027.4086430113,22335.1815695799
"347","SEC.REG.MINST.DE TRASP.Y TELECOM","Santiago",1,"AMUNATEGUI 139 PISO 2 BIBLIOTECA",262,3,120,"SA","262_SA_3",28800,10800,11313.5854617367,11922.4860147088,12630.5962104851,13219.1531350673,13527.7296128183,16027.4086430113,22335.1815695799
"348","SEGURIDAD Y  TELECOMUNICACIONES S.A.","Las Condes",3,"LAS CONDES 7300",88,1,120,"LC","88_LC_1",28800,10800,11317.9223671345,11936.8696451177,12667.1409094962,13226.4868450169,13642.7404666783,16101.3845497184,22489.7987332126
"349","SEGUROS SECURITY PREVISION GENERALES S.A","Las Condes",3,"HENDAYA 60 PISO 6 OF.601",328,4,120,"LC","328_LC_4",28800,10800,11330.9385312254,11956.4864114436,12779.2258514014,13332.9396723932,13645.2114951249,16227.4368580384,22907.8033848237
"350","SEGUROS SECURITY PREVISION GENERALES S.A","Las Condes",3,"HENDAYA 60 P7",329,4,90,"LC","329_LC_4",28800,10800,11330.9385312254,11956.4864114436,12779.2258514014,13332.9396723932,13645.2114951249,16227.4368580384,22907.8033848237
"351","SEGUROS VIDA SECURITY PREVISION S.A.","Las Condes",3,"HENDAYA 60 PISO 7 CASA MATRIZ",182,2,60,"LC","182_LC_2",28800,10800,11341.9367231241,11972.8290396435,12805.3581922869,13396.7382604974,13696.7494747519,16417.2579166001,23417.6180364283
"352","SEGURY CORP S.A.","—uÒoa",5,"SUCRE 1828",183,2,20,"NU","183_NU_2",28800,10800,11380.176336116,11983.3061325007,12853.7811343736,13463.5533802764,13819.9750655059,16432.8113866167,23552.1751817788
"353","SENADO DE LA REPUBLICA","Santiago",1,"SAN MARTIN 32 P.2",263,3,60,"SA","263_SA_3",28800,10800,11393.5580696072,12023.1514001781,12862.2797279151,13475.9217728426,13910.7521848195,16445.4906071058,23586.6684297136
"354","SENADO DE LA REPUBLICA","Santiago",1,"SAN MARTIN 32 P.2",184,2,15,"SA","184_SA_2",28800,10800,11393.5580696072,12023.1514001781,12862.2797279151,13475.9217728426,13910.7521848195,16445.4906071058,23586.6684297136
"355","SER.DE RG.CIVIL E IDENTIFICACION","Santiago",1,"CATEDRAL 1772 PISO 6 PRESUPUESTO",185,2,35,"SA","185_SA_2",28800,10800,11393.7385811351,12026.5883158301,12890.9840235857,13483.0799565233,13964.0810429315,16450.3973806616,24010.8986173428
"356","SER.DE RG.CIVIL E IDENTIFICACION","Santiago",1,"CATEDRAL 1772 P.4",331,4,160,"SA","331_SA_4",28800,10800,11393.7385811351,12026.5883158301,12890.9840235857,13483.0799565233,13964.0810429315,16450.3973806616,24010.8986173428
"357","SER.DE RG.CIVIL E IDENTIFICACION","Santiago",1,"HUERFANOS 1570 P3 DIR REGIONAL",330,4,120,"SA","330_SA_4",28800,10800,11393.7385811351,12026.5883158301,12890.9840235857,13483.0799565233,13964.0810429315,16450.3973806616,24010.8986173428
"358","SERV. INTEGRALES DE COMERCIO EXTERIOR LT","Santiago",1,"MONJITAS 392 P 11 OF 1103",264,3,65,"SA","264_SA_3",28800,10800,11402.4092153188,12037.3539017647,12897.8364344535,13507.5579808393,13982.4415253543,16453.951823716,24041.2240439496
"359","SERV.DE CORRESPONDENCIA ENVIA LTDA","Providencia",2,"CALLE BARROS ERRAZURIZ 1954 OF.1602",186,2,120,"PR","186_PR_2",28800,10800,11411.4932696106,12045.5653312001,12912.9729751773,13539.7907290426,14000.4145736057,16472.4842620694,24130.7072050972
"360","SERVICIO DE IMPUESTOS INTERNOS","Santiago",1,"TEATINOS 120 SUBTERRANEO",187,2,210,"SA","187_SA_2",28800,10800,11417.354254354,12050.8742624792,12953.121926879,13571.090980707,14048.5908948434,16494.2156476879,24151.8021013653
"361","SERVICIOS DE ADMIN. PREVISIONALES S.A.","Providencia",2,"MARCHANT PEREIRA 10  P.16",89,1,70,"PR","89_PR_1",28800,10800,11417.8081693504,12075.9657623666,12959.0988996998,13610.8001019107,14076.0272104782,16524.2383966871,24333.199011719
"362","SERVICIOS DE CONTROL DE CREDITOS S.A.","Santiago",1,"MONJITAS 550 P2 OF 7",90,1,90,"SA","90_SA_1",28800,10800,11419.9981971645,12080.4893429036,12968.8727482818,13645.3338183316,14126.2298163735,16583.1663652307,24862.772861705
"363","SERVICIOS DE INGENIERIA LTDA.","Las Condes",3,"AV VITACURA  2771 OF 1101 B",391,5,75,"LC","391_LC_5",28800,10800,11444.729359245,12118.4994519011,12996.6681719648,13702.1169553056,14280.0663092013,16619.2611648721,25078.8901783454
"364","SERVICIOS GENERALES LTDA.","Providencia",2,"AV. RICARDO LYON 1177 CENTRAL",393,5,150,"PR","393_PR_5",28800,10800,11445.8006089683,12133.9508626274,13091.7459784291,13720.622414011,14345.4164711728,16682.3651337096,25303.9793637612
"365","SERVICIOS GENERALES LTDA.","Providencia",2,"LADISLAO ERRAZURIZ 2121",91,1,120,"PR","91_PR_1",28800,10800,11445.8006089683,12133.9508626274,13091.7459784291,13720.622414011,14345.4164711728,16682.3651337096,25303.9793637612
"366","SERVICIOS GENERALES LTDA.","Providencia",2,"AV. RICARDO LYON 1177 CENTRO D.",392,5,35,"PR","392_PR_5",28800,10800,11445.8006089683,12133.9508626274,13091.7459784291,13720.622414011,14345.4164711728,16682.3651337096,25303.9793637612
"367","SERVICIOS GRAFICOS JCV S.A.","Vitacura",4,"VITACURA 2653 B",188,2,100,"VI","188_VI_2",28800,10800,11447.6249271748,12156.4285528131,13100.1238011934,13723.1035763051,14364.256279145,16709.6534902682,25518.1850018097
"368","SHELL CHILE S.A.C.E.I.","Providencia",2,"CARLOS ANTUNEZ 2490",332,4,120,"PR","332_PR_4",28800,10800,11489.4195293787,12164.7118223099,13102.9896709568,13938.6954502517,14371.7628160651,16884.4362909379,25743.2225996892
"369","SIEMENS S.A.","Providencia",2,"AV HOLANDA 64",265,3,100,"PR","265_PR_3",28800,10800,11494.4141547879,12165.4172922845,13128.8978195557,13972.2089330281,14397.2151428497,17134.0092523653,25796.9657134756
"370","SOC FORESTAL LOS ESTEROS LTDA","Santiago",1,"COMPANIA 1068  OF 607",92,1,60,"SA","92_SA_1",28800,10800,11512.3994857104,12173.6899154181,13144.4352142833,14028.1811001041,14429.8257547536,17140.5725687942,25848.7386788765
"371","SOC.AGRIC.ABOUGHAZALEH HNOS.LTDA.","Vitacura",4,"AV LUIS  PASTEUR  5842  OF. 400",333,4,90,"VI","333_VI_4",28800,10800,11528.7483082665,12210.884515533,13169.0787301463,14037.4705625081,14443.3924701006,17378.6993412546,26313.8007958728
"372","SOC.INMOBILIARIA SAN CRISTOBAL","Providencia",2,"AV.STA. MARIA 1742 INGENIERIA",394,5,75,"PR","394_PR_5",28800,10800,11545.0722456464,12259.4801749771,13190.9202544266,14071.2138077363,14500.2587906278,17691.1985633502,26441.0301224365
"373","SOCIEDAD CONSTRUCTORA ELECTRICA LTDA.","Santiago",1,"HUERFANOS  1178 OF 509",93,1,90,"SA","93_SA_1",28800,10800,11546.7670735784,12270.3693049195,13229.9660478169,14175.5721932124,14530.9738584863,17848.293805128,27621.9104367396
"374","SODEXHO CHILE S.A.","—uÒoa",5,"WILLIAMS REBOLLEDO 1799  P.2.EDIF NUEVO",94,1,160,"NU","94_NU_1",28800,10800,11549.9079444333,12271.0429432641,13232.2388732537,14272.3438761281,14533.4800762838,17906.3384337097,27701.0338288225
"375","SONDA S.A.","Santiago",1,"TEATINOS 500 P.8",95,1,140,"SA","95_SA_1",28800,10800,11588.2417410854,12319.9971480809,13234.2320057938,14290.2689595258,14653.3126533739,18000.0764120022,27821.858935119
"376","SOUTH EXPRESS CARGO S.A.","Santiago",1,"SOTERO DEL RIO 508 OF 1027",334,4,30,"SA","334_SA_4",28800,10800,11590.7230019212,12412.7827258103,13235.4867177985,14473.1805512034,15009.5461885029,18495.3739273863,28439.8706840188
"377","STECK Y CIA. LTDA.","Vitacura",4,"BUENAVENTURA 1770 L.6",96,1,50,"VI","96_VI_1",28800,10800,11612.2790466876,12449.10560968,13285.3351978528,14577.8343949012,15014.5213391258,18544.7122296106,29487.9242295999
"378","STUEDEMANN S.A.","Providencia",2,"CONDELL 303 STUDIO PRINT",98,1,10,"PR","98_PR_1",28800,10800,11652.3367872017,12450.662918595,13344.8314971259,14595.3859755582,15060.8687059391,18550.134955217,29665.2676942795
"379","STUEDEMANN S.A.","Providencia",2,"CONDELL 303 STUDIOPRINT",97,1,20,"PR","97_PR_1",28800,10800,11652.3367872017,12450.662918595,13344.8314971259,14595.3859755582,15060.8687059391,18550.134955217,29665.2676942795
"380","SUP.DE ADMNST.FDOS.DE PENSIONES","Santiago",1,"HUERFANOS 1273 P.14",335,4,30,"SA","335_SA_4",28800,10800,11656.3849324935,12562.6475085112,13366.7484632892,14620.161885275,15184.9757128542,18852.9415488171,29758.7944231438
"381","SUPERINT DE INSTIT DE SALUD PREVISIONAL","Santiago",1,"MAC IVER 225 P 3",266,3,80,"SA","266_SA_3",28800,10800,11666.3786668239,12574.3183077195,13392.2892339193,14714.0027160584,15340.061918202,19778.6723253283,29900.9260892582
"382","SUPERINTENDENCIA DE ELECTRICIDAD Y COMBU","Santiago",1,"AMUNATEGUI 58 P.5",99,1,75,"SA","99_SA_1",28800,10800,11692.3116850308,12590.7858877778,13572.2479497689,14717.8116365923,15401.7759789231,19919.0487138352,30578.0669516078
"383","SUPERMERCADO VESPUCIO SUR LTDA.","—uÒoa",5,"A.VESPUCIO SUR 881 OF. DE COMPRAS",267,3,50,"NU","267_NU_3",28800,10800,11713.3653400572,12601.2492249518,13597.1801111265,14755.3090651649,15597.1776289012,20294.3276017369,31109.2063536404
"384","SUPERMERCADOS UNIMARC S.A.","Vitacura",4,"AV SANTA MARIA 6940 LIBRERIA",336,4,240,"VI","336_VI_4",28800,10800,11745.833740107,12618.6454100086,13647.1517241941,14818.7831191478,15597.8217073185,20754.3681113208,31654.9954320021
"385","TECNA-VAL","Providencia",2,"BARROS BORGONO 255",337,4,1,"PR","337_PR_4",28800,10800,11763.0554519261,12646.3738946811,13776.4413546081,14946.0982024611,15684.1839075614,20809.213768727,32124.6984951359
"386","TRANSBANK S.A.","Santiago",1,"HUERFANOS 770 P8",395,5,90,"SA","395_SA_5",28800,10800,11764.6027291805,12703.7531060824,13843.7094968521,14996.4919394207,15941.0023755824,20998.1058036801,32522.0196834093
"387","TRANSBANK S.A.","Santiago",1,"HUERFANOS 770 P 11 GCIA.GRAL.",338,4,60,"SA","338_SA_4",28800,10800,11764.6027291805,12703.7531060824,13843.7094968521,14996.4919394207,15941.0023755824,20998.1058036801,32522.0196834093
"388","TUR BUS LTDA.","Santiago",1,"RUIZ TAGLE 220 P.1 AT CLIENTES",396,5,60,"SA","396_SA_5",28800,10800,11784.1357764973,12720.0310021327,13846.4822303684,15069.8290038962,16007.7272263198,21047.4514853653,33062.534450219
"389","TUR BUS LTDA.","Santiago",1,"DOLORES 800  OPERACIONES P.2",397,5,10,"SA","397_SA_5",28800,10800,11784.1357764973,12720.0310021327,13846.4822303684,15069.8290038962,16007.7272263198,21047.4514853653,33062.534450219
"390","UNIVERSIDAD CENTRAL","Santiago",1,"TOESCA 1783 METRO TOESCA P 1",268,3,90,"SA","268_SA_3",28800,10800,11826.5655200825,12854.3510760919,14033.8108826683,15339.6406660054,16046.5656372323,21492.4817589563,33805.4771302675
"391","UNIVERSIDAD DE CHILE","—uÒoa",5,"IGNACIO CARRERA PINTO 1045 CENTRAL APUNT",398,5,150,"NU","398_NU_5",28800,10800,11906.2433400895,12951.6250953745,14163.0050859796,15475.9308478123,16513.6637672164,21695.91237272,34621.6223791613
"392","UNIVERSIDAD DE CHILE","Santiago",1,"PLAZA ERCILLA 883 OF.PARTES",340,4,60,"SA","340_SA_4",28800,10800,11906.2433400895,12951.6250953745,14163.0050859796,15475.9308478123,16513.6637672164,21695.91237272,34621.6223791613
"393","UNIVERSIDAD DE CHILE","Santiago",1,"DIAGONAL PARAGUAY 257-PISO 1",339,4,140,"SA","339_SA_4",28800,10800,11906.2433400895,12951.6250953745,14163.0050859796,15475.9308478123,16513.6637672164,21695.91237272,34621.6223791613
"394","UNIVERSIDAD DE CHILE","Providencia",2,"PIO NONO NRO.1",189,2,80,"PR","189_PR_2",28800,10800,11906.2433400895,12951.6250953745,14163.0050859796,15475.9308478123,16513.6637672164,21695.91237272,34621.6223791613
"395","UNIVERSIDAD DE LA REPUBLICA","Santiago",1,"AGUSTINAS 1831 -CENTRAL DE APUNTES",399,5,60,"SA","399_SA_5",28800,10800,11983.7330778436,13098.65875469,14239.7841479115,15795.958908004,17062.5971969951,22985.7114958015,36985.4657563784
"396","UNIVERSIDAD DE LA REPUBLICA","Santiago",1,"AGUSTINAS 1831",190,2,30,"SA","190_SA_2",28800,10800,11983.7330778436,13098.65875469,14239.7841479115,15795.958908004,17062.5971969951,22985.7114958015,36985.4657563784
"397","UNIVERSIDAD FINIS TERRAE","Providencia",2,"AV. PEDRO DE VALDIVIA 1543",100,1,60,"PR","100_PR_1",28800,10800,12022.5555384143,13276.0403895824,14547.5635772539,16060.1505985994,17112.6260225281,23351.3513309896,38618.2216571194
"398","UNIVERSIDAD TECNICA METROPOLITANA","Santiago",1,"VIDAURRE 1550 P/4 COMPUTACION",269,3,40,"SA","269_SA_3",28800,10800,12093.2288330129,13304.4291762542,14608.0816881061,16939.500007222,17162.6519614549,23639.5827882186,38996.4603409129
"399","VM.ICA SISTEMAS Y TECNOLOGIA LTDA.","Providencia",2,"FIDEL OTEIZA 1916 OF.1001",400,5,45,"PR","400_PR_5",28800,10800,12146.6362017879,13369.0114734451,14742.5474728216,17062.3577570726,18496.4462501513,23898.8717815336,39992.9409790978
"400","WARNER MUSIC CHILE S.A.","Providencia",2,"AV. POCURO 2262",270,3,75,"PR","270_PR_3",28800,10800,12394.4003886828,14348.2988705598,15004.7035940577,17736.2551265383,19231.3234927488,24048.9276476909,48076.2010350525
