"","razonSocial","nomComuna","place","direccion","idCust","weekday","serviceTime","COD","Name","p10","p15","p20","p25","p30","p35","p40"
"1","A.F.P. PROVIDA S.A.","Providencia",2,"P. DE VALDIVIA 100 PISO 5",191,3,60,"PR","191_PR_3",323091.584257148,274683.795884427,239576.589224782,203892.025505511,164493.545617117,138130.773055535,131357.800645941
"2","A.F.P. PROVIDA S.A.","Providencia",2,"PEDRO DE VALDIVIA 100  PISO 3",101,2,60,"PR","101_PR_2",323091.584257148,274683.795884427,239576.589224782,203892.025505511,164493.545617117,138130.773055535,131357.800645941
"3","A.F.P. SANTA MARIA S.A.","Providencia",2,"SUECIA  211  P. 13",1,1,90,"PR","1_PR_1",343196.901483836,292357.901648509,260116.01811892,225382.744954692,205457.536953676,162104.529254998,150862.052392634
"4","A.F.P. SUMMA-BANSANDER S.A.","Santiago",1,"AGUSTINAS 540 PISO 3",341,5,70,"SA","341_SA_5",345626.220679649,300775.295853994,264638.73416115,230032.73210572,214944.667782989,211483.0378118,155583.899818151
"5","ABASTIBLE SA","Santiago",1,"VICUóA MACKENNA 55 OF.303",102,2,120,"SA","102_SA_2",353121.220315908,303511.476838347,265151.124272197,235273.47606427,229291.096969638,217961.631998205,170079.178043124
"6","ACTION LINE CHILE S.A.","Santiago",1,"MAC IVER 440 PISO 6",2,1,90,"SA","2_SA_1",353503.265601716,305961.505743659,266223.940862124,236576.143132035,230344.050670322,230696.926976891,172770.907809382
"7","ADMINISTRADORA CMR FALABELLA LTDA","Santiago",1,"STA ELENA 1422",103,2,120,"SA","103_SA_2",356164.23196692,307075.759057619,270557.723002491,238429.143143992,243015.239162645,234147.486347544,182281.608839816
"8","AES GENER S.A.","Las Condes",3,"SANCHEZ FONTECILLA 310 P 3",104,2,120,"LC","104_LC_2",360082.088800618,313382.282630733,275282.371955929,246381.746668548,245811.823271492,245996.82390624,183369.030552389
"9","AG. DE ADUANA R. FUENZALIDA Y CIA. LTDA.","Providencia",2,"LA CONCEPCION 322 PISO 5 OF.504",271,4,60,"PR","271_PR_4",362674.613999526,314865.463887821,277680.571123782,249475.048857544,247096.513759208,248426.281292534,185210.241235393
"10","AHK BUSINESS CENTER","Las Condes",3,"BOSQUE NORTE 0440 OF.601 (1-2-5)",105,2,200,"LC","105_LC_2",365158.187158082,317931.214713125,282579.764580836,255888.755552932,247929.657366034,252106.534144114,186754.399896071
"11","ALGAS MARINAS S.A. ALGAMAR","Providencia",2,"FIDEL OTEIZA 1956  P 14",342,5,60,"PR","342_PR_5",366049.049463564,320822.385142558,291019.077366052,257027.998316575,248755.28413897,258046.129547778,193722.532427611
"12","ALIMENTOS MARINOS S.A.","Providencia",2,"MAR DEL PLATA 2111",192,3,130,"PR","192_PR_3",367335.849766939,323432.81790656,291301.04593824,259323.679223972,248799.989735227,261086.109081616,194351.211054484
"13","ALIMENTOS MULTIEXPORT S.A.","Las Condes",3,"ISIDORA GOYENECHEA  3621  P 17 TORRE B",193,3,70,"LC","193_LC_3",369881.583729165,324110.522338683,297897.695258032,264486.533556842,251363.397358436,263723.442179707,200161.279759377
"14","ALMACENES PARIS COMERCIAL S.A.","Las Condes",3,"AV KENNEDY 5225 P 4 PQUE ARAUC",272,4,130,"LC","272_LC_4",370358.410110514,325824.722020768,301376.269068647,273228.144309823,261918.460783553,269291.214630927,201005.71788053
"15","AMCHAM CHILE","Las Condes",3,"AV. KENNEDY 5735 OF.201 TORRE PONIENTE",273,4,90,"LC","273_LC_4",370550.035652748,331261.330661803,301702.150105376,280106.599670665,262747.845877012,269956.406772769,201373.411064657
"16","ARAUCO SALUD S.A.","Las Condes",3,"KENNEDY 5757 TORRE ORIENTE OF-702",343,5,45,"LC","343_LC_5",371698.061394206,337388.739670143,302633.233873997,281324.511337288,263083.787897056,272468.583789682,201558.479013794
"17","ARAWAK S.A. SERVICIOS PERSONALES","Santiago",1,"PORVENIR 464",274,4,60,"SA","274_SA_4",372319.610869169,338321.411556544,307945.790792952,282057.096387531,263861.824194977,273053.823693485,209960.398561823
"18","ARTEL S.A.I.C.","Santiago",1,"MATIAS COUSIóO 54 PISO 2",3,1,75,"SA","3_SA_1",372450.033244996,340857.862549692,313616.415511211,284472.541217277,265137.00832785,273251.216138205,210615.065498763
"19","ASEA BROWN BOVERI S.A.","óu“oa",5,"VICUóA MACKENNA 1602 RECEPCION.",106,2,75,"NU","106_NU_2",374045.866565397,341547.29245245,314899.994250814,284550.492206993,266542.795516051,274490.647462962,214080.199557793
"20","ASESORES EN VIAJE S.A.","Providencia",2,"Las Bellotas # 225",107,2,30,"PR","107_PR_2",375547.59270267,342769.487041206,318046.22650371,293382.509584828,267644.965851746,274735.387328791,215664.492743321
"21","ASOC.FUNC.MUNICIP.DE LAS CONDES","Las Condes",3,"APOQUINDO 3076 SUBTERRANEO",344,5,120,"LC","344_LC_5",375824.371468931,346798.469639222,318336.177722669,297268.965078499,270349.933393497,278591.540129464,221184.176644932
"22","ASOC.FUNC.MUNICIP.DE LAS CONDES","Las Condes",3,"AV. APOQUINDO 3076 INTERIOR  SUBTE",108,2,10,"LC","108_LC_2",375824.371468931,346798.469639222,318336.177722669,297268.965078499,270349.933393497,278591.540129464,221184.176644932
"23","ASOCIADOS UNDURRAGA IMPRESORES LTDA.","Santiago",1,"ANDES 3561",345,5,150,"SA","345_SA_5",376081.962511348,348043.988556271,319738.176330987,298750.074843587,276442.374674601,281404.324057338,224775.006454445
"24","AUTOMOVIL CLUB DE CHILE","Providencia",2,"ANDRES BELLO 1863 PISO 2",194,3,20,"PR","194_PR_3",379250.842512291,348239.092554039,322306.285461859,299811.831742343,278187.789350039,282765.926886227,228391.971705234
"25","BAEZA Y COMPAóIA LTDA.","Las Condes",3,"APOQUINDO 3001 PISO 12 OFIC. 1203",4,1,120,"LC","4_LC_1",379619.210223865,349149.544390543,323808.519488832,303028.403165277,279091.22596787,282838.642957432,234947.207723514
"26","BANCO CONOSUR","Santiago",1,"ALAMEDA 1980 P.4",195,3,150,"SA","195_SA_3",380491.771953833,351395.05490188,324032.769022187,307384.461109228,282510.410996875,283086.974071593,235708.027539543
"27","BANCO DE CHILE","Santiago",1,"AGUSTINAS 733 PISO 1 BCA.ORIVADA",5,1,90,"SA","5_SA_1",380504.847573973,351543.762048393,326058.589457289,308898.645392659,283144.146911002,286257.246761022,237792.094530821
"28","BANCO DE CHILE","Santiago",1,"AGUSTINAS 951, P. 5 SALA PROC.",197,3,120,"SA","197_SA_3",380504.847573973,351543.762048393,326058.589457289,308898.645392659,283144.146911002,286257.246761022,237792.094530821
"29","BANCO DE CHILE","Las Condes",3,"LAS CONDES 10247 OF ESTORIL EDUARD",346,5,70,"LC","346_LC_5",380504.847573973,351543.762048393,326058.589457289,308898.645392659,283144.146911002,286257.246761022,237792.094530821
"30","BANCO DE CHILE","Santiago",1,"HUERFANOS 980 P.2 COMERCIO EXTERIOR-3",199,3,80,"SA","199_SA_3",380504.847573973,351543.762048393,326058.589457289,308898.645392659,283144.146911002,286257.246761022,237792.094530821
"31","BANCO DE CHILE","Providencia",2,"PROVIDENCIA 2178 ( STA. ISABEL )",196,3,45,"PR","196_PR_3",380504.847573973,351543.762048393,326058.589457289,308898.645392659,283144.146911002,286257.246761022,237792.094530821
"32","BANCO DE CHILE","Santiago",1,"ESTADO 387 P.2",198,3,60,"SA","198_SA_3",380504.847573973,351543.762048393,326058.589457289,308898.645392659,283144.146911002,286257.246761022,237792.094530821
"33","BANCO DE CREDITO E INVERSIONES","Santiago",1,"BANDERA 236 19-A PISO 3 CC.12282",6,1,30,"SA","6_SA_1",381341.595911123,353907.815175177,327511.788564944,312353.472396388,283592.686833743,287019.90785443,239301.971418089
"34","BANCO DE CREDITO E INVERSIONES","Santiago",1,"SAN DIEGO 2043",200,3,60,"SA","200_SA_3",381341.595911123,353907.815175177,327511.788564944,312353.472396388,283592.686833743,287019.90785443,239301.971418089
"35","BANCO DE CREDITO E INVERSIONES","Las Condes",3,"APOQUINDO 5710",201,3,270,"LC","201_LC_3",381341.595911123,353907.815175177,327511.788564944,312353.472396388,283592.686833743,287019.90785443,239301.971418089
"36","BANCO DEL DESARROLLO","Santiago",1,"ALAMEDA 929 P5",347,5,20,"SA","347_SA_5",381597.592770933,354033.350349832,327761.312801831,313098.615778062,288880.11337725,292118.569867712,241953.128533924
"37","BANCO DEL ESTADO DE CHILE","Santiago",1,"ALAMEDA 1111 P 8 SUBGCIA REGULARIZ.CRED.",7,1,290,"SA","7_SA_1",382228.888667872,355209.193085916,329530.579626899,314011.034257486,289055.790016947,292135.832477357,244415.172861741
"38","BANCO DEL ESTADO DE CHILE","Santiago",1,"ALAMEDA 1111 P.3 COMERCIO EXT",202,3,180,"SA","202_SA_3",382228.888667872,355209.193085916,329530.579626899,314011.034257486,289055.790016947,292135.832477357,244415.172861741
"39","BANCO DEL ESTADO DE CHILE","Santiago",1,"HUERFANOS 1202 P.3 OF.310",8,1,60,"SA","8_SA_1",382228.888667872,355209.193085916,329530.579626899,314011.034257486,289055.790016947,292135.832477357,244415.172861741
"40","BANCO DEL ESTADO DE CHILE","Santiago",1,"MORANDE 25 PISO 3",110,2,120,"SA","110_SA_2",382228.888667872,355209.193085916,329530.579626899,314011.034257486,289055.790016947,292135.832477357,244415.172861741
"41","BANCO DEL ESTADO DE CHILE","Santiago",1,"ALAMEDA 1111 P.6 GCIA. GRAL.FINANZAS",111,2,120,"SA","111_SA_2",382228.888667872,355209.193085916,329530.579626899,314011.034257486,289055.790016947,292135.832477357,244415.172861741
"42","BANCO DEL ESTADO DE CHILE","Santiago",1,"NUEVA YORK 33 P 17",112,2,60,"SA","112_SA_2",382228.888667872,355209.193085916,329530.579626899,314011.034257486,289055.790016947,292135.832477357,244415.172861741
"43","BANCO DEL ESTADO DE CHILE","Santiago",1,"BANDERA 861   1P",109,2,110,"SA","109_SA_2",382228.888667872,355209.193085916,329530.579626899,314011.034257486,289055.790016947,292135.832477357,244415.172861741
"44","BANCO DEL ESTADO DE CHILE","Santiago",1,"ALAMEDA 1111 P 3 COMERCIO EXTE",114,2,60,"SA","114_SA_2",382228.888667872,355209.193085916,329530.579626899,314011.034257486,289055.790016947,292135.832477357,244415.172861741
"45","BANCO DEL ESTADO DE CHILE","Santiago",1,"MORANDE 25 FISCALIA P.5 OF 503",113,2,60,"SA","113_SA_2",382228.888667872,355209.193085916,329530.579626899,314011.034257486,289055.790016947,292135.832477357,244415.172861741
"46","BANCO DEL ESTADO DE CHILE","Santiago",1,"ALAMEDA 1111 P.2 MODULO 6",203,3,45,"SA","203_SA_3",382228.888667872,355209.193085916,329530.579626899,314011.034257486,289055.790016947,292135.832477357,244415.172861741
"47","BANCO IND.Y DE COMERCIO EXTERIOR","Providencia",2,"ISIDORA GOYENECHEA 3132 P 1",115,2,90,"PR","115_PR_2",383056.320366042,360849.472814621,329640.236754578,315515.553264881,291290.729540042,293579.693111856,248823.476224072
"48","BANCO INTERNACIONAL","Santiago",1,"MONEDA 818 P.4 CENTRO COPIADO",348,5,60,"SA","348_SA_5",384202.845470178,361691.39623702,329991.779756307,317532.477338591,291549.299692505,296191.898246197,249946.269358605
"49","BANCO INTERNACIONAL","Santiago",1,"MONEDA 818 PISO 2 GCIA GRAL.",349,5,15,"SA","349_SA_5",384202.845470178,361691.39623702,329991.779756307,317532.477338591,291549.299692505,296191.898246197,249946.269358605
"50","BANCO SANTANDER CHILE","Santiago",1,"MONEDA 975  PISO 5",9,1,360,"SA","9_SA_1",385249.656736044,362012.428414199,330218.190962204,322673.160488548,294165.425787005,297658.835109654,250988.739321575
"51","BANCO SANTANDER CHILE","Santiago",1,"AGUSTINAS 920 P.4",10,1,60,"SA","10_SA_1",385249.656736044,362012.428414199,330218.190962204,322673.160488548,294165.425787005,297658.835109654,250988.739321575
"52","BANCO SANTANDER CHILE","Santiago",1,"MATIAS COUSI?O 199 P-9",13,1,60,"SA","13_SA_1",385249.656736044,362012.428414199,330218.190962204,322673.160488548,294165.425787005,297658.835109654,250988.739321575
"53","BANCO SANTANDER CHILE","Santiago",1,"BANDERA 140 P.2",14,1,90,"SA","14_SA_1",385249.656736044,362012.428414199,330218.190962204,322673.160488548,294165.425787005,297658.835109654,250988.739321575
"54","BANCO SANTANDER CHILE","Santiago",1,"MONEDA 971 PISO 1 DPTO SOLUCIONES",350,5,180,"SA","350_SA_5",385249.656736044,362012.428414199,330218.190962204,322673.160488548,294165.425787005,297658.835109654,250988.739321575
"55","BANCO SANTANDER CHILE","Santiago",1,"AGUSTINAS 1389 P.2",12,1,75,"SA","12_SA_1",385249.656736044,362012.428414199,330218.190962204,322673.160488548,294165.425787005,297658.835109654,250988.739321575
"56","BANCO SANTANDER CHILE","Santiago",1,"IRENE MORALES 10 PLAZA ITALIA",204,3,80,"SA","204_SA_3",385249.656736044,362012.428414199,330218.190962204,322673.160488548,294165.425787005,297658.835109654,250988.739321575
"57","BANCO SANTANDER CHILE","Santiago",1,"BANDERA 206 P 8",205,3,60,"SA","205_SA_3",385249.656736044,362012.428414199,330218.190962204,322673.160488548,294165.425787005,297658.835109654,250988.739321575
"58","BANCO SANTANDER CHILE","Providencia",2,"AV FCO BILBAO 2082 SUBT",352,5,70,"PR","352_PR_5",385249.656736044,362012.428414199,330218.190962204,322673.160488548,294165.425787005,297658.835109654,250988.739321575
"59","BANCO SANTANDER CHILE","Santiago",1,"AHUMADA 170  1ER SUBTE.",11,1,120,"SA","11_SA_1",385249.656736044,362012.428414199,330218.190962204,322673.160488548,294165.425787005,297658.835109654,250988.739321575
"60","BANCO SANTANDER CHILE","Santiago",1,"HUERFANOS 1157",275,4,90,"SA","275_SA_4",385249.656736044,362012.428414199,330218.190962204,322673.160488548,294165.425787005,297658.835109654,250988.739321575
"61","BANCO SANTANDER CHILE","Santiago",1,"HUERFANOS 1269",276,4,60,"SA","276_SA_4",385249.656736044,362012.428414199,330218.190962204,322673.160488548,294165.425787005,297658.835109654,250988.739321575
"62","BANCO SANTANDER CHILE","Santiago",1,"CURICO 38 PISO 2.",277,4,120,"SA","277_SA_4",385249.656736044,362012.428414199,330218.190962204,322673.160488548,294165.425787005,297658.835109654,250988.739321575
"63","BANCO SANTANDER CHILE","Santiago",1,"HUERFANOS 1081",120,2,55,"SA","120_SA_2",385249.656736044,362012.428414199,330218.190962204,322673.160488548,294165.425787005,297658.835109654,250988.739321575
"64","BANCO SANTANDER CHILE","Santiago",1,"MONEDA 975 P5",279,4,300,"SA","279_SA_4",385249.656736044,362012.428414199,330218.190962204,322673.160488548,294165.425787005,297658.835109654,250988.739321575
"65","BANCO SANTANDER CHILE","óu“oa",5,"IRARRAZAVAL 2709 PISO1 INTERIO",280,4,60,"NU","280_NU_4",385249.656736044,362012.428414199,330218.190962204,322673.160488548,294165.425787005,297658.835109654,250988.739321575
"66","BANCO SANTANDER CHILE","Santiago",1,"AHUMADA 52 SUBTERRANEO",119,2,60,"SA","119_SA_2",385249.656736044,362012.428414199,330218.190962204,322673.160488548,294165.425787005,297658.835109654,250988.739321575
"67","BANCO SANTANDER CHILE","Santiago",1,"AGUSTINAS 920 P.2",124,2,30,"SA","124_SA_2",385249.656736044,362012.428414199,330218.190962204,322673.160488548,294165.425787005,297658.835109654,250988.739321575
"68","BANCO SANTANDER CHILE","Las Condes",3,"EL RODEO 12850 LOCAL 33",121,2,45,"LC","121_LC_2",385249.656736044,362012.428414199,330218.190962204,322673.160488548,294165.425787005,297658.835109654,250988.739321575
"69","BANCO SANTANDER CHILE","Santiago",1,"AHUMADA 170 PISO 3",122,2,50,"SA","122_SA_2",385249.656736044,362012.428414199,330218.190962204,322673.160488548,294165.425787005,297658.835109654,250988.739321575
"70","BANCO SANTANDER CHILE","Santiago",1,"BANDERA 172 (12) PISO 5",351,5,60,"SA","351_SA_5",385249.656736044,362012.428414199,330218.190962204,322673.160488548,294165.425787005,297658.835109654,250988.739321575
"71","BANCO SANTANDER CHILE","Santiago",1,"ALAMEDA 1449 P.6",118,2,120,"SA","118_SA_2",385249.656736044,362012.428414199,330218.190962204,322673.160488548,294165.425787005,297658.835109654,250988.739321575
"72","BANCO SANTANDER CHILE","Providencia",2,"AV. PROVIDENCIA 2051",278,4,150,"PR","278_PR_4",385249.656736044,362012.428414199,330218.190962204,322673.160488548,294165.425787005,297658.835109654,250988.739321575
"73","BANCO SANTANDER CHILE","Santiago",1,"AGUSTINAS 1025 P 4",116,2,60,"SA","116_SA_2",385249.656736044,362012.428414199,330218.190962204,322673.160488548,294165.425787005,297658.835109654,250988.739321575
"74","BANCO SANTANDER CHILE","Santiago",1,"Agustinas 1025 piso 5 Crillon",117,2,140,"SA","117_SA_2",385249.656736044,362012.428414199,330218.190962204,322673.160488548,294165.425787005,297658.835109654,250988.739321575
"75","BANCO SANTANDER CHILE","Santiago",1,"BANDERA 140 P 18 ADMISION DE R",123,2,50,"SA","123_SA_2",385249.656736044,362012.428414199,330218.190962204,322673.160488548,294165.425787005,297658.835109654,250988.739321575
"76","BANCOESTADO CORREDORES DE SEGUROS LTDA.","Santiago",1,"MONEDA 1140 PISO 2",15,1,240,"SA","15_SA_1",385767.895760415,363146.296005775,337393.995913599,324845.189054643,295642.657693381,299708.786561439,251623.365831124
"77","BANKBOSTON, N.A.","Santiago",1,"NVA.YORK 33 ..SUCURSAL",125,2,60,"SA","125_SA_2",387342.247674943,365216.888837896,337645.951477464,326080.440397424,296225.537600637,299772.93741395,251676.621797919
"78","BANKBOSTON, N.A.","Providencia",2,"ENRIQUE FOSTER SUR 20..P-6",281,4,70,"PR","281_PR_4",387342.247674943,365216.888837896,337645.951477464,326080.440397424,296225.537600637,299772.93741395,251676.621797919
"79","BAYERISCHE HAUSBAN INMOBILIARIA LTDA.","Las Condes",3,"AV APOQUINDO 3721 PISO 21",282,4,90,"LC","282_LC_4",388397.558950124,365327.32113531,338239.790926791,326588.909329243,296723.836902804,304637.322553377,262263.270711714
"80","BELLSOUTH INVERSIONES S.A.","Providencia",2,"MANUEL MONTT 1404 PISO 3.",127,2,80,"PR","127_PR_2",388547.112503305,366222.786768285,339350.337022381,328685.277158994,298918.181353245,306316.295014868,264150.335484607
"81","BELLSOUTH INVERSIONES S.A.","Providencia",2,"MANUEL MONTT 1404 PISO 4",206,3,35,"PR","206_PR_3",388547.112503305,366222.786768285,339350.337022381,328685.277158994,298918.181353245,306316.295014868,264150.335484607
"82","BELLSOUTH INVERSIONES S.A.","Providencia",2,"MANUEL MONTT 1404 PISO 4",126,2,180,"PR","126_PR_2",388547.112503305,366222.786768285,339350.337022381,328685.277158994,298918.181353245,306316.295014868,264150.335484607
"83","BESTPHARMA S.A","Santiago",1,"ERASMO ESCALA 1875 PISO 2",353,5,5,"SA","353_SA_5",389647.757949348,367715.404070675,339802.512766199,332354.191540364,300165.070288439,308248.453040735,264898.025944619
"84","BIOMET CHILE S.A.","Providencia",2,"POCURO 2255",354,5,30,"PR","354_PR_5",390819.267924115,368607.786829819,340419.76011477,333153.32956363,301047.424785781,310607.639600692,265807.175570204
"85","BOLSA DE C.DE STGO.BOLSA DE VAL.","Santiago",1,"LA BOLSA 64 P.1",16,1,110,"SA","16_SA_1",392846.177590273,368808.587700211,341669.435462512,333276.578357548,304628.351440592,311634.996259578,266105.865527818
"86","BOLSA DE C.DE STGO.BOLSA DE VAL.","Santiago",1,"LA BOLSA 64 P.3 OF.227 SERVICIOS",207,3,50,"SA","207_SA_3",392846.177590273,368808.587700211,341669.435462512,333276.578357548,304628.351440592,311634.996259578,266105.865527818
"87","C.M.P.C. PAPELES S.A.","Santiago",1,"AGUSTINAS 1357 ENTREPISO",128,2,120,"SA","128_SA_2",393032.253331062,369867.791258746,342162.706158538,333445.681862066,307046.766381566,311869.991202363,272741.696438833
"88","CADE IDP.SERV.DE INGENIERIA LTDA","óu“oa",5,"VILLASECA 21 PISO 8",17,1,180,"NU","17_NU_1",393160.113763074,370989.438992362,343601.007443945,335312.28822908,310330.650148673,312306.214331695,273835.701795253
"89","CADE IDP.SERV.DE INGENIERIA LTDA","óu“oa",5,"JOSE DOMINGO CAóAS 2640",129,2,120,"NU","129_NU_2",393160.113763074,370989.438992362,343601.007443945,335312.28822908,310330.650148673,312306.214331695,273835.701795253
"90","CAJA DE C.A.F.GABRIELA MISTRAL","Santiago",1,"AV. VICUóA MACKENNA 165 UNIDAD SUBSIDIOS",283,4,180,"SA","283_SA_4",393757.693082608,371172.556240812,344514.612248467,337289.736909878,311437.630143528,313133.102825558,275873.06436035
"91","CAJA DE COMPENSAC.DE LOS ANDES","Las Condes",3,"ROSARIO SUR 85",355,5,150,"LC","355_LC_5",395028.190814538,374598.016050721,344949.924363961,337512.419706988,311690.606358663,314948.857928837,277535.261281957
"92","CAJA DE COMPENSAC.DE LOS ANDES","Santiago",1,"HUERFANOS 1133 PISO 2",130,2,90,"SA","130_SA_2",395028.190814538,374598.016050721,344949.924363961,337512.419706988,311690.606358663,314948.857928837,277535.261281957
"93","CAMARA DE COMERCIO DE SANTIAGO","Santiago",1,"MONJITAS 392 PISO 3",356,5,150,"SA","356_SA_5",396733.603512059,375470.901987234,345151.490386318,339191.488853857,317444.716459951,316528.689124914,277645.230233366
"94","CAMPVS MATER S.A.","Providencia",2,"AV. PROVIDENCIA 1760 P.14",131,2,215,"PR","131_PR_2",397335.516853996,375533.187654525,346083.392189745,339411.050793965,318520.987286533,318085.343258677,279733.091033754
"95","CARABINEROS DE CHILE","Santiago",1,"AMUNATEGUI  519 SUB DIR.TRANSITO P9",18,1,90,"SA","18_SA_1",399502.368093207,377656.577260147,347194.066327296,339805.630029763,318612.861977519,318885.184933528,283348.685527853
"96","CARABINEROS DE CHILE","Santiago",1,"ALAMEDA 1196 P 6 DPTO 2",208,3,90,"SA","208_SA_3",399502.368093207,377656.577260147,347194.066327296,339805.630029763,318612.861977519,318885.184933528,283348.685527853
"97","CARABINEROS DE CHILE","Santiago",1,"AMUNATEGUI 519 P 11",209,3,45,"SA","209_SA_3",399502.368093207,377656.577260147,347194.066327296,339805.630029763,318612.861977519,318885.184933528,283348.685527853
"98","CARABINEROS DE CHILE","Santiago",1,"AV BERNARDO OHIGGINS 1196 P 10 ADM CAJA",132,2,20,"SA","132_SA_2",399502.368093207,377656.577260147,347194.066327296,339805.630029763,318612.861977519,318885.184933528,283348.685527853
"99","CASA DE ESTUDIOS P.DE VALDIVIA","Santiago",1,"AGUSTINAS 1943 PISO 1",19,1,180,"SA","19_SA_1",400112.594069596,378881.124296688,348513.816340515,339808.789677461,320086.269612396,319537.576115298,288608.63567682
"100","CASA DE ESTUDIOS P.DE VALDIVIA","Santiago",1,"AGUSTINAS 1943 PISO 1",210,3,180,"SA","210_SA_3",400112.594069596,378881.124296688,348513.816340515,339808.789677461,320086.269612396,319537.576115298,288608.63567682
"101","CASA DE ESTUDIOS P.DE VALDIVIA","Santiago",1,"AGUSTINAS 1943",284,4,240,"SA","284_SA_4",400112.594069596,378881.124296688,348513.816340515,339808.789677461,320086.269612396,319537.576115298,288608.63567682
"102","CHILECTRA S.A.","Santiago",1,"SANTA ROSA 76 PISO 4",134,2,60,"SA","134_SA_2",400414.624661859,379573.90804779,348746.820241659,340615.13552255,320982.307557417,319873.111915988,290293.669144357
"103","CHILECTRA S.A.","Santiago",1,"VICTORIA 612 PISO 2",133,2,90,"SA","133_SA_2",400414.624661859,379573.90804779,348746.820241659,340615.13552255,320982.307557417,319873.111915988,290293.669144357
"104","CHILECTRA S.A.","Santiago",1,"VICTORIA 612 PISO 2",357,5,60,"SA","357_SA_5",400414.624661859,379573.90804779,348746.820241659,340615.13552255,320982.307557417,319873.111915988,290293.669144357
"105","CIA. AMERICANA DE MULTISERVICIOS LTDA.","Santiago",1,"TARAPACA 934 PISO 2",285,4,60,"SA","285_SA_4",400876.369979232,381215.840247292,349251.009665547,340929.281108347,321341.739611805,322638.571854747,290338.582986189
"106","CIA. CERVECERIAS UNIDAS S.A.","Santiago",1,"BANDERA 84 P9",135,2,60,"SA","135_SA_2",401751.303713807,381778.750748945,350257.502721522,341110.72556992,321647.752520084,322828.535364346,293969.839598106
"107","CIA. CERVECERIAS UNIDAS S.A.","Santiago",1,"BANDERA 84 PISO 8  DEPTO.TESORERIA",20,1,60,"SA","20_SA_1",401751.303713807,381778.750748945,350257.502721522,341110.72556992,321647.752520084,322828.535364346,293969.839598106
"108","CIA. CHILENA DE PERFORACIONES LTDA.","Las Condes",3,"BENJAMIN 2935  PISO 8  OF.802",136,2,30,"LC","136_LC_2",401849.796035803,381897.546525432,350524.342501576,341449.058485664,323184.210958339,322882.773619034,296019.105446082
"109","CIA. MINERA DISPUTADA LAS CONDES LTDA.","Providencia",2,"PEDRO DE VALDIVIA 291 PISO 13",286,4,60,"PR","286_PR_4",402603.546974427,383712.132232747,353203.27723431,341495.792903635,323521.261310386,323032.247352395,297883.566809562
"110","CIA. MINERA DISPUTADA LAS CONDES LTDA.","Las Condes",3,"LOS BRONCES PROYECTO SAN FRANC",360,5,10,"LC","360_LC_5",402603.546974427,383712.132232747,353203.27723431,341495.792903635,323521.261310386,323032.247352395,297883.566809562
"111","CIA. MINERA DISPUTADA LAS CONDES LTDA.","Providencia",2,"P.DE VALDIVIA 291 PISO 1",358,5,70,"PR","358_PR_5",402603.546974427,383712.132232747,353203.27723431,341495.792903635,323521.261310386,323032.247352395,297883.566809562
"112","CIA. MINERA DISPUTADA LAS CONDES LTDA.","Providencia",2,"AV. PEDRO DE VALDIVIA 291, 1 SUBTERRANEO",137,2,150,"PR","137_PR_2",402603.546974427,383712.132232747,353203.27723431,341495.792903635,323521.261310386,323032.247352395,297883.566809562
"113","CIA. MINERA DISPUTADA LAS CONDES LTDA.","Las Condes",3,"LOS BRONCES,GERENCIA PLANTAS,S",359,5,10,"LC","359_LC_5",402603.546974427,383712.132232747,353203.27723431,341495.792903635,323521.261310386,323032.247352395,297883.566809562
"114","CIA. MINERA DISPUTADA LAS CONDES LTDA.","Santiago",1,"PEDRO DE VALDIVIA 291 1 SUB",361,5,10,"SA","361_SA_5",402603.546974427,383712.132232747,353203.27723431,341495.792903635,323521.261310386,323032.247352395,297883.566809562
"115","CIA.ELECTROMETALURGICA S.A.","óu“oa",5,"AV. V.MACKENNA 1570 GCIA.. GEN",21,1,90,"NU","21_NU_1",402889.304242429,384141.61449061,353537.360420401,341708.426080034,326637.845207676,324057.425045703,299482.966998243
"116","CIA.ELECTROMETALURGICA S.A.","óu“oa",5,"AVDA VICU?A MACKENNA 1570 G COMERCIAL",211,3,40,"NU","211_NU_3",402889.304242429,384141.61449061,353537.360420401,341708.426080034,326637.845207676,324057.425045703,299482.966998243
"117","CIENTOCHENTA GRADOS S.A.","Providencia",2,"NVA.LOS LEONES 07 PISO 10",362,5,240,"PR","362_PR_5",403981.638794519,385251.47423404,354271.553183176,342300.43918902,328859.252869297,324271.254699242,300110.985780196
"118","CITIBANK N.A.","Providencia",2,"AV PROVIDENCIA 655",22,1,60,"PR","22_PR_1",404082.237220934,387439.083549207,354857.795897522,347284.563093913,331168.28954117,325195.011532499,304127.748819632
"119","CITIBANK N.A.","Las Condes",3,"AV EL  BOSQUE  0500  P. 3",213,3,90,"LC","213_LC_3",404082.237220934,387439.083549207,354857.795897522,347284.563093913,331168.28954117,325195.011532499,304127.748819632
"120","CITIBANK N.A.","Providencia",2,"PROVIDENCIA 2653  P 2",139,2,60,"PR","139_PR_2",404082.237220934,387439.083549207,354857.795897522,347284.563093913,331168.28954117,325195.011532499,304127.748819632
"121","CITIBANK N.A.","Santiago",1,"HUERFANOS 770",140,2,50,"SA","140_SA_2",404082.237220934,387439.083549207,354857.795897522,347284.563093913,331168.28954117,325195.011532499,304127.748819632
"122","CITIBANK N.A.","Santiago",1,"TEATINOS 180 P1",288,4,60,"SA","288_SA_4",404082.237220934,387439.083549207,354857.795897522,347284.563093913,331168.28954117,325195.011532499,304127.748819632
"123","CITIBANK N.A.","Providencia",2,"ORREGOLUCO 58",287,4,90,"PR","287_PR_4",404082.237220934,387439.083549207,354857.795897522,347284.563093913,331168.28954117,325195.011532499,304127.748819632
"124","CITIBANK N.A.","Santiago",1,"AHUMADA 40",212,3,40,"SA","212_SA_3",404082.237220934,387439.083549207,354857.795897522,347284.563093913,331168.28954117,325195.011532499,304127.748819632
"125","CITIBANK N.A.","Vitacura",4,"O BRIEN 2235",138,2,90,"VI","138_VI_2",404082.237220934,387439.083549207,354857.795897522,347284.563093913,331168.28954117,325195.011532499,304127.748819632
"126","CLINICA ALEMANA DE SANTIAGO S.A.","Vitacura",4,"CONCILIO VATICANO 6017",363,5,10,"VI","363_VI_5",404138.749138284,387715.654183279,354975.023801258,349119.515422887,332012.969150344,326427.878123277,306261.52962132
"127","CLINICA ALEMANA DE SANTIAGO S.A.","Vitacura",4,"AV.  VITACURA 5951 CENTRO COPI",214,3,25,"VI","214_VI_3",404138.749138284,387715.654183279,354975.023801258,349119.515422887,332012.969150344,326427.878123277,306261.52962132
"128","CLINITEST LTDA","Providencia",2,"RICARDO LYON 1899",215,3,45,"PR","215_PR_3",404551.773664944,387975.414917744,355210.97609865,349397.005779794,332152.63349458,329729.730459551,306844.073987334
"129","CMPC CELULOSA S.A.","Santiago",1,"AGUSTINAS 1357  P2",23,1,90,"SA","23_SA_1",404743.789093802,388247.546413721,355448.368072083,351764.78573322,337254.87654885,331885.501205904,311627.026247508
"130","COASIN CHILE S.A.","Providencia",2,"AV. HOLANDA 1292",24,1,100,"PR","24_PR_1",404963.87248989,388462.697709015,355460.936243165,352088.927232972,337811.310674333,332517.07231979,312174.431057488
"131","COCA COLA DE CHILE S.A.","Las Condes",3,"AV. KENNEDY 5757 P.11",289,4,110,"LC","289_LC_4",405119.672744928,389419.895272768,357683.093646147,353563.144689001,340320.478999716,335362.7165348,313664.987789395
"132","COGAN GRUPO NORTE S.A.","Providencia",2,"MARCHANT PEREIRA 1030",25,1,90,"PR","25_PR_1",405329.867526885,390177.241698443,361353.960925737,353610.129520596,340344.063581777,336537.083212036,315816.475154125
"133","COLEGIO CALASANZ","óu“oa",5,"MONTENEGRO 661",141,2,150,"NU","141_NU_2",405330.926017019,390903.456402069,362192.191171732,354135.075281569,341442.341482722,339780.412240753,316273.557286074
"134","COLEGIO CALASANZ","óu“oa",5,"MONTENEGRO 661",26,1,420,"NU","26_NU_1",405330.926017019,390903.456402069,362192.191171732,354135.075281569,341442.341482722,339780.412240753,316273.557286074
"135","COLEGIO DEL SAGRADO CORAZON","Las Condes",3,"SANTA MAGDALENA SOFIA 277",27,1,180,"LC","27_LC_1",405366.349568935,391379.949186311,364366.386133725,356151.211893846,341905.026082822,341373.20849861,318730.245115159
"136","COMANDANCIA EN JEFE","Santiago",1,"ZENTENO 45 P.5 ALA NORTE AYUDANTIA",216,3,80,"SA","216_SA_3",405411.900266306,391760.76210524,365815.667926768,356689.793563454,342695.707038949,341464.684718625,321695.994565394
"137","COMERCIAL CYP S.A.","Santiago",1,"ESTADO 10 OF. 1701",28,1,30,"SA","28_SA_1",405704.577642102,392091.975104223,366352.420861667,361537.829250918,347677.197954611,342522.422781935,321765.097736249
"138","COMERCIAL ECCSA S.A.","Santiago",1,"HUERFANOS 979  OF.401",29,1,60,"SA","29_SA_1",406618.662139822,393926.377505159,369091.962442677,364873.064936777,348632.672755305,342871.754623985,324881.049942958
"139","COMERCIALIZADORA INTEGRAL LTDA.","Providencia",2,"ISIDORITA 143",364,5,1,"PR","364_PR_5",406644.135967527,394010.791001292,369780.441617308,365340.875008231,349008.566706711,344945.442328287,325079.011575608
"140","COMERCIALIZADORA S.A.","Santiago",1,"ALAMEDA 757 P5",217,3,150,"SA","217_SA_3",407280.179925766,395335.885718793,370261.917330136,365804.812822217,349894.763295169,345920.812076705,333263.587024731
"141","COMERCIALIZADORA S.A.","Santiago",1,"PUENTE 696 P.2 DPTO.CREDITO",365,5,120,"SA","365_SA_5",407280.179925766,395335.885718793,370261.917330136,365804.812822217,349894.763295169,345920.812076705,333263.587024731
"142","COMERCIALIZADORA S.A.","Santiago",1,"PUENTE 640 DEPTO CREDITO P1",290,4,60,"SA","290_SA_4",407280.179925766,395335.885718793,370261.917330136,365804.812822217,349894.763295169,345920.812076705,333263.587024731
"143","COMISION NACIONAL DE RIEGO","Santiago",1,"VALENTIN LETELIER 1350 P.1",291,4,150,"SA","291_SA_4",407467.436683966,395814.830521662,370413.45873165,366797.586108413,351264.209665783,350185.711887166,335748.33786372
"144","COMISION NACIONAL DEL MEDIO AMBIENTE","Providencia",2,"OBISPO DONOSO 6 PISO 6",292,4,50,"PR","292_PR_4",408441.549666895,398366.950390298,370794.18982127,369099.201699263,352333.121777612,350959.754451063,344042.943683965
"145","COMISION NACIONAL DEL MEDIO AMBIENTE","Providencia",2,"OBISPO DONOSO 6 PISO 1",293,4,165,"PR","293_PR_4",408441.549666895,398366.950390298,370794.18982127,369099.201699263,352333.121777612,350959.754451063,344042.943683965
"146","CONFECCIONES GERARD LTDA.","Santiago",1,"NATANIEL COX 1528",294,4,90,"SA","294_SA_4",408534.305388251,399101.120753422,371714.094956112,371266.745232804,355813.79488433,351949.581952363,345332.906777203
"147","CONSEJO LOCAL DE DEPORTES LAS CONDES","Las Condes",3,"CERRO COLORADO 5435",142,2,50,"LC","142_LC_2",409116.477821066,399660.30962388,372174.335287569,374614.970740552,357326.692007615,352512.61495089,345982.68160217
"148","CONSERVADOR DE BIENES RAICES","Santiago",1,"MORANDE 440 P.2",218,3,120,"SA","218_SA_3",410030.745774378,401108.375244196,372488.258794248,376436.003224401,357787.44995136,353053.618782712,346628.647068176
"149","CONSERVADOR DE BIENES RAICES","Santiago",1,"MORANDE 440 P.4",219,3,90,"SA","219_SA_3",410030.745774378,401108.375244196,372488.258794248,376436.003224401,357787.44995136,353053.618782712,346628.647068176
"150","CONSERVADOR DE BIENES RAICES","Santiago",1,"MORANDE 440  P.2",143,2,180,"SA","143_SA_2",410030.745774378,401108.375244196,372488.258794248,376436.003224401,357787.44995136,353053.618782712,346628.647068176
"151","CONSORCIO ARA-INGENDESA LTDA.","Santiago",1,"SAN ISIDRO 65",144,2,90,"SA","144_SA_2",411172.521713314,402907.640757229,372631.089107636,378149.558750864,357855.74824044,355083.067918893,347793.435873662
"152","CONSORCIO NAC.SEG.S.A.CIA.SEG.V.","Las Condes",3,"CALLAO 2928 PISO 1",145,2,60,"LC","145_LC_2",411367.851139797,402974.11539481,374396.069443972,380126.349221072,361188.272092907,355134.007667992,349005.585572853
"153","CONSORCIO NAC.SEG.S.A.CIA.SEG.V.","Santiago",1,"BANDERA 248 LC.1",146,2,165,"SA","146_SA_2",411367.851139797,402974.11539481,374396.069443972,380126.349221072,361188.272092907,355134.007667992,349005.585572853
"154","CONSORCIO NAC.SEG.S.A.CIA.SEG.V.","Las Condes",3,"AV.EL BOSQUE SUR 180 P6 RRHH",147,2,30,"LC","147_LC_2",411367.851139797,402974.11539481,374396.069443972,380126.349221072,361188.272092907,355134.007667992,349005.585572853
"155","CONSORCIO NAC.SEG.S.A.CIA.SEG.V.","Providencia",2,"EL BOSQUE 180 PISO 6",220,3,60,"PR","220_PR_3",411367.851139797,402974.11539481,374396.069443972,380126.349221072,361188.272092907,355134.007667992,349005.585572853
"156","CONSTRA.ASOC.B Y C LTDA.","Providencia",2,"LAS URBINA 53 OF 141",30,1,60,"PR","30_PR_1",411774.081321043,404136.617039859,374713.314461579,381234.543010066,361970.911851598,355491.910192439,349239.403828112
"157","CONSTRUCTORA CABO DE HORNOS LTDA.","Las Condes",3,"LINEO 6557",295,4,60,"LC","295_LC_4",411851.735691318,404370.30997778,374940.998826197,381884.739428712,364145.35277388,355721.528347247,351245.129483929
"158","CONSTRUCTORA COPEVA S. A.","Santiago",1,"PHILLIPS 84 OF 49",366,5,20,"SA","366_SA_5",412608.295337403,404656.166353221,378047.714123689,382284.372162062,365201.265482463,357626.107408577,352229.695158291
"159","CORPBANCA","Santiago",1,"HUERFANOS 1072   P8",32,1,90,"SA","32_SA_1",413148.345028425,404726.91420909,378263.861137866,383837.136528502,366708.065420596,358626.515099345,352707.863864778
"160","CORPBANCA","Santiago",1,"ALAMEDA 2206 PISO 1",31,1,90,"SA","31_SA_1",413148.345028425,404726.91420909,378263.861137866,383837.136528502,366708.065420596,358626.515099345,352707.863864778
"161","CORPORACION DE AYUDA AL PACIENTE MENTAL","Providencia",2,"MELCHOR CONCHA 9 BARRIO BELLAVISTA",367,5,15,"PR","367_PR_5",413777.51933271,404843.386097116,380570.80444995,384184.550655935,366991.090054747,360904.948104096,352930.313908586
"162","COZ Y CIA. LTDA.","Las Condes",3,"AV LAS CONDES 11380 OF. 101",33,1,150,"LC","33_LC_1",414388.201142738,405205.598155343,382023.568561394,384994.703870777,367515.693344213,361670.067470693,354142.991940622
"163","CTRO. DE ANALISIS Y ASES DE MERCADO  LTD","Providencia",2,"CARLOS ANTUNEZ  1843 DEPTO  105  BLOCK22",221,3,35,"PR","221_PR_3",414635.117037092,405734.338152095,383496.880955997,386428.678511575,369321.680207784,362795.968003693,354479.604163982
"164","DEFENSA CIVIL DE CHILE","Santiago",1,"VERGARA 135",296,4,90,"SA","296_SA_4",414696.571521428,406749.582505579,388135.389384601,387739.048266259,371071.651336701,369241.866350351,355592.247978195
"165","DELOITTE & TOUCHE","Providencia",2,"PROVIDENCIA 1760 PISO 9",222,3,60,"PR","222_PR_3",415183.373993185,406795.292948233,389391.025719837,390460.487713547,371087.816651622,371045.473455351,358504.454192334
"166","DELOITTE & TOUCHE OUTSOURCING S.A.","Providencia",2,"AV PROVIDENCIA 1760 PISO 6",223,3,40,"PR","223_PR_3",415758.991552459,406849.083934062,389416.934074861,391607.423912346,372548.466201515,371497.613143848,358540.974328522
"167","DELTOUR","Providencia",2,"MONSE?OR FELIX CABRERA 62",224,3,50,"PR","224_PR_3",416851.913324688,406880.510417977,390163.452911665,393444.57295428,375068.706289988,373027.14562134,358759.199227924
"168","DERCO AUTOS S.A.","Las Condes",3,"AV KENNEDY 5601 1ER SUBTE",34,1,80,"LC","34_LC_1",417142.46600826,406914.368664153,391169.948040919,393529.513864118,377712.217838275,373556.074048634,360504.892632376
"169","DIARIO EL SUR S.A.","Santiago",1,"CATEDRAL 1009   OF 306",148,2,90,"SA","148_SA_2",417262.153255318,407191.290741639,392802.800325664,395767.018365849,377991.081618286,374199.492107848,367462.628830466
"170","DILACO LTDA","Providencia",2,"PEREZ VALENZUELA  N? 1138 P 4",368,5,5,"PR","368_PR_5",417271.509867677,407678.665431127,394048.162721886,396195.846077485,378051.751783422,374489.204311282,367895.934955839
"171","DIRECCION DEL TRABAJO","Santiago",1,"AGUSTINAS 1253 P.6 OF.601 PRES",369,5,120,"SA","369_SA_5",417548.566957467,408180.826884208,394084.43827574,397694.378002216,379597.155141666,375750.542887239,368677.413923003
"172","DIRECCION DEL TRABAJO","Santiago",1,"AGUSTINAS 1253 PISO 6 OFIC. PA",370,5,140,"SA","370_SA_5",417548.566957467,408180.826884208,394084.43827574,397694.378002216,379597.155141666,375750.542887239,368677.413923003
"173","DIRECCION NACIONAL GENDARMERIA DE CHILE","Santiago",1,"ROSAS 1274 PISO 3",225,3,80,"SA","225_SA_3",417727.20753907,408231.024607806,395284.796207276,398817.800180899,380096.190798094,376529.72525905,370793.602720805
"174","DIRECCION NACIONAL GENDARMERIA DE CHILE","Santiago",1,"ROSAS 1274 PISO 1 (CONTAB Y PR",35,1,105,"SA","35_SA_1",417727.20753907,408231.024607806,395284.796207276,398817.800180899,380096.190798094,376529.72525905,370793.602720805
"175","DISTRIBUIDORA AUTOMOTRIZ SANTIAGO S.A.","Santiago",1,"COQUIMBO 345",297,4,100,"SA","297_SA_4",417807.606625849,408507.113111071,395876.862910044,399024.822630344,380330.96166428,379567.265447516,373273.921061595
"176","ECHEVERRIA,IZQUIERDO,ING. Y CONST. S.A.","Las Condes",3,"BENJAMIN 2944 PISO 2.",36,1,60,"LC","36_LC_1",418197.511246806,408802.87212715,396267.970291047,399264.218670718,381756.644668614,381385.354886659,376366.825735383
"177","ECOLAB S.A.","Providencia",2,"PEDRO DE VALDIVIA 3801",298,4,120,"PR","298_PR_4",418337.722165981,409042.003951412,396372.097890788,402462.033345944,381875.897419985,381491.44428034,377151.119065796
"178","EJERCITO DE CHILE DIRECCION DE LOGISTICA","Santiago",1,"ZENTENO 45 P 8",150,2,120,"SA","150_SA_2",418388.112453208,409108.150181189,396404.141711714,404030.44913617,382724.377286097,382859.73709291,378110.610054216
"179","EJERCITO DE CHILE DIRECCION DE LOGISTICA","Santiago",1,"ZENTENO 45 P.8 AYUDANTIA PERS.",149,2,235,"SA","149_SA_2",418388.112453208,409108.150181189,396404.141711714,404030.44913617,382724.377286097,382859.73709291,378110.610054216
"180","EJERCITO DE SALVACION","Santiago",1,"AV.ESPAóA 46-PISO 2",151,2,120,"SA","151_SA_2",418522.344386227,410216.753912597,396685.697075507,406664.506247112,383184.205123591,384272.609863433,380688.690767593
"181","EMBAJADA DE ITALIA","Providencia",2,"CLEMENTE FABRES 1050",38,1,80,"PR","38_PR_1",419438.353378207,410416.683962346,397852.181922264,408137.547325445,383639.138539637,388152.271513744,383750.931720711
"182","EMBAJADA DE ITALIA","Providencia",2,"CLEMENTE FABRES 1050",371,5,30,"PR","371_PR_5",419438.353378207,410416.683962346,397852.181922264,408137.547325445,383639.138539637,388152.271513744,383750.931720711
"183","EMBAJADA DE ITALIA","Providencia",2,"CLEMENTE FABRES 1050",37,1,60,"PR","37_PR_1",419438.353378207,410416.683962346,397852.181922264,408137.547325445,383639.138539637,388152.271513744,383750.931720711
"184","EMBAJADA DE RUSIA","Las Condes",3,"COLON 4152",39,1,90,"LC","39_LC_1",420422.779097049,410658.816917545,398548.410288887,410293.814538861,385350.638442591,388648.691131004,387249.422156227
"185","EMP.CONST.AVELLANEDA LTDA.","Providencia",2,"AV. LUIS TAYER OJEDA 0191 P 16",226,3,65,"PR","226_PR_3",420449.841700096,411972.079902694,399329.261338607,411356.11955589,389562.712146843,390418.840114378,388287.419049661
"186","EMP.PARA EL DEPORTE Y LA SALUD LTDA","Las Condes",3,"AVDA LAS CONDES 13635",372,5,60,"LC","372_LC_5",420519.867145355,412599.040396465,400865.811961733,412543.18703679,389755.861141675,390676.807769237,389781.317574684
"187","EMPRESA NACIONAL DE EXPLOSIVOS","Las Condes",3,"RENATO SANCHEZ 3859",227,3,120,"LC","227_LC_3",421139.09991112,412981.578482297,401766.722084843,412944.838628845,390671.750473755,390698.665236538,391678.415489357
"188","EMPRESAS C.M.P.C. S.A.","Santiago",1,"AGUSTINAS  1343 P.9",40,1,60,"SA","40_SA_1",422153.905252403,413301.889613645,402870.228670303,413172.367323124,391067.826706712,391748.382213098,392034.66348462
"189","EMPRESAS JUAN YARUR S.A.C.","Santiago",1,"MONEDA 920 OF.801",228,3,100,"SA","228_SA_3",422457.909112281,414879.45382479,402917.129759999,417053.916313885,393213.574683254,392550.548243692,392582.833948886
"190","ENRIQUE OSIAC BROSKY","Las Condes",3,"LAS CONDESAS 2436",152,2,1,"LC","152_LC_2",423635.001845116,415363.152803262,403939.597952069,418117.52830484,393560.661576107,392944.181478537,394210.209680284
"191","ENTEL PCS TELECOMUNICACIONES S.A.","Las Condes",3,"AV. ANDRES BELLO 2711 PISO 14",41,1,120,"LC","41_LC_1",423729.315517339,415581.291074901,404275.981172463,418658.363202856,394629.095630716,394404.810951838,394887.631936295
"192","ENTEL PCS TELECOMUNICACIONES S.A.","Providencia",2,"AV. ANDRES BELLO 2777 P11",42,1,60,"PR","42_PR_1",423729.315517339,415581.291074901,404275.981172463,418658.363202856,394629.095630716,394404.810951838,394887.631936295
"193","ESCUELA MILITAR","Las Condes",3,"LOS MILITARES 4500 1 COMPA?IA",299,4,60,"LC","299_LC_4",423738.913977806,418676.514328677,404371.425020313,418940.55020836,395215.20976261,396895.673847916,396350.479489084
"194","ESEDEI INGENIEROS S.A.","Santiago",1,"COYANCURA 2283 P7",43,1,207,"SA","43_SA_1",424204.558895413,418860.976223412,404588.564091119,419444.489621837,395234.733214906,397011.655948383,398805.414408188
"195","ESTUDIO RAUL DE LA FUENTE M. Y CIA. LTDA","Santiago",1,"Agustinas 1235 of.32 Raul de la Fuente M",300,4,105,"SA","300_SA_4",424272.328462913,419015.590819601,405073.818380148,422032.07121049,397869.408228612,399392.190409364,400014.353852989
"196","EVASA S.A.","Santiago",1,"TEATINOS 449 PISO 3",301,4,75,"SA","301_SA_4",424278.597747397,419111.10431916,405622.709209296,424600.063314611,398795.370467712,406015.579264495,401030.760383222
"197","EXAMENES DE LABORATORIOS S.A.","Providencia",2,"11 DE SEPTIEMBRE 1920 P4",44,1,25,"PR","44_PR_1",424517.161425339,420493.97155905,405826.661103159,424624.722180253,400000.383199032,406726.183540993,401413.431632758
"198","EXTRACTOS NATURALES GELYMAR S.A.","Providencia",2,"AV. STA. MARIA 2050 P.3",153,2,230,"PR","153_PR_2",424642.798801876,420658.946004974,406306.414475928,425306.586085865,400355.843864511,408108.995376423,401767.189828524
"199","FACH COMANDO LOGISTICO","Santiago",1,"ALAMEDA 1170 PISO 3",302,4,90,"SA","302_SA_4",425126.993530165,420835.17524069,406447.254101315,426843.7784153,401598.661113284,408775.80563794,403028.091280942
"200","FALABELLA Y CIA. CORREDORA DE SEGUROS LT","Santiago",1,"AHUMADA 179  PISO 9  CORREDORA",373,5,60,"SA","373_SA_5",425519.183362098,421357.445463493,406737.862737692,427002.675859102,402255.978526196,409158.496269107,404846.531989359
"201","FED. INTERN. DE TRAB. DE LA IND. METALUR","Providencia",2,"PROV.2019 42-B P4",154,2,170,"PR","154_PR_2",425524.460311103,421975.20168201,409823.18766524,429163.992789034,402536.409805137,414297.681335134,405541.00008805
"202","FED. INTERN. DE TRAB. DE LA IND. METALUR","Providencia",2,"PROV.2019 42-B P4",374,5,105,"PR","374_PR_5",425524.460311103,421975.20168201,409823.18766524,429163.992789034,402536.409805137,414297.681335134,405541.00008805
"203","FED.NAC.DE TRABAJADORES DEL COBRE","Santiago",1,"GENERAL BUSTAMANTE 627 PISO 2",155,2,240,"SA","155_SA_2",426491.855908867,423552.035253754,409844.684768558,429485.301976341,404202.162713537,414900.555324457,407841.765285088
"204","FOCUS GROUP CONSULTORES LTDA.","Providencia",2,"ISIDORO GOYENECHEA 3621 P9 OF 902",375,5,170,"PR","375_PR_5",426899.712394827,424242.013274089,410307.018953485,429883.38221587,404322.387404856,415328.871011876,411069.290214022
"205","FORWARD COMPUTACION LTDA","Santiago",1,"ALAMEDA 108 L 119",229,3,60,"SA","229_SA_3",427010.592055026,424274.027550609,410438.560500859,430033.213943682,405362.507255612,418006.062409021,413824.281419573
"206","FUNDACION ALCAZAR","Providencia",2,"GUARDIA VIEJA 255 OF. 704",156,2,80,"PR","156_PR_2",427096.515110497,426827.380701,410479.487204909,430095.632438183,406681.9511413,418677.74770172,416680.813385037
"207","FUNDACION EDUCACIONAL TABANCURA","Vitacura",4,"LAS HUALTATAS 10030",45,1,75,"VI","45_VI_1",427995.464796649,426879.491728298,410496.37949808,430133.863230882,407787.951473864,419462.0561192,417394.240141556
"208","FUNDACION NACIONAL PARA LA SUPERACION DE","Santiago",1,"LONDRES 69",46,1,90,"SA","46_SA_1",428149.079866805,427121.175671427,410564.823278065,435225.492460049,409306.315823626,419907.497506541,424298.366413182
"209","FUNDACION NACIONAL PARA LA SUPERACION DE","Santiago",1,"LONDRES   69",47,1,90,"SA","47_SA_1",428149.079866805,427121.175671427,410564.823278065,435225.492460049,409306.315823626,419907.497506541,424298.366413182
"210","FUNDACION VIDA","Providencia",2,"RICCARDO MATTE PEREZ 0156",230,3,30,"PR","230_PR_3",428742.096798633,427669.062960406,411294.146118451,437651.865915244,413210.223632435,422581.709543288,425175.368405563
"211","GASTON FUENZALIDA PROPIEDADES LTDA","Las Condes",3,"REYES LAVALLE 3330",303,4,60,"LC","303_LC_4",428759.670411183,428051.2954469,412341.937162777,438335.522389909,413466.326832932,423234.747750279,425266.269478742
"212","GOLDER ASSOCIATES S.A.","Providencia",2,"AV. 11 DE SEPTIEMBRE 2353 PISO16",376,5,75,"PR","376_PR_5",428863.297802829,428992.539956666,412464.756806759,439449.354428442,413667.069876062,423516.756669649,427445.951366021
"213","GRAFHIKA COPY CENTER LTDA.","Vitacura",4,"ANDRES   BELLO 2879  P. 1",304,4,120,"VI","304_VI_4",428896.237412363,429508.442140855,414512.748663326,440133.343173906,414502.084862479,425577.969362428,428308.843233569
"214","GRAFHIKA COPY CENTER LTDA.","Santiago",1,"DOMEYKO 2338",231,3,80,"SA","231_SA_3",428896.237412363,429508.442140855,414512.748663326,440133.343173906,414502.084862479,425577.969362428,428308.843233569
"215","GRAFHIKA COPY CENTER LTDA.","Santiago",1,"TENDERINI 78",49,1,60,"SA","49_SA_1",428896.237412363,429508.442140855,414512.748663326,440133.343173906,414502.084862479,425577.969362428,428308.843233569
"216","GRAFHIKA COPY CENTER LTDA.","Santiago",1,"TENDERINI 78",306,4,270,"SA","306_SA_4",428896.237412363,429508.442140855,414512.748663326,440133.343173906,414502.084862479,425577.969362428,428308.843233569
"217","GRAFHIKA COPY CENTER LTDA.","Providencia",2,"GUARDIA VIEJA 240",305,4,25,"PR","305_PR_4",428896.237412363,429508.442140855,414512.748663326,440133.343173906,414502.084862479,425577.969362428,428308.843233569
"218","GRAFHIKA COPY CENTER LTDA.","Providencia",2,"GUARDIA VIEJA 240",377,5,30,"PR","377_PR_5",428896.237412363,429508.442140855,414512.748663326,440133.343173906,414502.084862479,425577.969362428,428308.843233569
"219","GRAFHIKA COPY CENTER LTDA.","Santiago",1,"STO.  DOMINGO  1862",157,2,150,"SA","157_SA_2",428896.237412363,429508.442140855,414512.748663326,440133.343173906,414502.084862479,425577.969362428,428308.843233569
"220","GRAFHIKA COPY CENTER LTDA.","Santiago",1,"DOMEYKO 2338",48,1,60,"SA","48_SA_1",428896.237412363,429508.442140855,414512.748663326,440133.343173906,414502.084862479,425577.969362428,428308.843233569
"221","GRAFHIKA COPY CENTER LTDA.","Providencia",2,"GUARDIA VIEJA 240",232,3,120,"PR","232_PR_3",428896.237412363,429508.442140855,414512.748663326,440133.343173906,414502.084862479,425577.969362428,428308.843233569
"222","GRAFICA LETRILANDIA LTDA.","Santiago",1,"PORTUGAL 658",307,4,120,"SA","307_SA_4",428995.911566037,429649.874711862,417735.121117699,441715.670296089,415397.18310977,427242.320420465,428902.770473143
"223","GUERRERO DITEAUX RAUL","Santiago",1,"AV. VICUNA MACKENNA 856",233,3,40,"SA","233_SA_3",429376.661218016,429696.113861954,418992.457256576,444563.291799325,415609.893714326,428973.861330671,429908.613286658
"224","HEIDRICK Y STRUGGLES DE CHILE LTDA.","Providencia",2,"AV ANDRES BELLO 2777  PISO 9 OF.903",378,5,30,"PR","378_PR_5",429386.29963519,430130.622630621,419046.788799926,445493.656338695,417954.373901482,429797.168871289,433510.417782183
"225","HOCHTIEF CHILENA LTDA.","Las Condes",3,"AVDA EL BOSQUE NORTE 0440 P9 OF902",234,3,60,"LC","234_LC_3",429621.200992639,430773.11692733,419680.296096791,446598.352060613,418621.34796744,430455.577414942,434333.728922346
"226","HONORATO, RUSSI A CIA. LTDA.","Las Condes",3,"ROGER DE FLOR 2736 PISO 6",235,3,120,"LC","235_LC_3",429690.196447958,431595.021547217,419834.102798584,446734.57941179,422018.84158999,430924.693670051,438480.484512152
"227","HOTEL CORP.OF CHILE HYATT REGENCY","Las Condes",3,"ALONSO DE CORDOVA 4601 CENTRO NEGOCIOS",379,5,60,"LC","379_LC_5",429815.174680196,431626.469475153,423616.32710191,448092.426000025,423601.068176284,436986.669707111,439953.269944525
"228","HOTELES DE CHILE S.A.","Las Condes",3,"AVDA. KENNEDY 5741 P.1 RECEPCION",50,1,80,"LC","50_LC_1",430510.584253532,434232.229719721,424601.225591169,448638.765008664,424292.289619208,439612.996497973,442400.721610949
"229","HQI TRANSELEC CHILE S.A.","Providencia",2,"APOQUINDO 3721 PISO 6",158,2,85,"PR","158_PR_2",430612.608820738,434970.263159864,424851.07960462,449614.995785919,424484.015546579,440463.108846047,447428.840491904
"230","I. MUNICIPALIDAD DE VITACURA","Vitacura",4,"SANCHO DE LA HOZ 3470 DIREC.DE OPERACI",236,3,90,"VI","236_VI_3",430732.798372019,436711.482015022,425668.763275858,449866.302805726,425074.788520705,440670.485459182,447767.865031913
"231","I.MUNICIPALIDAD DE PROVIDENCIA","Providencia",2,"P DE VALDIVIA 963  DEPTO CATASTRO",308,4,30,"PR","308_PR_4",431079.914747623,437768.252218105,427212.632768504,449868.432822782,426973.717571947,440979.734275227,448180.241161245
"232","I.MUNICIPALIDAD DE PROVIDENCIA","Providencia",2,"PEDRO DE VALDIVIA 963.DIREC.PROTEC CIVIL",237,3,70,"PR","237_PR_3",431079.914747623,437768.252218105,427212.632768504,449868.432822782,426973.717571947,440979.734275227,448180.241161245
"233","I.MUNICIPALIDAD DE SANTIAGO","Santiago",1,"BALMACEDA  1114  3P",159,2,55,"SA","159_SA_2",431358.024233839,438558.782865761,428181.584423044,450682.592824155,429653.680427302,441276.268612596,449093.083005079
"234","I.MUNICIPALIDAD DE SANTIAGO","Santiago",1,"STO DOMINGO 916 PISO 7 OF.703 CENT.FOTO",51,1,90,"SA","51_SA_1",431358.024233839,438558.782865761,428181.584423044,450682.592824155,429653.680427302,441276.268612596,449093.083005079
"235","IMAX S. A.","Providencia",2,"PADRE MARIANO 277 P 3",160,2,60,"PR","160_PR_2",431402.305754939,439727.933640849,429368.775887689,450758.780744314,430128.158416868,441722.862546366,449102.376631264
"236","IMPRESORA Y COMERCIAL TIEMPO FUTURO SA","Providencia",2,"ALMIRANTE PASTENE 259",309,4,60,"PR","309_PR_4",432061.290682794,440096.949287899,430102.882804683,451482.837392458,430487.037947578,442470.290651001,449140.49685284
"237","IMPRESORA Y COMERCIAL TIEMPO FUTURO SA","Providencia",2,"ALMIRANTE PASTENE 259",310,4,120,"PR","310_PR_4",432061.290682794,440096.949287899,430102.882804683,451482.837392458,430487.037947578,442470.290651001,449140.49685284
"238","INACAP","Las Condes",3,"AV. APOQUINDO 7282 P-3 SALA DE PROF.",161,2,180,"LC","161_LC_2",432519.801297126,440214.089999561,431518.789669686,451575.849626968,433322.591572929,443904.489207651,449349.52503179
"239","INDUSTRIA TEXTIL MONARCH S.A.","Santiago",1,"VICUNA MACKENNA 1215 PISO 3",238,3,60,"SA","238_SA_3",433130.678376162,441522.792627386,432285.578195099,451843.859731518,434367.299478385,445627.185522787,451506.654529204
"240","ING SALUD ISAPRE","Santiago",1,"MIRAFLORES 222 E/P",162,2,1,"SA","162_SA_2",433912.949518259,442074.830957162,432918.44990267,452780.816799989,436779.07541693,446658.390086054,452890.248334052
"241","ING SALUD S.A.","Santiago",1,"MORANDE 325 SUBTERRANEO",239,3,180,"SA","239_SA_3",434528.712926581,442482.676015438,433017.56550558,454038.997366558,440344.014373301,448530.398093938,457678.974864226
"242","ING SEGUROS DE VIDA S.A.","Providencia",2,"COYANCURA 2283",52,1,30,"PR","52_PR_1",434538.431670283,444790.030071871,435426.326149602,455061.813291398,440383.78571982,450257.196509966,457754.391628043
"243","ING SEGUROS DE VIDA S.A.","Providencia",2,"COYANCURA 2283",240,3,60,"PR","240_PR_3",434538.431670283,444790.030071871,435426.326149602,455061.813291398,440383.78571982,450257.196509966,457754.391628043
"244","INGENIERIA ELECTRICA VOLTA LTDA.","óu“oa",5,"JOSE MANUEL INFANTE 2670",53,1,90,"NU","53_NU_1",435897.938344696,446684.651516342,436597.683466493,455967.035579574,440970.091026437,450446.960131029,458306.891997578
"245","INGENIERIA Y CONST. KODAMA LTDA.","Providencia",2,"AVDA ELIODORO YA?EZ 1198",311,4,60,"PR","311_PR_4",437971.231456429,446906.071809765,437448.881961136,457049.193297085,445131.301636947,451731.499389243,459675.462844097
"246","INMOBIL. E INVERSIONES RUCA S.A.","Santiago",1,"MAC IVER 225 OF 302",241,3,20,"SA","241_SA_3",438180.431682937,447399.813169711,437503.20139357,457428.985170056,446692.195464889,456213.01346592,463100.846445971
"247","INMOBILIARIA NORTE VERDE S.A.","Las Condes",3,"ENRIQUE FOSTER SUR 20 PISO 14",55,1,60,"LC","55_LC_1",439304.249910795,447537.135810061,438030.488910787,457732.632902678,446965.494129978,457719.205324124,468070.438314901
"248","INMOBILIARIA NORTE VERDE S.A.","Las Condes",3,"ENRIQUE FOSTER SUR 20 PISO 14",54,1,60,"LC","54_LC_1",439304.249910795,447537.135810061,438030.488910787,457732.632902678,446965.494129978,457719.205324124,468070.438314901
"249","INSTITUTO DE ESTUDIOS GRAFICOS DE CHILE","Providencia",2,"CANADA 253  OF A  2257706",312,4,50,"PR","312_PR_4",439530.504827702,449140.666875477,438196.848222562,460785.909306426,450834.32154039,459183.647232596,472365.026301338
"250","INSTITUTO HEBREO S.A.","Las Condes",3,"AV.LAS CONDES 13450",56,1,150,"LC","56_LC_1",439899.915676049,449670.464171542,442755.860388631,461008.250979848,451413.921513522,459677.87199156,472379.586726964
"251","INSTITUTO NACIONAL DE DEPORTES","Providencia",2,"FIDEL OTEIZA 1956 P.3",313,4,50,"PR","313_PR_4",440355.223226457,449768.052099211,443831.638853559,464185.63990304,452752.644830523,461443.821700419,474324.880863916
"252","INSTITUTO NACIONAL DE DEPORTES","Providencia",2,"FIDEL OTEIZA 1956  P.8",163,2,120,"PR","163_PR_2",440355.223226457,449768.052099211,443831.638853559,464185.63990304,452752.644830523,461443.821700419,474324.880863916
"253","INTERPLUS S.A.","óu“oa",5,"JOSE P.ALESSANDRI 1800",164,2,90,"NU","164_NU_2",440901.005603208,451609.840355299,443845.895052275,465165.921249655,453003.354034542,461917.437813167,478268.52587371
"254","INVERSIONES Y SERVICIOS S.A.","Santiago",1,"HUERFANOS 979 P 7",314,4,20,"SA","314_SA_4",441057.800734455,451674.996294018,444010.947651667,465231.421183552,453148.387989735,466695.925616132,480456.298509448
"255","ISAPRE COLMENA GOLDEN CROSS S.A.","Las Condes",3,"APOQUINDO 5009 DPTO DE OPERACIONES",380,5,234,"LC","380_LC_5",442812.069386019,452722.279636959,445725.13582145,467253.564197229,455214.821564491,467337.69287133,484796.02972257
"256","ISAPRE CONSALUD S.A.","Santiago",1,"ALAMEDA 1511 P.7",59,1,60,"SA","59_SA_1",442985.825034769,454207.779347714,446020.038189028,469976.848111082,455731.128519742,468049.515538616,486484.798109624
"257","ISAPRE CONSALUD S.A.","Santiago",1,"SAN MARTIN 30 PISO 1",57,1,60,"SA","57_SA_1",442985.825034769,454207.779347714,446020.038189028,469976.848111082,455731.128519742,468049.515538616,486484.798109624
"258","ISAPRE CONSALUD S.A.","Santiago",1,"ALAMEDA 1511 P.7",58,1,60,"SA","58_SA_1",442985.825034769,454207.779347714,446020.038189028,469976.848111082,455731.128519742,468049.515538616,486484.798109624
"259","ISAPRE PROMEPART","Santiago",1,"MERCED 280 PISO 3",165,2,120,"SA","165_SA_2",444065.696396525,455540.935339011,449631.873267657,470034.169293633,457433.451485458,469680.940379351,488803.257031606
"260","ISE LAS AMERICAS CIA DE SEG DE VIDA S.A.","Las Condes",3,"AV. EL BOSQUE NORTE 0177 OF. 602",60,1,90,"LC","60_LC_1",444737.259128967,456248.014820371,449892.806064256,470622.002510035,459457.923911536,469737.257954411,489154.100988024
"261","JOHNSON`S S.A.","Santiago",1,"óUBLE   1055  P. 2",167,2,60,"SA","167_SA_2",445759.099290183,456360.668490229,450408.658123885,471150.472115844,461210.514548142,470257.847509768,491281.191494066
"262","JOHNSON`S S.A.","Santiago",1,"AGUSTINAS 978",64,1,10,"SA","64_SA_1",445759.099290183,456360.668490229,450408.658123885,471150.472115844,461210.514548142,470257.847509768,491281.191494066
"263","JOHNSON`S S.A.","Santiago",1,"AHUMADA 55 PISO 2",62,1,150,"SA","62_SA_1",445759.099290183,456360.668490229,450408.658123885,471150.472115844,461210.514548142,470257.847509768,491281.191494066
"264","JOHNSON`S S.A.","Santiago",1,"NUBLE 1034 PISO 2",61,1,30,"SA","61_SA_1",445759.099290183,456360.668490229,450408.658123885,471150.472115844,461210.514548142,470257.847509768,491281.191494066
"265","JOHNSON`S S.A.","Santiago",1,"AVDA. KENNEDY 5413 L-123",166,2,40,"SA","166_SA_2",445759.099290183,456360.668490229,450408.658123885,471150.472115844,461210.514548142,470257.847509768,491281.191494066
"266","JOHNSON`S S.A.","Santiago",1,"óUBLE 1008 REC HUMANOS",65,1,30,"SA","65_SA_1",445759.099290183,456360.668490229,450408.658123885,471150.472115844,461210.514548142,470257.847509768,491281.191494066
"267","JOHNSON`S S.A.","Santiago",1,"MATIAS COUSIóO  64 E P OF 1",63,1,75,"SA","63_SA_1",445759.099290183,456360.668490229,450408.658123885,471150.472115844,461210.514548142,470257.847509768,491281.191494066
"268","JOHNSON`S S.A.","Santiago",1,"SAN DIEGO 1856 PISO 2 AUDITORIA",381,5,60,"SA","381_SA_5",445759.099290183,456360.668490229,450408.658123885,471150.472115844,461210.514548142,470257.847509768,491281.191494066
"269","KOCH INGENIERIA (CHILE) LTDA.","Las Condes",3,"EL BOSQUE NORTE 0440 OF.1202",242,3,40,"LC","242_LC_3",445912.582708457,456606.648912006,450865.313871123,471166.752274644,461320.701060184,471091.411453039,492917.203378922
"270","KPMG JERIA Y ASOC. AUDIT. CONSULT. LTDA.","Santiago",1,"MONJITAS 527 PISO 13 OF 1304",315,4,180,"SA","315_SA_4",446277.011812513,457595.1165003,451749.181867209,472099.177010482,463773.675019655,472150.032138215,494470.759773477
"271","LABORATORIO CHILE S.A.","óu“oa",5,"AV MARATON 1315",316,4,60,"NU","316_NU_4",447325.308308822,457852.653960788,453799.432317871,474316.564451904,465593.233571435,474885.966287721,494698.2627624
"272","LABORATORIO RECALCINE","Providencia",2,"PEDRO DE VALDIVIA 428",66,1,75,"PR","66_PR_1",447568.578394868,458473.747779246,457126.986399911,475649.494972946,468854.969670171,474942.382965996,494974.132555261
"273","LABORATORIO RIDER S.A.","Santiago",1,"PLACER 1354  PISO 2",168,2,60,"SA","168_SA_2",448203.077893017,460302.193058718,458289.043749148,476448.082986477,471194.293012798,480239.984651707,497713.754297717
"274","LAS AGUILAS LTDA.","Santiago",1,"BANDERA 84 P2 OF 215",67,1,60,"SA","67_SA_1",448359.360098751,460798.704714984,460827.212614339,477718.965494958,471323.918528358,483777.406128488,497973.953551776
"275","LE MANS ISE CIA.DE SEG.GENERALES S.A.","Las Condes",3,"ENCOMENDEROS 138",317,4,45,"LC","317_LC_4",448456.737504633,461853.727259244,460979.05796722,479220.923750407,476907.200531405,484027.787370901,498743.450525362
"276","LEXIS NEXIS CHILE LTDA","Santiago",1,"MIRAFLORES 383 P.12",243,3,120,"SA","243_SA_3",448827.434465543,463651.094755039,462366.849511938,482718.670502446,479191.741153526,486027.318141709,499930.64506104
"277","LEXIS NEXIS CHILE LTDA","Santiago",1,"MIRAFLORES  383 PISO 12",318,4,240,"SA","318_SA_4",448827.434465543,463651.094755039,462366.849511938,482718.670502446,479191.741153526,486027.318141709,499930.64506104
"278","LIBRERIA GONZALEZ Y ASPE LTDA","Santiago",1,"LIRA 192 LOCAL G",68,1,120,"SA","68_SA_1",449002.776174764,464506.159283027,463059.242192725,483377.09216863,483683.206572879,486990.559088301,507780.009634251
"279","LOPEZ MARTINEZ MARIA EUGENIA","Vitacura",4,"VITACURA 8400 LOCAL   D",69,1,60,"VI","69_VI_1",449334.714564891,464969.785789261,464820.621864032,484318.406405226,484772.134923856,490927.632644452,513326.501938707
"280","MANQUEHUE NET S.A.","Providencia",2,"11 DE SEPTIEMBRE 2260 LOC 51",382,5,30,"PR","382_PR_5",449450.337538938,465556.42531327,465017.476251507,484388.145101872,484805.72766144,497506.362856767,516641.296868359
"281","MARIANA THOMSEN Y CIA.LTDA.","Providencia",2,"MANUEL MONTT 2000",319,4,90,"PR","319_PR_4",449718.597743839,465926.845458392,466483.496111639,485583.394140436,485294.571481501,498324.964157761,517765.549483561
"282","MAX HUBER REPROTECNICA LTDA.","Providencia",2,"GENERAL DEL CANTO 276",71,1,520,"PR","71_PR_1",449842.426053627,466552.699319831,469504.305122287,487653.582023146,486517.132446211,504143.362933108,520075.408456218
"283","MAX HUBER REPROTECNICA LTDA.","Santiago",1,"MIRAFLORES 109",70,1,180,"SA","70_SA_1",449842.426053627,466552.699319831,469504.305122287,487653.582023146,486517.132446211,504143.362933108,520075.408456218
"284","MAX HUBER REPROTECNICA LTDA.","Santiago",1,"MIRAFLORES 109",170,2,120,"SA","170_SA_2",449842.426053627,466552.699319831,469504.305122287,487653.582023146,486517.132446211,504143.362933108,520075.408456218
"285","MAX HUBER REPROTECNICA LTDA.","Santiago",1,"MONEDA 1045",244,3,80,"SA","244_SA_3",449842.426053627,466552.699319831,469504.305122287,487653.582023146,486517.132446211,504143.362933108,520075.408456218
"286","MAX HUBER REPROTECNICA LTDA.","Las Condes",3,"APOQUINDO 4900-LOCAL 82",169,2,135,"LC","169_LC_2",449842.426053627,466552.699319831,469504.305122287,487653.582023146,486517.132446211,504143.362933108,520075.408456218
"287","MINERA LAS CENIZAS S.A.","Providencia",2,"CORONEL 2354",171,2,65,"PR","171_PR_2",450040.658330771,467403.846262077,472982.185453258,489358.226197021,487012.210480604,504768.7596974,520401.961288693
"288","MINIST DE DEFENSA SUBSEC INVEST","óu“oa",5,"AV JOSE PEDRO ALESSANDRI 1800",172,2,60,"NU","172_NU_2",451171.080240977,469613.976211022,473366.946944105,490305.28282228,488077.890035849,506137.986028989,521471.162743056
"289","MINISTERIO DEL INTERIOR","Santiago",1,"PALACIO DE LA MONEDA OF.110",321,4,240,"SA","321_SA_4",451478.509326887,469665.47626606,473722.754667707,491785.443895325,494203.732459416,513387.368218605,522793.207348713
"290","MINISTERIO DEL INTERIOR","Santiago",1,"AGUSTINAS  1235  P. 4",383,5,240,"SA","383_SA_5",451478.509326887,469665.47626606,473722.754667707,491785.443895325,494203.732459416,513387.368218605,522793.207348713
"291","MINISTERIO DEL INTERIOR","Providencia",2,"TORRES BOONEN 511 PISO 1",73,1,120,"PR","73_PR_1",451478.509326887,469665.47626606,473722.754667707,491785.443895325,494203.732459416,513387.368218605,522793.207348713
"292","MINISTERIO DEL INTERIOR","Santiago",1,"AGUSTINAS 1235 P.8",72,1,195,"SA","72_SA_1",451478.509326887,469665.47626606,473722.754667707,491785.443895325,494203.732459416,513387.368218605,522793.207348713
"293","MINISTERIO DEL INTERIOR","Santiago",1,"PALACIO DE MONEDA GAB. SR MINISTRO",320,4,120,"SA","320_SA_4",451478.509326887,469665.47626606,473722.754667707,491785.443895325,494203.732459416,513387.368218605,522793.207348713
"294","MINISTERIO DEL INTERIOR","Santiago",1,"AGUSTINAS 1235 PISO 3 OF.DERECHOS HUMANO",322,4,90,"SA","322_SA_4",451478.509326887,469665.47626606,473722.754667707,491785.443895325,494203.732459416,513387.368218605,522793.207348713
"295","MINISTERIO SECRETARIA GRAL. DE GOBIERNO","Santiago",1,"TEATINOS 20 OF.47",245,3,160,"SA","245_SA_3",452315.002677053,469790.259427441,475557.230099547,503582.326303987,496694.291266401,514401.133773328,523874.13300831
"296","MINISTERIO SECRETARIA GRAL. DE GOBIERNO","Santiago",1,"ALAMEDA 886 PISO 2 ALA NORTE",384,5,240,"SA","384_SA_5",452315.002677053,469790.259427441,475557.230099547,503582.326303987,496694.291266401,514401.133773328,523874.13300831
"297","MINISTERIO SECRETARIA GRAL. DE GOBIERNO","Santiago",1,"PALACIO MONEDA  P 4 DUPLICACION",323,4,120,"SA","323_SA_4",452315.002677053,469790.259427441,475557.230099547,503582.326303987,496694.291266401,514401.133773328,523874.13300831
"298","MITSUI TRADING AND SERVICE LTDA.","Las Condes",3,"AV ANDRES BELLO 2711 P 11",246,3,100,"LC","246_LC_3",452854.462049802,470002.881754882,475656.561412553,505477.549821143,498449.389975297,520979.107201172,524028.686207182
"299","MMRR.EE.DIR.RELAC.ECONOM.INTERNC","Santiago",1,"TEATINOS 20 P.9 PRO CHILE OF. 91",247,3,90,"SA","247_SA_3",453160.662481112,471432.344072653,476247.098401859,506417.319816047,498919.351420372,527661.524965369,530575.993929984
"300","MONTRONE PLA S.A.","Santiago",1,"SANTA R0SA 2055 P 3 RRHH",74,1,60,"SA","74_SA_1",453882.672981764,471610.106137405,476382.014236448,507535.232336073,500602.145840391,528955.569099901,535075.966584855
"301","MOP DIRECCION GENERAL","Santiago",1,"MORANDE 59 P10  DIR.ARQUITEC.OF.1015",75,1,75,"SA","75_SA_1",454378.325477755,471662.180091064,476821.196192457,508582.918782039,505268.475120899,530324.659017749,541525.510100255
"302","MOP DIRECCION GENERAL","Santiago",1,"MORANDE 59 P 7 OF. DE PARTES",174,2,360,"SA","174_SA_2",454378.325477755,471662.180091064,476821.196192457,508582.918782039,505268.475120899,530324.659017749,541525.510100255
"303","MOP DIRECCION GENERAL","Santiago",1,"MORANDE 59 P 10 EDIF.PUBLICA OF.1001",173,2,55,"SA","173_SA_2",454378.325477755,471662.180091064,476821.196192457,508582.918782039,505268.475120899,530324.659017749,541525.510100255
"304","MOP DIRECCION GENERAL","Santiago",1,"BOMBERO SALAS 1351 P 7",175,2,90,"SA","175_SA_2",454378.325477755,471662.180091064,476821.196192457,508582.918782039,505268.475120899,530324.659017749,541525.510100255
"305","MOP DIRECCION GENERAL","Santiago",1,"MORANDE 59  P4  (FISCALIA)",385,5,60,"SA","385_SA_5",454378.325477755,471662.180091064,476821.196192457,508582.918782039,505268.475120899,530324.659017749,541525.510100255
"306","MULTINEGOCIOS S.A.","Santiago",1,"AGUSTINAS 785 P.9",248,3,60,"SA","248_SA_3",454854.465642331,472794.398676206,477594.003753304,508627.341767568,505485.509813571,533488.40524482,544701.678570274
"307","MUTUAL DE SEGURIDAD C CH. C","Santiago",1,"ALAMEDA 4848  HOLL",176,2,90,"SA","176_SA_2",455301.859470593,473036.910431934,477958.598972319,508752.022877108,507981.096143013,534785.906852032,545599.432357752
"308","MUTUALIDAD DEL EJERCITO Y AVIACION","Providencia",2,"AV. 11 DE SEPTIEMBRE 2336 P.2",177,2,50,"PR","177_PR_2",456000.639834467,473916.177687562,479378.002399051,509612.131432236,509560.733836811,536649.100703395,548590.046798096
"309","NCR CHILE LTDA.","Santiago",1,"MIRAFLORES 383 P.17",249,3,75,"SA","249_SA_3",456083.78667693,475221.877285294,480243.428999068,509736.09794676,512680.873650446,538364.055615467,551616.874342829
"310","NETCO LTDA.","Santiago",1,"EJERCITO LIBERTADOR 146 SALA MULTIUSO",76,1,100,"SA","76_SA_1",456190.262881482,475662.400816181,480710.95478979,510690.571696213,526818.993776835,538709.784867514,555101.427298695
"311","NOTARIA PATRICIO RABY BENAVENTE","Santiago",1,"MONEDA 920 P 2 OF 205",250,3,60,"SA","250_SA_3",456596.402663832,477430.293296306,482350.69809066,510737.568743094,528447.815719645,544755.760855385,562716.237313704
"312","NOTARIA PATRICIO RABY BENAVENTE","Santiago",1,"MONEDA 920 P 2 OF 205",77,1,120,"SA","77_SA_1",456596.402663832,477430.293296306,482350.69809066,510737.568743094,528447.815719645,544755.760855385,562716.237313704
"313","NOVARTIS CHILE S.A.","óu“oa",5,"FRANCISCO MENESES 1980",178,2,20,"NU","178_NU_2",456632.384265139,477507.047691495,483678.953249551,510781.078019405,529790.452277696,545216.932724434,565382.728987701
"314","OLIMPIA  SCHNEIDER MOENNE-LOCCOZ","Santiago",1,"HUERFANOS 1055 LOCAL 328",324,4,130,"SA","324_SA_4",456873.26271469,477570.841889311,483935.653466785,512417.040664675,531722.879737227,550443.294496053,568739.703332867
"315","PARIS CORREDORES DE SEGUROS LTDA.","Providencia",2,"RICARDO LYON 222 P9 OF 901",325,4,180,"PR","325_PR_4",457701.866162938,478741.369790321,484390.611548601,515762.753425925,533048.046794295,554939.880936668,569131.994772039
"316","PATINO SABAG EDUARDO","Santiago",1,"COMPA?IA 1390 OF. 909",386,5,90,"SA","386_SA_5",457703.919711546,481420.158456948,486517.295479641,517252.582450022,533891.20491501,557789.152675538,569171.954875014
"317","PATRONATO NAC. DE LA INFANCIA","Providencia",2,"PEDRO DE VALDIVIA 844",179,2,100,"PR","179_PR_2",458472.59922845,481914.289983765,491685.012264064,517362.127791638,536110.793464011,558225.948701122,574035.379581348
"318","PCS-CORP","Providencia",2,"11 DE SEPTIEMBRE 2155 OF. 903, TORRE A",251,3,60,"PR","251_PR_3",458889.971391805,482016.365296306,494282.826892138,518599.197796277,537606.56112626,559176.049175945,580338.269330025
"319","PIRELLI NEUMATICOS","Las Condes",3,"AV. NVA TAJAMAR 555  OF 302",180,2,60,"LC","180_LC_2",459919.752583593,483579.568773569,494951.163656135,518838.968859145,538858.182675528,559327.035537941,581769.347189061
"320","PONTIFICIA UNIVERSIDAD CATOLICA","Santiago",1,"LIRA 41 DPTO 5    (130)",326,4,1,"SA","326_SA_4",461062.915336273,483798.13470764,495094.145383661,520117.942317981,540365.223714601,562430.193583957,584504.684339759
"321","PONTIFICIA UNIVERSIDAD CATOLICA","Santiago",1,"EL COMENDADOR 1946 ADM.CAMPUS LO CONTADO",78,1,60,"SA","78_SA_1",461062.915336273,483798.13470764,495094.145383661,520117.942317981,540365.223714601,562430.193583957,584504.684339759
"322","PONTIFICIA UNIVERSIDAD CATOLICA","Santiago",1,"MARCOLETA 345 P 2 B. SANGRE (320)",79,1,100,"SA","79_SA_1",461062.915336273,483798.13470764,495094.145383661,520117.942317981,540365.223714601,562430.193583957,584504.684339759
"323","PONTIFICIA UNIVERSIDAD CATOLICA","Las Condes",3,"MALL ALTO LAS CONDES LOCAL 1106",181,2,120,"LC","181_LC_2",461062.915336273,483798.13470764,495094.145383661,520117.942317981,540365.223714601,562430.193583957,584504.684339759
"324","PONTIFICIA UNIVERSIDAD CATOLICA","Santiago",1,"MARCOLETA 352  SALUD PUBLICA P1(670)",252,3,55,"SA","252_SA_3",461062.915336273,483798.13470764,495094.145383661,520117.942317981,540365.223714601,562430.193583957,584504.684339759
"325","PORTA SYSTEMS CHILE","Santiago",1,"LIVINGSTONE 72",387,5,90,"SA","387_SA_5",462109.478304544,486540.611594459,495212.55459639,524361.922245541,542235.163402884,562780.724604224,591766.350449964
"326","PRECISION HISPANA","Santiago",1,"EJERCITO 521 PISO 2",80,1,90,"SA","80_SA_1",462443.427398392,487374.734440956,496247.975739011,526264.851367622,542290.435565573,566034.238870801,594343.178592723
"327","PREFECTURA CARABINEROS SANTIAGO CENTRO","Santiago",1,"STO DOMINGO 714 1 COMIS STGO",81,1,60,"SA","81_SA_1",462593.758617905,490168.956978677,496604.774878261,526289.305030595,543597.152128704,568954.590931608,600644.493187004
"328","PRESIDENCIA DE LA REPUBLICA","Santiago",1,"NUEVA YORK 9 PISO 17",388,5,60,"SA","388_SA_5",462922.178762054,490506.906533064,497419.896593183,526381.653932423,543700.800089187,569965.525559025,605978.969425846
"329","PROCESOS INTEGRALES VIVACOOP S.A.","Santiago",1,"AHUMADA 341 PISO 6",389,5,90,"SA","389_SA_5",463170.169601303,491082.116773831,497566.772748029,528551.863880699,543730.535026504,577317.441520354,616177.413365898
"330","PROCESOS INTEGRALES VIVACOOP S.A.","Santiago",1,"AHUMADA 341 PISO 6",253,3,60,"SA","253_SA_3",463170.169601303,491082.116773831,497566.772748029,528551.863880699,543730.535026504,577317.441520354,616177.413365898
"331","PROSPECTA S.A.","Vitacura",4,"VITACURA 2736 P-18",82,1,30,"VI","82_VI_1",463357.382318193,493059.152515146,497708.373728024,528653.370011307,544043.635740988,580204.883334682,616624.580087384
"332","PUBLICITARIA SUTIL Y ASOCIADOS S.A","Las Condes",3,"SAN SEBASTIAN 2909 OF 101",390,5,180,"LC","390_LC_5",464360.116013342,493182.33234649,502946.366125107,529063.674927746,544397.472312549,584356.684300773,623532.690655176
"333","RED DE TELEVISION CHILEVISION S. A.","Providencia",2,"INES MATTE URREJOLA 0825",255,3,150,"PR","255_PR_3",465515.534422658,494838.176080549,506724.949562145,529866.787100647,545842.139963591,592328.156000895,631022.248055669
"334","RED DE TELEVISION CHILEVISION S. A.","Providencia",2,"INES MATTE URREJOLA 0825",254,3,60,"PR","254_PR_3",465515.534422658,494838.176080549,506724.949562145,529866.787100647,545842.139963591,592328.156000895,631022.248055669
"335","RENE WIEGAND KOCH Y CIA LTDA","Providencia",2,"PIO NONO 1  PISO 4 FAC.DERECHO",256,3,90,"PR","256_PR_3",465764.986102078,495119.151861188,507388.499436672,535626.414127464,547509.656114252,595421.081577672,632031.250683461
"336","ROENSA S.A.","Santiago",1,"NATANIEL COX 1481",257,3,5,"SA","257_SA_3",466399.014884309,497007.758082012,511008.616573884,537191.938718517,548625.703263452,597857.039909838,632934.763701476
"337","RUIZ RUIZ ANGEL GASPAR","Santiago",1,"MIRAFLORES 211",258,3,120,"SA","258_SA_3",466655.759123276,497112.191885336,511072.753863732,538976.625404119,550088.891922805,601590.713118737,634054.298083029
"338","RUIZ RUIZ ANGEL GASPAR","Santiago",1,"MIRAFLORES 211",83,1,240,"SA","83_SA_1",466655.759123276,497112.191885336,511072.753863732,538976.625404119,550088.891922805,601590.713118737,634054.298083029
"339","S.A.C.I. FALABELLA","Santiago",1,"ROSAS 1665 P.2 GCIA. ADM. Y FINANZAS",327,4,120,"SA","327_SA_4",468225.497576271,497442.421353729,511157.606359545,542215.293670129,550621.101943938,604393.858675707,637252.455406155
"340","SAC  CHILE S.A.","Las Condes",3,"SAN SEBASTIAN 2839",84,1,15,"LC","84_LC_1",468654.212431406,497750.224676357,512645.052046019,542284.051544544,555645.947857595,606387.965070964,637712.543735153
"341","SALCOBRAND S.A.","Providencia",2,"COYANCURA  2283  OF. 1502",85,1,70,"PR","85_PR_1",471037.950668047,498240.248698188,514174.419429056,544049.825264685,556222.456051159,607588.311998802,643172.042533193
"342","SALVI HERMANOS LTDA.","Providencia",2,"MANUEL MONTT 844",86,1,90,"PR","86_PR_1",471288.370344502,501499.081273585,516417.124593017,544667.259267739,557511.794635263,610745.984360878,647059.418156538
"343","SANHUEZA VALLADARES CARLOS","Santiago",1,"HUERFANOS 1294 OF 21",259,3,110,"SA","259_SA_3",472409.085009275,502447.434636292,516858.374089042,544739.156320811,559939.952442638,619673.136786214,652048.445924848
"344","SANTANDER GESTION DE RECAUD. Y COB. LTDA","Santiago",1,"MONEDA 856 PISO 5 OF. 502",260,3,120,"SA","260_SA_3",472825.136541526,502651.69707894,518969.36380004,548479.845214473,560181.880225419,624188.404624006,653340.106772966
"345","SEC.REG.M.DE BIENES NAC.P.S.TIT.","Santiago",1,"JUAN ANTONIO RIOS 6 P.5 DECRET",261,3,90,"SA","261_SA_3",474001.987090494,504400.079420036,519539.2569607,548952.043466641,561147.248028987,630381.722773185,656482.098743565
"346","SEC.REG.MINST.DE TRASP.Y TELECOM","Santiago",1,"AMUNATEGUI 139 PISO 9",87,1,60,"SA","87_SA_1",475904.617047184,506336.826015323,520134.11004171,551937.590259297,561836.694858882,630931.288845225,667572.583303572
"347","SEC.REG.MINST.DE TRASP.Y TELECOM","Santiago",1,"AMUNATEGUI 139 PISO 2 BIBLIOTECA",262,3,120,"SA","262_SA_3",475904.617047184,506336.826015323,520134.11004171,551937.590259297,561836.694858882,630931.288845225,667572.583303572
"348","SEGURIDAD Y  TELECOMUNICACIONES S.A.","Las Condes",3,"LAS CONDES 7300",88,1,120,"LC","88_LC_1",476092.288831104,506737.9654392,522542.728831512,553160.58304117,566264.461254423,631374.385291784,677373.969910951
"349","SEGUROS SECURITY PREVISION GENERALES S.A","Las Condes",3,"HENDAYA 60 PISO 6 OF.601",328,4,120,"LC","328_LC_4",476673.024764272,507421.682750655,524315.387281831,553351.037086648,571783.2570409,632793.158255564,680168.219490685
"350","SEGUROS SECURITY PREVISION GENERALES S.A","Las Condes",3,"HENDAYA 60 P7",329,4,90,"LC","329_LC_4",476673.024764272,507421.682750655,524315.387281831,553351.037086648,571783.2570409,632793.158255564,680168.219490685
"351","SEGUROS VIDA SECURITY PREVISION S.A.","Las Condes",3,"HENDAYA 60 PISO 7 CASA MATRIZ",182,2,60,"LC","182_LC_2",477979.161650707,508049.170959714,525411.552758585,554641.114861135,580131.870793976,637035.542116401,683862.306094768
"352","SEGURY CORP S.A.","óu“oa",5,"SUCRE 1828",183,2,20,"NU","183_NU_2",478300.246601639,509557.425026477,525919.468867224,555399.645634866,581885.810335732,637054.254928091,684941.382652748
"353","SENADO DE LA REPUBLICA","Santiago",1,"SAN MARTIN 32 P.2",263,3,60,"SA","263_SA_3",479467.54054986,510578.174851429,530362.624974749,560626.761608235,593473.307990163,639294.495075749,689248.630555439
"354","SENADO DE LA REPUBLICA","Santiago",1,"SAN MARTIN 32 P.2",184,2,15,"SA","184_SA_2",479467.54054986,510578.174851429,530362.624974749,560626.761608235,593473.307990163,639294.495075749,689248.630555439
"355","SER.DE RG.CIVIL E IDENTIFICACION","Santiago",1,"CATEDRAL 1772 PISO 6 PRESUPUESTO",185,2,35,"SA","185_SA_2",479688.951682309,510994.579701684,535070.202242786,566012.099736522,602090.307371353,644131.408146097,692813.081825668
"356","SER.DE RG.CIVIL E IDENTIFICACION","Santiago",1,"CATEDRAL 1772 P.4",331,4,160,"SA","331_SA_4",479688.951682309,510994.579701684,535070.202242786,566012.099736522,602090.307371353,644131.408146097,692813.081825668
"357","SER.DE RG.CIVIL E IDENTIFICACION","Santiago",1,"HUERFANOS 1570 P3 DIR REGIONAL",330,4,120,"SA","330_SA_4",479688.951682309,510994.579701684,535070.202242786,566012.099736522,602090.307371353,644131.408146097,692813.081825668
"358","SERV. INTEGRALES DE COMERCIO EXTERIOR LT","Santiago",1,"MONJITAS 392 P 11 OF 1103",264,3,65,"SA","264_SA_3",481307.133356921,512224.059935272,537004.04621404,568350.409930986,605641.148679655,646514.350880308,698242.060270839
"359","SERV.DE CORRESPONDENCIA ENVIA LTDA","Providencia",2,"CALLE BARROS ERRAZURIZ 1954 OF.1602",186,2,120,"PR","186_PR_2",481463.503082364,512885.011465942,537084.767458693,571191.339280746,605767.732327064,653146.790188056,698808.659632416
"360","SERVICIO DE IMPUESTOS INTERNOS","Santiago",1,"TEATINOS 120 SUBTERRANEO",187,2,210,"SA","187_SA_2",482664.108698695,515904.247798821,543871.387116762,574826.162269153,606265.142578756,662542.797814119,698992.863921866
"361","SERVICIOS DE ADMIN. PREVISIONALES S.A.","Providencia",2,"MARCHANT PEREIRA 10  P.16",89,1,70,"PR","89_PR_1",484379.240360187,519927.767724134,544938.870062649,577202.628252572,609753.934139184,663656.083081622,703260.939807257
"362","SERVICIOS DE CONTROL DE CREDITOS S.A.","Santiago",1,"MONJITAS 550 P2 OF 7",90,1,90,"SA","90_SA_1",484503.351326051,524797.839496807,546137.418270431,577731.103051271,620604.935047137,675671.388203032,706603.408746833
"363","SERVICIOS DE INGENIERIA LTDA.","Las Condes",3,"AV VITACURA  2771 OF 1101 B",391,5,75,"LC","391_LC_5",485163.634130291,525278.30025877,546298.48686505,581290.603136498,621349.854523423,678054.013878604,724102.653643864
"364","SERVICIOS GENERALES LTDA.","Providencia",2,"AV. RICARDO LYON 1177 CENTRAL",393,5,150,"PR","393_PR_5",485236.592921816,526066.978923053,547218.50431188,584350.035224167,621614.115056721,683325.6839295,725045.11334335
"365","SERVICIOS GENERALES LTDA.","Providencia",2,"LADISLAO ERRAZURIZ 2121",91,1,120,"PR","91_PR_1",485236.592921816,526066.978923053,547218.50431188,584350.035224167,621614.115056721,683325.6839295,725045.11334335
"366","SERVICIOS GENERALES LTDA.","Providencia",2,"AV. RICARDO LYON 1177 CENTRO D.",392,5,35,"PR","392_PR_5",485236.592921816,526066.978923053,547218.50431188,584350.035224167,621614.115056721,683325.6839295,725045.11334335
"367","SERVICIOS GRAFICOS JCV S.A.","Vitacura",4,"VITACURA 2653 B",188,2,100,"VI","188_VI_2",486683.820682158,526087.046831257,547738.561837577,594301.134226487,626704.191751238,683677.557872033,728966.621595447
"368","SHELL CHILE S.A.C.E.I.","Providencia",2,"CARLOS ANTUNEZ 2490",332,4,120,"PR","332_PR_4",486685.796252772,528201.051066255,557339.950062904,604201.367077601,626823.281352147,686653.379859305,729769.637049219
"369","SIEMENS S.A.","Providencia",2,"AV HOLANDA 64",265,3,100,"PR","265_PR_3",493307.037995416,529267.05384092,557455.641876178,609353.704530964,629817.885511354,689849.908563912,734001.575364786
"370","SOC FORESTAL LOS ESTEROS LTDA","Santiago",1,"COMPANIA 1068  OF 607",92,1,60,"SA","92_SA_1",494079.209743558,534904.554747097,559016.509540864,611179.778901078,630410.462388829,698217.844969654,737318.465922602
"371","SOC.AGRIC.ABOUGHAZALEH HNOS.LTDA.","Vitacura",4,"AV LUIS  PASTEUR  5842  OF. 400",333,4,90,"VI","333_VI_4",497729.181395386,535446.487178355,561447.172671013,611873.565593231,632837.476866761,699479.774585069,738232.32570175
"372","SOC.INMOBILIARIA SAN CRISTOBAL","Providencia",2,"AV.STA. MARIA 1742 INGENIERIA",394,5,75,"PR","394_PR_5",497766.087548731,538027.712984194,566237.038012446,614638.691378353,637897.119591893,701012.694904137,753756.87124837
"373","SOCIEDAD CONSTRUCTORA ELECTRICA LTDA.","Santiago",1,"HUERFANOS  1178 OF 509",93,1,90,"SA","93_SA_1",498171.135451111,538539.037392018,566431.837674202,620957.380429962,649409.605828898,701776.566241872,760543.73188128
"374","SODEXHO CHILE S.A.","óu“oa",5,"WILLIAMS REBOLLEDO 1799  P.2.EDIF NUEVO",94,1,160,"NU","94_NU_1",499339.699164719,539900.057757412,569977.59670303,650569.417937018,649836.293780274,723342.246906471,780368.684129523
"375","SONDA S.A.","Santiago",1,"TEATINOS 500 P.8",95,1,140,"SA","95_SA_1",499388.015094358,541130.135907899,582490.455349034,658537.417182259,656185.536785857,728359.832154117,782980.923002595
"376","SOUTH EXPRESS CARGO S.A.","Santiago",1,"SOTERO DEL RIO 508 OF 1027",334,4,30,"SA","334_SA_4",501701.84532958,546487.624325665,588039.405164495,668366.58132523,674384.293541862,732356.88958466,813216.687072568
"377","STECK Y CIA. LTDA.","Vitacura",4,"BUENAVENTURA 1770 L.6",96,1,50,"VI","96_VI_1",502101.552646779,547720.409905938,588771.651491911,671633.888235034,680679.915430443,741174.699885771,821570.942644021
"378","STUEDEMANN S.A.","Providencia",2,"CONDELL 303 STUDIO PRINT",98,1,10,"PR","98_PR_1",505469.012624758,549319.320414666,590223.240853581,671793.570218669,685073.155683011,746561.84724097,824938.671482741
"379","STUEDEMANN S.A.","Providencia",2,"CONDELL 303 STUDIOPRINT",97,1,20,"PR","97_PR_1",505469.012624758,549319.320414666,590223.240853581,671793.570218669,685073.155683011,746561.84724097,824938.671482741
"380","SUP.DE ADMNST.FDOS.DE PENSIONES","Santiago",1,"HUERFANOS 1273 P.14",335,4,30,"SA","335_SA_4",505481.397833782,552774.248787481,592146.28572486,672006.85786081,708839.420118577,748587.973237397,830458.152576158
"381","SUPERINT DE INSTIT DE SALUD PREVISIONAL","Santiago",1,"MAC IVER 225 P 3",266,3,80,"SA","266_SA_3",505908.575941606,557351.470721123,593253.255917205,676448.269021647,717695.985773005,759368.027562679,835283.367930055
"382","SUPERINTENDENCIA DE ELECTRICIDAD Y COMBU","Santiago",1,"AMUNATEGUI 58 P.5",99,1,75,"SA","99_SA_1",510323.838085244,558230.515706576,598983.190640525,676721.126367935,720665.755386772,781970.978785907,840447.104204376
"383","SUPERMERCADO VESPUCIO SUR LTDA.","óu“oa",5,"A.VESPUCIO SUR 881 OF. DE COMPRAS",267,3,50,"NU","267_NU_3",510665.726928404,561920.675542225,601125.441299919,701143.077357505,722347.116592305,783019.511143537,853999.17494131
"384","SUPERMERCADOS UNIMARC S.A.","Vitacura",4,"AV SANTA MARIA 6940 LIBRERIA",336,4,240,"VI","336_VI_4",514685.801203162,562684.775850651,603294.629411307,707499.004904706,730696.215931172,792106.994155678,860103.14272057
"385","TECNA-VAL","Providencia",2,"BARROS BORGONO 255",337,4,1,"PR","337_PR_4",516534.500782046,563176.053847306,611270.613279838,712127.905546986,736040.566861258,830001.22871037,905534.787595915
"386","TRANSBANK S.A.","Santiago",1,"HUERFANOS 770 P8",395,5,90,"SA","395_SA_5",519962.635940957,572463.548287684,612523.22609729,714915.705554766,767208.828995252,832722.450524785,922215.111462291
"387","TRANSBANK S.A.","Santiago",1,"HUERFANOS 770 P 11 GCIA.GRAL.",338,4,60,"SA","338_SA_4",519962.635940957,572463.548287684,612523.22609729,714915.705554766,767208.828995252,832722.450524785,922215.111462291
"388","TUR BUS LTDA.","Santiago",1,"RUIZ TAGLE 220 P.1 AT CLIENTES",396,5,60,"SA","396_SA_5",525772.117747544,573166.418896728,613723.905888512,715936.799164773,767990.212311705,881691.792792638,932029.191672072
"389","TUR BUS LTDA.","Santiago",1,"DOLORES 800  OPERACIONES P.2",397,5,10,"SA","397_SA_5",525772.117747544,573166.418896728,613723.905888512,715936.799164773,767990.212311705,881691.792792638,932029.191672072
"390","UNIVERSIDAD CENTRAL","Santiago",1,"TOESCA 1783 METRO TOESCA P 1",268,3,90,"SA","268_SA_3",530782.532295837,579710.302740084,616316.392583001,741820.173581876,794457.08991533,883520.104021921,967350.517068692
"391","UNIVERSIDAD DE CHILE","óu“oa",5,"IGNACIO CARRERA PINTO 1045 CENTRAL APUNT",398,5,150,"NU","398_NU_5",531415.683986415,596830.508703326,621896.692526408,749619.617132713,803488.591518216,896276.023636097,979169.239428795
"392","UNIVERSIDAD DE CHILE","Santiago",1,"PLAZA ERCILLA 883 OF.PARTES",340,4,60,"SA","340_SA_4",531415.683986415,596830.508703326,621896.692526408,749619.617132713,803488.591518216,896276.023636097,979169.239428795
"393","UNIVERSIDAD DE CHILE","Santiago",1,"DIAGONAL PARAGUAY 257-PISO 1",339,4,140,"SA","339_SA_4",531415.683986415,596830.508703326,621896.692526408,749619.617132713,803488.591518216,896276.023636097,979169.239428795
"394","UNIVERSIDAD DE CHILE","Providencia",2,"PIO NONO NRO.1",189,2,80,"PR","189_PR_2",531415.683986415,596830.508703326,621896.692526408,749619.617132713,803488.591518216,896276.023636097,979169.239428795
"395","UNIVERSIDAD DE LA REPUBLICA","Santiago",1,"AGUSTINAS 1831 -CENTRAL DE APUNTES",399,5,60,"SA","399_SA_5",535975.826279001,607606.088730462,639791.47035332,754389.34142119,811337.9712857,912913.453102685,1004898.55115709
"396","UNIVERSIDAD DE LA REPUBLICA","Santiago",1,"AGUSTINAS 1831",190,2,30,"SA","190_SA_2",535975.826279001,607606.088730462,639791.47035332,754389.34142119,811337.9712857,912913.453102685,1004898.55115709
"397","UNIVERSIDAD FINIS TERRAE","Providencia",2,"AV. PEDRO DE VALDIVIA 1543",100,1,60,"PR","100_PR_1",537773.86108732,613641.59834012,643660.709292737,757329.619078078,830858.301551219,925301.548693457,1007853.65791239
"398","UNIVERSIDAD TECNICA METROPOLITANA","Santiago",1,"VIDAURRE 1550 P/4 COMPUTACION",269,3,40,"SA","269_SA_3",543280.484547409,622539.823101679,646644.252609509,770593.791959862,883596.846644336,928098.147997609,1036937.66197258
"399","VM.ICA SISTEMAS Y TECNOLOGIA LTDA.","Providencia",2,"FIDEL OTEIZA 1916 OF.1001",400,5,45,"PR","400_PR_5",548391.621144927,641752.634520575,668327.527931221,776037.794264767,886423.230535028,951370.350979778,1052213.70271452
"400","WARNER MUSIC CHILE S.A.","Providencia",2,"AV. POCURO 2262",270,3,75,"PR","270_PR_3",553683.958406242,763848.441813789,736549.211671851,925897.451517701,942712.388126029,1541758.09155584,1522968.17982147
